name,longitude,latitude
SPX Express Seller Zhongnan,106.93175,-6.153052
SPX Express Seller Cermin House,112.672426,-7.24812
SPX Express Seller Apeka,110.3425,-7.00532
SPX Express Seller Babyes,112.69575,-7.241056
SPX Express Seller Wardah,111.913682,-7.562539
SPX Express Seller Raja Karpet Indonesia Official Store,106.4489,-6.2017
SPX Express NSS Ziqo,106.716388,-6.225667
SPX Express Seller Winda Pradita,112.77656,-7.241294
SPX Express Seller Ruko Tissue,106.914564,-6.302238
SPX Express Seller BEAUTY TALK OFFICIAL,112.719601,-7.396696
SPX Express Seller Mallvose,109.550154,-6.887001
Pogalan First Mile Hub,111.772195,-8.112768
Pakel First Mile Hub,111.786609,-8.185578
Ngajum First Mile Hub,112.57791,-8.108381
Dongko First Mile Hub,111.572401,-8.189711
Tanjung Bintang 2 Hub,105.413873,-5.356186
Semarang 3 Hub,110.398778,-6.98075
Samarang 2 Hub,107.81394,-7.22274
Ngajum Hub,112.57791,-8.108381
Cibungbulang 2 Hub,106.647972,-6.574694
Cibitung Kab Pandeglang Hub,105.699692,-6.766439
Ciampea 4 Hub,106.691712,-6.559008
Belopa 2 Hub,120.367293,-3.401217
SPX Express Seller rifanyhijab Suci,107.67141,-6.947203
SPX Express Seller MILMODE,106.814221,-6.157736
SPX Express Seller Distributor Perabot,106.984225,-6.387813
SPX Express Seller Yoboo Official Shop,106.588227,-6.209728
SPX Express Seller HOHO_HWANG,106.682372,-6.209132
SPX Express Seller olshopbeauty77,106.699491,-6.096383
SPX Express Seller Omron Official Shop,106.847531,-6.356319
SPX Express Seller Buttonscarves Official Shop,106.914937,-6.196694
SPX Express Seller GUKOO Official Store,106.804257,-6.16822
SPX Express Seller Toko Hoki 87,106.772557,-6.131716
SPX Express Seller Aoki Official Shop,106.94521,-6.165833
SPX Express Seller Livi Beauty House,114.601213,-3.294742
SPX Express Seller Feliz.Kosmetik,114.589759,-3.323102
SPX Express Seller Wiselie Official Shop,106.724138,-6.229667
SPX Express Seller Noera By Reisha Official Shop,107.529756,-7.029856
SPX Express Seller bubidu babyshop,106.746968,-6.17605
SPX Express Seller BUN Pusat Bahan Bangunan,106.534706,-6.310219
SPX Express Seller Citra Grosir Sby,112.694816,-7.252172
SPX Express Seller CoffeeBagStore,106.860253,-6.518632
SPX Express Seller Warna daleman,106.70266,-6.384137
SPX Express Seller CHINGYEN13,106.719096,-6.134658
SPX Express Seller TAKASHI,106.724429,-6.187217
SPX Express Seller Best Acc,106.915419,-6.183246
SPX Express Seller Ratu Grosir,106.775809,-6.116365
SPX Express Seller Benih Seribuan Official Store,110.595327,-7.577247
SPX Express Seller Tiebymin Official Shop,106.811967,-6.344743
SPX Express Seller Mireya Cosmetics Official Shop,106.659654,-6.376722
SPX Express Seller P&F Fashion,106.792524,-6.146667
SPX Express Seller Sadika_Olshop,107.014886,-6.181522
SPX Express Seller Bravhom Official Store,107.01771,-6.413109
SPX Express Seller jam tangan MAIYU,106.823911,-6.572995
SPX Express Seller BnB Skincare.,106.53638,-6.223208
SPX Express Seller Mawise Motor Parts,112.777491,-7.342501
SPX Express Seller BINTARA STORE,106.957567,-6.226099
SPX Express Seller rizalsportgrosir,108.169923,-7.244562
SPX Express Seller zandila_store,106.813052,-6.418815
SPX Express Seller ZALSA Pride Store,106.782617,-6.610048
SPX Express Seller ASL Shop,106.818761,-6.440003
SPX Express Seller TAIYO SHOP INDO,107.607957,-6.936336
SPX Express Seller jusshop,106.80334,-6.168308
SPX Express Seller Satu Keluarga Official Shop,106.677996,-6.076462
SPX Express Seller SANIYE Official Shop,106.681203,-6.138612
SPX Express Seller CKK OFFICIAL,106.622865,-6.250346
SPX Express Seller Mcdodo Official Shop,106.803982,-6.168648
SPX Express Seller ARDENLEON Official Shop,106.706539,-6.131502
SPX Express Seller ONLYOU.,106.719421,-6.105915
SPX Express Seller Jaya makmur 2,112.551799,-7.253947
SPX Express Seller Murah Dot Kom,106.807196,-6.168115
SPX Express Seller Etawalin Distributor,106.914975,-6.146415
SPX Express Seller PAKELO,106.61715,-6.201025
SPX Express Seller Bocyn Bag,107.673325,-6.930671
SPX Express Seller SKIN1004 Indonesia Official,106.93464,-6.110737
SPX Express Seller nakenshop2,112.533067,-7.199016
SPX Express Seller Baellerry Indonesia Official Shop,106.708581,-6.140297
SPX Express Seller KIA store09,106.772183,-6.220814
SPX Express Seller TANAH ABANG TUM,106.790547,-6.321335
SPX Express Seller ADRIELLA VARIASI MOTOR,106.823624,-6.155631
SPX Express Seller Mc automotive,106.825101,-6.154801
SPX Express Seller OLSHOP VARIASI MTR,106.822552,-6.152946
SPX Express Seller Aquapro Official Shop,106.721116,-6.114951
SPX Express Seller Decathlon Official Shop,106.784107,-6.269492
SPX Express Seller Ayunabella JKT,106.776476,-6.208489
SPX Express Seller PRELOVED IMPORT,106.799195,-6.171981
SPX Express Seller Honda Cengkareng Official Shop,106.617391,-6.201225
SPX Express Seller Babeebabyshop Official Shop,106.712762,-6.190657
SPX Express Seller Toko Mitra Abadi Official,106.823455,-6.157225
SPX Express Seller 7evenshop Official Shop,106.804729,-6.169524
SPX Express Seller Rose All Day Cosmetics Official Shop,106.858057,-6.368187
SPX Express Seller Mecca_hijabku,106.775942,-6.195291
SPX Express Seller Blessing Mask Official Store,106.784737,-6.171947
SPX Express Seller ROLIO GROSIR,106.679023,-6.081505
SPX Express Seller JV ACC,106.70704,-6.131981
SPX Express Seller Safiya Official Store,106.732318,-6.196371
SPX Express Seller Bening Official,112.563408,-7.050196
SPX Express Seller Jessen Baby Shop,106.830161,-6.151446
SPX Express Seller plazaremote,106.819913,-6.153423
SPX Express Seller SZ-RUAMH MALL,106.682699,-6.079416
SPX Express Seller JD.FASHION,106.808667,-6.146685
SPX Express Seller beautybooth,106.773317,-6.131798
SPX Express Seller CaselisID,106.51427,-6.220657
SPX Express Seller Hasanah. Net,106.678039,-6.077148
SPX Express Seller sscjayashop,112.751994,-7.350968
SPX Express Seller Rightbox.id Official Shop,106.975211,-6.273926
SPX Express Seller distributor.cream.ori,106.874272,-6.161484
SPX Express Seller davecolection95,106.823264,-6.156193
SPX Express Seller JJSSHOP,106.947842,-6.195236
SPX Express Seller Playboy Store,106.767694,-6.175037
SPX Express Seller Dobujack Official Shop,107.683448,-6.916986
SPX Express Seller hawaisembiring,107.466731,-7.082478
SPX Express Seller Javinci Official Shop,106.744543,-6.190409
SPX Express Seller Basike Official Shop,106.749553,-6.128084
SPX Express Seller SW_shop1817,112.413847,-7.525028
SPX Express Seller Wardah Official Shop,98.813741,3.535791
SPX Express Seller Somura Mart,106.612858,-6.244092
SPX Express Seller Chiniago Watch,106.76096,-6.130919
SPX Express Seller lionstarvariasi,106.821432,-6.157867
SPX Express Seller RAYYANZ HIJAB,106.772416,-6.223796
SPX Express Seller wivios,104.762219,-2.931793
SPX Express Seller Murahmurah.banget,106.719509,-6.243906
SPX Express Seller Facetology Official Shop,106.617478,-6.154445
SPX Express Seller Duta Grosir Baju,106.9063,-6.26884
SPX Express Seller Honey Wear Official Shop,106.796408,-6.141239
SPX Express Seller mettayunitahomemade,106.746631,-6.145077
SPX Express Seller Cassandra Kosmetik,104.78282,-2.943905
SPX Express Seller Vaya Madelon Official Shop,106.764836,-6.182683
SPX Express Seller BEVERRA OFFICIAL STORE,106.70301,-6.192199
SPX Express Seller LanmeJewelry,106.699914,-6.194006
SPX Express Seller Biotalk Official Shop,106.774437,-6.188907
SPX Express Seller Berryman_shop,112.754269,-7.396458
SPX Express Seller makaroni.sos,112.603659,-7.38071
SPX Express Seller saylendra galery,112.60471,-7.413972
SPX Express Seller Tukungenebos,106.680036,-6.082917
SPX Express Seller hellobrandholic,108.533529,-6.723132
SPX Express Seller Les Catino.Indonesia,106.854472,-6.432498
SPX Express Seller DiniJay96,112.47407,-7.496124
SPX Express Seller Vion Indonesia,106.591372,-6.264881
SPX Express Seller CherryBabyKidsShop Official shop,106.904756,-6.166598
SPX Express Seller Dacco Official Shop,106.616776,-6.164055
SPX Express Seller AK ACCESSORIES,106.595523,-6.150078
SPX Express Seller KAKAMART.ID,106.581626,-6.134518
SPX Express Seller NajwaFashionMuslim,106.802355,-6.149795
SPX Express Seller OKEY BELI,106.680665,-6.083791
SPX Express Seller happygif.id,106.591362,-6.26491
SPX Express Seller Clodistore Official Shop,106.829763,-6.419116
SPX Express Seller HANSYA GROSIR HIJAB,107.449879,-6.388276
SPX Express Seller Watsons Indonesia Official Shop,106.563893,-6.207024
SPX Express Seller SayiShop,106.716192,-6.18719
SPX Express Seller mareema.id,107.521897,-7.021831
SPX Express Seller Mommy n Me Official Shop,110.349922,-7.741838
SPX Express Seller KAOS INDO OFFICIAL,107.672833,-6.945729
SPX Express Seller Tiger Workshop,106.806135,-6.158755
SPX Express Seller dinafshn,107.538055,-7.045425
SPX Express Seller Enji Official Shop,106.51267,-6.212292
SPX Express Seller BSM_Variasi99 JKT,106.791491,-6.143305
SPX Express Seller Pompurin Store,112.776033,-7.32286
SPX Express Seller Vallina Outfit Official Shop,107.619355,-6.946568
SPX Express Seller Yesplus Official Shop,106.738557,-6.159076
SPX Express Seller MS Glow official shopee,106.792972,-6.264164
SPX Express Seller indahnatalia15,106.919391,-6.285927
SPX Express Seller Laamia Hijab,110.484748,-7.004905
SPX Express Seller ARJUNA KIDS,110.477553,-6.993428
SPX Express Seller Hanasui Official Shop,106.535066,-6.207725
SPX Express Seller Ceri Mart,106.803631,-6.178716
SPX Express Seller Kymm Skin Official Store,110.37736,-7.728479
SPX Express Seller Acnaway Official Shop,106.844878,-6.143192
SPX Express Seller KiiP Official Shop,106.669333,-6.166663
SPX Express Seller Nutrifarm Official,106.610939,-6.24218
SPX Express Seller Bestseller1,106.756596,-6.181507
SPX Express Seller istanaselimut,106.766016,-6.177285
SPX Express Seller Akrilik Teknika,106.781762,-6.229245
SPX Express Seller Female Daily.Id,112.560645,-7.23724
SPX Express Seller TokoMamaJA,106.808898,-6.171622
SPX Express Seller Y Z C,106.619677,-6.203647
SPX Express Seller Comanier Official Store,106.678978,-6.082398
SPX Express Seller Yooyi Official Shop,106.683751,-6.080758
SPX Express Seller ARRIZAL28,112.700306,-7.460756
SPX Express Seller Lapak Musiman,106.799088,-6.155105
SPX Express Seller tokomurah2888,106.819935,-6.15605
SPX Express Seller Eiger Adventure Official Store,106.860588,-6.414662
SPX Express Seller kicaumart,107.58552,-6.907669
SPX Express Seller Toko Eros,106.867764,-6.159397
SPX Express Seller ATOB Sport,106.628993,-6.138175
SPX Express Seller The Originote Official Shop,106.737499,-6.156571
SPX Express Seller Kucingbilly,106.786355,-6.112486
SPX Express Seller Kios Official Store,106.729145,-6.12834
SPX Express Seller Grace & Glow Official Shop,106.873174,-6.337175
SPX Express Seller lookbeauty.id,106.840477,-6.139044
SPX Express Seller Alysoy_Shop,106.843619,-6.134879
SPX Express Seller HugoHousewareJakarta,106.674568,-6.16957
SPX Express Seller Hoptech Official Store - Surabaya,112.643294,-7.200432
SPX Express Seller WD SHOP,106.680558,-6.084224
SPX Express Seller win_bag_collection,106.679568,-6.083153
SPX Express Seller MALL PERABOT INDONESIA,106.684185,-6.081773
SPX Express Seller Dodory,106.677829,-6.076489
SPX Express Seller sampai7an,106.683834,-6.082697
SPX Express Seller CBD Official Shop,106.732081,-6.196537
SPX Express Seller AN_collection028,106.767144,-6.221542
SPX Express Seller JINISO Official Shop,106.735824,-6.121434
SPX Express Seller Sweet home88,106.750009,-6.130874
SPX Express Seller lisalautner665,106.776468,-6.156512
SPX Express Seller Blossom Kids Official Store,112.758733,-7.392612
SPX Express Seller Azarine Cosmetic Official Shop,112.730246,-7.39501
SPX Express Seller Makarizo Official Shop,106.9098,-6.19029
SPX Express Seller Venus Acessories,106.684634,-6.201333
SPX Express Seller grosirtas.co.id,106.714852,-6.176327
SPX Express Seller Dyannabagz,106.868226,-6.376013
SPX Express Seller Gab Babyshop,106.881355,-6.384587
SPX Express Seller sunlystore,112.742181,-7.460464
SPX Express Seller Imboost Official Shop,106.917725,-6.192665
SPX Express Seller Octarine Official Shop,106.779684,-6.623291
SPX Express Seller benuadunia,106.785219,-6.640131
SPX Express Seller Cilupbah Case Official Shop,106.685676,-6.102178
Destination Trucking 50,106.853238,-6.226559
Destination Trucking 49,106.853238,-6.226559
Destination Trucking 48,106.853238,-6.226559
Destination Trucking 47,106.853238,-6.226559
Destination Trucking 46,106.853238,-6.226559
Destination Trucking 45,106.853238,-6.226559
Destination Trucking 44,106.853238,-6.226559
Destination Trucking 43,106.853238,-6.226559
Destination Trucking 42,106.853238,-6.226559
Destination Trucking 41,106.853238,-6.226559
Destination Trucking 40,106.853238,-6.226559
Destination Trucking 39,106.853238,-6.226559
Destination Trucking 38,106.853238,-6.226559
Destination Trucking 37,106.853238,-6.226559
Destination Trucking 36,106.853238,-6.226559
Destination Trucking 35,106.853238,-6.226559
Destination Trucking 34,106.853238,-6.226559
Destination Trucking 33,106.853238,-6.226559
Destination Trucking 32,106.853238,-6.226559
Destination Trucking 31,106.853238,-6.226559
Destination Trucking 30,106.853238,-6.226559
Destination Trucking 29,106.853238,-6.226559
Destination Trucking 28,106.853238,-6.226559
Destination Trucking 27,106.853238,-6.226559
Destination Trucking 26,106.853238,-6.226559
Destination Trucking 25,106.853238,-6.226559
Destination Trucking 24,106.853238,-6.226559
Destination Trucking 23,106.853238,-6.226559
Destination Trucking 22,106.853238,-6.226559
Destination Trucking 21,106.853238,-6.226559
Destination Trucking 20,106.853238,-6.226559
Destination Trucking 19,106.853238,-6.226559
Destination Trucking 18,106.853238,-6.226559
Destination Trucking 17,106.853238,-6.226559
Destination Trucking 16,106.853238,-6.226559
Destination Trucking 15,106.853238,-6.226559
Destination Trucking 14,106.853238,-6.226559
Destination Trucking 13,106.853238,-6.226559
Destination Trucking 12,106.853238,-6.226559
Destination Trucking 11,106.853238,-6.226559
Destination Trucking 10,106.853238,-6.226559
Destination Trucking 9,106.853238,-6.226559
PT BRILLIANT TC - Cipondoh,106.853238,-6.226559
Terrypalmerid - Seminyak,115.169476,-8.688588
Satoria Pharma - MMM Semarang,110.434654,-6.968622
CV Soebi - Lembang,107.648532,-6.794895
Dummy Trucking - Depok,106.859335,-6.35798
Infarm - Bandung,107.6004,-6.93002
Infarm - Semarang 2,110.437547,-7.007623
Satoria Pharma - RS UGM Yogya,110.35001,-7.743495
Origin Trucking 50,106.853238,-6.226559
Origin Trucking 49,106.853238,-6.226559
Origin Trucking 48,106.853238,-6.226559
Origin Trucking 47,106.853238,-6.226559
Origin Trucking 46,106.853238,-6.226559
Origin Trucking 45,106.853238,-6.226559
Origin Trucking 44,106.853238,-6.226559
Origin Trucking 43,106.853238,-6.226559
Origin Trucking 42,106.853238,-6.226559
Origin Trucking 41,106.853238,-6.226559
Origin Trucking 40,106.853238,-6.226559
Origin Trucking 39,106.853238,-6.226559
Origin Trucking 38,106.853238,-6.226559
Origin Trucking 37,106.853238,-6.226559
Origin Trucking 36,106.853238,-6.226559
Origin Trucking 35,106.853238,-6.226559
Origin Trucking 34,106.853238,-6.226559
Origin Trucking 33,106.853238,-6.226559
Origin Trucking 32,106.853238,-6.226559
Origin Trucking 31,106.853238,-6.226559
Origin Trucking 30,106.853238,-6.226559
Origin Trucking 29,106.853238,-6.226559
Origin Trucking 28,106.853238,-6.226559
Origin Trucking 27,106.853238,-6.226559
Origin Trucking 26,106.853238,-6.226559
Origin Trucking 25,106.853238,-6.226559
Origin Trucking 24,106.853238,-6.226559
Origin Trucking 23,106.853238,-6.226559
Origin Trucking 22,106.853238,-6.226559
Origin Trucking 21,106.853238,-6.226559
Origin Trucking 20,106.853238,-6.226559
Origin Trucking 19,106.853238,-6.226559
Origin Trucking 18,106.853238,-6.226559
Origin Trucking 17,106.853238,-6.226559
Origin Trucking 16,106.853238,-6.226559
Origin Trucking 15,106.853238,-6.226559
Origin Trucking 14,106.853238,-6.226559
Origin Trucking 13,106.853238,-6.226559
Origin Trucking 12,106.853238,-6.226559
Origin Trucking 11,106.853238,-6.226559
Origin Trucking 10,106.853238,-6.226559
Origin Trucking 9,106.853238,-6.226559
Origin Trucking 8,106.853238,-6.226559
Origin Trucking 7,106.853238,-6.226559
Origin Trucking 6,106.853238,-6.226559
Origin Trucking 5,106.853238,-6.226559
PT BRILLIANT TC - Mantingan,106.853238,-6.226559
Virtus Venturama - Cipondah,106.687658,-6.194052
Dummy Trucking - Sunter,106.888397,-6.138778
Terrypalmerid - Jatiuwung,106.587671,-6.219991
Destination Trucking 51,106.685676,-6.102178
Destination Trucking 52,106.785219,-6.640131
Destination Trucking 53,106.779684,-6.623291
Destination Trucking 54,106.917725,-6.192665
Destination Trucking 55,112.742181,-7.460464
Destination Trucking 56,106.881355,-6.384587
Destination Trucking 57,106.868226,-6.376013
Destination Trucking 58,106.714852,-6.176327
Destination Trucking 59,106.684634,-6.201333
Destination Trucking 60,106.9098,-6.19029
Destination Trucking 61,112.730246,-7.39501
Destination Trucking 62,112.758733,-7.392612
Destination Trucking 63,106.776468,-6.156512
Destination Trucking 64,106.750009,-6.130874
Destination Trucking 65,106.735824,-6.121434
Destination Trucking 66,106.767144,-6.221542
Destination Trucking 67,106.732081,-6.196537
Destination Trucking 68,106.683834,-6.082697
Destination Trucking 69,106.677829,-6.076489
Destination Trucking 70,106.684185,-6.081773
Destination Trucking 71,106.679568,-6.083153
Destination Trucking 72,106.680558,-6.084224
Destination Trucking 73,106.873491,-6.247031
Destination Trucking 74,106.674568,-6.16957
Destination Trucking 75,106.843619,-6.134879
Destination Trucking 76,106.840477,-6.139044
Destination Trucking 77,106.873174,-6.337175
Destination Trucking 78,106.729145,-6.12834
Destination Trucking 79,106.786355,-6.112486
Destination Trucking 80,106.737499,-6.156571
Destination Trucking 81,106.628993,-6.138175
Destination Trucking 82,106.867764,-6.159397
Destination Trucking 83,107.58552,-6.907669
Destination Trucking 84,106.860588,-6.414662
Destination Trucking 85,106.819935,-6.15605
Destination Trucking 86,106.799088,-6.155105
Destination Trucking 87,112.700306,-7.460756
Destination Trucking 88,106.683751,-6.080758
Destination Trucking 89,106.678978,-6.082398
Destination Trucking 90,106.619677,-6.203647
Destination Trucking 91,106.808898,-6.171622
Destination Trucking 92,112.560645,-7.23724
Destination Trucking 93,106.781762,-6.229245
Destination Trucking 94,106.766016,-6.177285
Destination Trucking 95,106.756596,-6.181507
Destination Trucking 96,106.610939,-6.24218
Destination Trucking 97,106.669333,-6.166663
Destination Trucking 98,106.844878,-6.143192
Destination Trucking 99,110.37736,-7.728479
Destination Trucking 100,106.803631,-6.178716
Destination Trucking 101,106.535066,-6.207725
Destination Trucking 102,110.477553,-6.993428
Destination Trucking 103,110.484748,-7.004905
Destination Trucking 104,106.919391,-6.285927
Destination Trucking 105,106.792972,-6.264164
Destination Trucking 106,106.738557,-6.159076
Destination Trucking 107,107.619355,-6.946568
Destination Trucking 108,112.776033,-7.32286
Destination Trucking 109,106.791491,-6.143305
Destination Trucking 110,106.51267,-6.212292
Destination Trucking 111,107.538055,-7.045425
Destination Trucking 112,106.806135,-6.158755
Destination Trucking 113,107.672833,-6.945729
Destination Trucking 114,110.349922,-7.741838
Destination Trucking 115,107.521897,-7.021831
Destination Trucking 116,106.716192,-6.18719
Destination Trucking 117,106.563893,-6.207024
Destination Trucking 118,107.449879,-6.388276
Destination Trucking 119,106.829763,-6.419116
Destination Trucking 120,106.591362,-6.26491
Destination Trucking 121,106.680665,-6.083791
Destination Trucking 122,106.802355,-6.149795
Destination Trucking 123,106.581626,-6.134518
Destination Trucking 124,106.595523,-6.150078
Destination Trucking 125,106.616776,-6.164055
Destination Trucking 126,106.904756,-6.166598
Destination Trucking 127,106.591372,-6.264881
Destination Trucking 128,112.47407,-7.496124
Destination Trucking 129,106.854472,-6.432498
Destination Trucking 130,108.533529,-6.723132
Destination Trucking 131,106.680036,-6.082917
Destination Trucking 132,112.60471,-7.413972
Destination Trucking 133,112.603659,-7.38071
Destination Trucking 134,112.754269,-7.396458
Destination Trucking 135,106.774437,-6.188907
Destination Trucking 136,106.699914,-6.194006
Destination Trucking 137,106.70301,-6.192199
Destination Trucking 138,106.764836,-6.182683
Destination Trucking 139,104.78282,-2.943905
Destination Trucking 140,106.746631,-6.145077
Destination Trucking 141,106.796408,-6.141239
Destination Trucking 142,106.9063,-6.26884
Destination Trucking 143,106.617478,-6.154445
Destination Trucking 144,106.719509,-6.243906
Destination Trucking 145,104.762219,-2.931793
Destination Trucking 146,106.772416,-6.223796
Destination Trucking 147,106.821432,-6.157867
Destination Trucking 148,106.76096,-6.130919
Destination Trucking 149,106.612858,-6.244092
Destination Trucking 150,98.813741,3.535791
Destination Trucking 151,112.413847,-7.525028
Destination Trucking 152,106.749553,-6.128084
Destination Trucking 153,106.744543,-6.190409
Destination Trucking 154,107.466731,-7.082478
Destination Trucking 155,107.683448,-6.916986
Destination Trucking 156,106.767694,-6.175037
Destination Trucking 157,106.947842,-6.195236
Destination Trucking 158,106.823264,-6.156193
Destination Trucking 159,106.874272,-6.161484
Destination Trucking 160,106.975211,-6.273926
Destination Trucking 161,112.751994,-7.350968
Destination Trucking 162,106.678039,-6.077148
Destination Trucking 163,106.51427,-6.220657
Destination Trucking 164,106.773317,-6.131798
Destination Trucking 165,106.808667,-6.146685
Destination Trucking 166,106.682699,-6.079416
Destination Trucking 167,106.819913,-6.153423
Destination Trucking 168,106.830161,-6.151446
Destination Trucking 169,112.563408,-7.050196
Destination Trucking 170,106.732318,-6.196371
Destination Trucking 171,106.70704,-6.131981
Destination Trucking 172,106.679023,-6.081505
Destination Trucking 173,106.784737,-6.171947
Destination Trucking 174,106.775942,-6.195291
Destination Trucking 175,106.858057,-6.368187
Destination Trucking 176,106.804729,-6.169524
Destination Trucking 177,106.823455,-6.157225
Destination Trucking 178,106.712762,-6.190657
Destination Trucking 179,106.617391,-6.201225
Destination Trucking 180,106.799195,-6.171981
Destination Trucking 181,106.776476,-6.208489
Destination Trucking 182,106.784107,-6.269492
Destination Trucking 183,106.721116,-6.114951
Destination Trucking 184,106.822552,-6.152946
Destination Trucking 185,106.825101,-6.154801
Destination Trucking 186,106.823624,-6.155631
Destination Trucking 187,106.790547,-6.321335
Destination Trucking 188,106.772183,-6.220814
Destination Trucking 189,106.708581,-6.140297
Destination Trucking 190,112.533067,-7.199016
Destination Trucking 191,106.93464,-6.110737
Destination Trucking 192,107.673325,-6.930671
Destination Trucking 193,106.61715,-6.201025
Destination Trucking 194,106.914975,-6.146415
Destination Trucking 195,106.807196,-6.168115
Destination Trucking 196,112.551799,-7.253947
Destination Trucking 197,106.719421,-6.105915
Destination Trucking 198,106.706539,-6.131502
Destination Trucking 199,106.803982,-6.168648
Destination Trucking 200,106.622865,-6.250346
Destination Trucking 201,106.681203,-6.138612
Destination Trucking 202,106.677996,-6.076462
Destination Trucking 203,106.80334,-6.168308
Destination Trucking 204,107.607957,-6.936336
Destination Trucking 205,106.818761,-6.440003
Destination Trucking 206,106.782617,-6.610048
Destination Trucking 207,106.813052,-6.418815
Destination Trucking 208,108.169923,-7.244562
Destination Trucking 209,106.957567,-6.226099
Destination Trucking 210,112.777491,-7.342501
Destination Trucking 211,106.53638,-6.223208
Destination Trucking 212,106.823911,-6.572995
Destination Trucking 213,107.01771,-6.413109
Destination Trucking 214,107.014886,-6.181522
Destination Trucking 215,106.792524,-6.146667
Destination Trucking 216,106.659654,-6.376722
Destination Trucking 217,106.811967,-6.344743
Destination Trucking 218,110.595327,-7.577247
Destination Trucking 219,106.775809,-6.116365
Destination Trucking 220,106.915419,-6.183246
Destination Trucking 221,106.724429,-6.187217
Destination Trucking 222,106.719096,-6.134658
Destination Trucking 223,106.70266,-6.384137
Destination Trucking 224,106.860253,-6.518632
Destination Trucking 225,112.694816,-7.252172
Destination Trucking 226,106.534706,-6.310219
Destination Trucking 227,106.746968,-6.17605
Destination Trucking 228,107.529756,-7.029856
Destination Trucking 229,106.724138,-6.229667
Destination Trucking 230,114.589759,-3.323102
Destination Trucking 231,114.601213,-3.294742
Destination Trucking 232,106.94521,-6.165833
Destination Trucking 233,106.772557,-6.131716
Destination Trucking 234,106.804257,-6.16822
Destination Trucking 235,106.914937,-6.196694
Destination Trucking 236,106.847531,-6.356319
Destination Trucking 237,106.699491,-6.096383
Destination Trucking 238,106.682372,-6.209132
Destination Trucking 239,106.588227,-6.209728
Destination Trucking 240,106.984225,-6.387813
Destination Trucking 241,106.814221,-6.157736
INDOMARET DC BOGOR,106.840121,-6.52111
ALFAMART DC BALARAJA,106.473712,-6.219524
ALFAMART DC KARAWANG,107.29353,-6.295681
ALFAMART DC CIKOKOL RR,106.628699,-6.210112
ALFAMART DC SERANG,106.136997,-6.104029
ALFAMART DC BOGOR,106.807376,-6.513525
ALFAMART DC BEKASI,107.153073,-6.310529
ALFAMART DC PARUNG,106.730192,-6.415635
ALFAMART DC CILEUNGSI II,106.96635,-6.418537
CCOD CIBIRU MENTARI,107.694517,-6.928013
INDOMARET DC BOGOR 2,106.841239,-6.50055
INDOMARET DC PURWAKARTA,107.456571,-6.452129
INDOMARET DC JAKARTA 2,106.814729,-6.121576
INDOMARET DC PARUNG,106.681334,-6.380044
INDOMARET DC TANGERANG 1,106.564971,-6.211765
INDOMARET DC LEBAK,106.16575,-6.336953
INDOMARET DC TANGERANG 2,106.564182,-6.213785
CCOD BANDUNG BARAT CEMERLANG,107.503909,-6.874524
CCOD PURWAKARTA MARANCANG,107.428837,-6.555678
CCOD GARUT PAPANDAYAN,107.899451,-7.200615
CCOD PANIMBANG,105.839796,-6.39297
CCOD BOGOR CIAWI,106.853016,-6.679603
CCOD PULOGADUNG SULTAN AGUNG,106.976099,-6.214732
CCOD SUBANG CICADAS,107.74528,-6.553354
CCOD KP UTAN CIPUTAT TIMUR,106.74879,-6.298248
CCOD BOGOR YASMIN,106.776372,-6.554841
CCOD CIKARANG LEMAHABANG,107.24355,-6.26667
CCOD SERANG LESTARI,106.137293,-6.128678
CCOD RANGKAS LESTARI,106.316687,-6.351614
CCOD MALINGPING LEBAK,105.998113,-6.777325
CCOD DEPOK PANCORAN MAS,106.820676,-6.399123
CCOD BOGOR SENTUL,106.805739,-6.546486
CCOD BANDUNG LEUWI PANJANG,107.591856,-6.9445
CCOD TASIKMALAYA CEMERLANG,108.266267,-7.309469
CCOD CIREBON KECAPI,108.536251,-6.706422
CCOD LOSARANG INDRAMAYU,108.269614,-6.402647
CCOD CIPONDOH KENANGA,106.681485,-6.206183
CCOD CIANJUR RAWABANGO,107.182861,-6.799283
CCEP Cibitung,107.097437,-6.275921
Satoria Pharma - UDC CAKUNG,106.933693,-6.18172
Satoria Pharma - SDL SEMARANG,110.367817,-7.00794
Satoria Pharma - PPI BANDUNG,107.612776,-6.914794
Satoria Pharma - LAWSIM JAKARTA,106.877224,-6.189068
Satoria Pharma - KFTD TEGAL,109.186881,-6.865179
Satoria Pharma - KFTD TASIKMALAYA,108.201492,-7.310052
Satoria Pharma - KFTD SIDOARJO,112.72064,-7.39789
Satoria Pharma - KFTD SERANG,106.133245,-6.098172
Satoria Pharma - KFTD PUSAT,106.910826,-6.196116
Satoria Pharma - KFTD MATARAM,116.114651,-8.598404
Satoria Pharma - GATRA SIDOARJO,112.681072,-7.364021
Satoria Pharma - UDC YOGYAKARTA,110.385624,-7.757507
Satoria Pharma - UDC SURABAYA,112.74811,-7.275794
Satoria Pharma - UDC SEMARANG,110.436769,-6.985392
Satoria Pharma - UDC MALANG,112.662017,-7.966436
Satoria Pharma - UDC JAKARTA 2,106.938812,-6.183448
Satoria Pharma - UDC DENPASAR (LJR),115.236111,-8.638372
Satoria Pharma - UDC BANDUNG,107.604406,-6.905022
Satoria Pharma - SMU SEMARANG,110.456107,-6.98284
Satoria Pharma - PPI SURAKARTA,110.833192,-7.545981
Satoria Pharma - PPI PURWOKERTO,109.232105,-7.425485
Satoria Pharma - PPI CIREBON,108.571354,-6.720119
Satoria Pharma - MCM DENPASAR,115.248551,-8.643991
Satoria Pharma - KFTD YOGYAKARTA,110.349473,-7.82715
Satoria Pharma - KFTD SURAKARTA,110.794429,-7.552117
Satoria Pharma - KFTD SURABAYA,112.739667,-7.324267
Satoria Pharma - KFTD SEMARANG,110.390157,-7.003693
Satoria Pharma - KFTD PURWOKERTO,109.221841,-7.434911
Satoria Pharma - KFTD MALANG,112.678363,-7.946983
Satoria Pharma - KFTD MADIUN,111.482634,-7.621384
Satoria Pharma - KFTD JAKARTA 2,106.910826,-6.196116
Satoria Pharma - KFTD JAKARTA 1,106.821087,-6.169308
Satoria Pharma - KFTD DENPASAR,115.224348,-8.673805
Satoria Pharma - KFTD CIREBON,108.577706,-6.740962
Satoria Pharma - KFTD BOGOR,106.787778,-6.582377
Satoria Pharma - KFTD BEKASI,107.015338,-6.259479
Satoria Pharma - KFTD BANDUNG,107.605753,-6.90715
Satoria Pharma - GMI BANDUNG,107.57174,-6.95179
Satoria Pharma - FMM MALANG,112.650986,-7.952807
Satoria Pharma - CSM BOGOR,106.768929,-6.502801
Satoria Pharma - BJF DENPASAR,115.207293,-8.680041
Satoria Pharma - BGP DEPOK,106.833968,-6.365363
Satoria Pharma - AMS DENPASAR,115.249938,-8.662417
SPX Express Seller WH39,106.601586,-6.149986
SPX Express Manzone,109.40416,-6.880839
SPX Express Seller Ethic,106.912911,-6.146496
SPX Express Seller estishopgrosir,109.53304,-6.880577
SPX Express Seller CASTA Offical Store,106.509527,-6.234944
SPX Express Seller Istana Susu,107.029944,-6.219389
SPX Express Seller Baseus Official Shop,106.687813,-6.0804
MH 4 Rantepao Hub,119.98223,-2.96742
MH 3 Rantepao Hub,120.013292,-2.937509
MH 1 Merbau Hub,102.458375,1.246761
MH 1 Toapaya Hub,104.441904,0.928803
MH 1 Sangatta Utara 2 Hub,117.287571,0.611189
MH 1 Sekolaq Darat Hub,115.923218,-0.264038
MH 1 Linggang Bigung Hub,115.611031,-0.071173
MH 1 Mentawa Baru Hub,112.830008,-2.446468
MH 1 Limun Hub,102.645937,-2.399023
MH 1 Bathin Viii (Batin Viii) Hub,102.550795,-2.221932
MH 1 Sungai Manau Hub,106.833836,-6.22384
MH 1 Semidang Alas Maras Hub,102.963109,-4.317509
Cadangan DC 15,106.831235,-6.223898
Cadangan DC 14,106.831235,-6.223898
Cadangan DC 13,106.831235,-6.223898
Cadangan DC 12,106.831235,-6.223898
Cadangan DC 11,106.831235,-6.223898
Cadangan LM 15,106.831235,-6.223898
Cadangan LM 14,106.831235,-6.223898
Satoria Pharma - Bandung,107.606068,-6.907173
Pademangan 6 Hub,106.82471,-6.128985
Satoria Pharma - AKP Cirebon,108.552759,-6.695774
Tuban DC,111.982853,-6.825348
Lampung 2 DC,105.205218,-5.342627
Madiun 3 DC,111.546,-7.571611
Virtual Percut Sei Tuan DC,98.718228,3.516858
Virtual Kosambi 3 DC,106.673396,-6.094646
Graha Label - Jakarta Barat,106.712058,-6.176434
Satoria Pharma - Tangerang,106.59809,-6.269336
Satoria Pharma - Jakarta Timur,106.909295,-6.19815
Satoria Pharma - Cianjur,107.141158,-6.810883
Satoria Pharma - Semarang,110.367817,-7.00794
X Koto Singkarak Hub,100.600819,-0.699129
Wonoboyo Hub,110.018516,-7.207282
Tanjung Priok 21 First Mile Hub,106.831235,-6.223898
Tanjung Priok 19 First Mile Hub,106.875385,-6.142263
Taman 3 First Mile Hub,112.685476,-7.34824
Subang 2 Hub,106.831235,-6.223898
Solear 2 First Mile Hub,106.831235,-6.223898
Seteluk Hub,116.859748,-8.631138
Pante Bidari (Beudari) 2 Hub,97.513797,5.082837
Panakkukang 2 Hub,106.831235,-6.223898
Padang Tualang Hub,106.831235,-6.223898
Nalumsari Hub,110.791222,-6.743083
Meureubo Hub,96.162878,4.143367
Megang Sakti 2 Hub,102.989228,-2.911879
Medan Satria 3 Hub,106.982378,-6.215547
Medan Satria 3 First Mile Hub,106.982378,-6.215547
Malangke 2 Hub,120.384444,-2.7645
Latambaga Hub,121.574833,-4.044222
Langsa Kota 2 Hub,106.831235,-6.223898
Langkaplancar Hub,108.376049,-7.513402
Kutawaringin 2 Hub,107.522196,-7.018549
Kumun Debai Hub,101.405805,-2.070817
Kosambi 31 First Mile Hub,106.831235,-6.223898
Karang Tengah 3 Hub,106.831235,-6.223898
Karang Tengah 3 First Mile Hub,106.831235,-6.223898
Grogol Petamburan 10 First Mile Hub,106.831235,-6.223898
Glagah First Mile Hub,112.460391,-7.058347
Gambir 14 First Mile Hub,106.831235,-6.223898
Ciomas 6 First Mile Hub,106.831235,-6.223898
Cikarang Timur 2 First Mile Hub,107.195533,-6.273405
Cibinong 2 Hub,106.831235,-6.223898
Cakung 19 Hub,106.831235,-6.223898
Cakung 13 Hub,106.934875,-6.177068
Bittuang Hub,119.675205,-2.976776
Benda 9 Hub,106.831235,-6.223898
Bekasi Utara 6 Hub,106.831235,-6.223898
Bekasi Utara 6 First Mile Hub,106.831235,-6.223898
Balaraja 3 First Mile Hub,106.831235,-6.223898
Babelan 7 Hub,107.011998,-6.189665
Wonotunggal Hub,109.743722,-6.958833
Woja Hub,118.431966,-8.547033
Weleri 2 Hub,110.087915,-6.969522
Warurejo Hub,109.328833,-6.874333
Toba Hub,110.104328,-0.231102
Tembarak Hub,110.177746,-7.354863
Tembarak First Mile Hub,110.177746,-7.354863
Telukjambe Timur 2 Hub,107.312975,-6.32909
Tebo Ilir 2 Hub,102.735505,-1.563557
Tebing Tinggi 2 Hub,103.132897,-3.611942
Tapin Utara 2 Hub,115.169694,-2.940583
Tangerang 9 First Mile Hub,106.831235,-6.223898
Tangerang 10 First Mile Hub,106.831235,-6.223898
Tanah Tumbuh Hub,101.879524,-1.433515
Tambun Selatan 5 Hub,107.05307,-6.237476
Tambaksari 5 Hub,112.766949,-7.24468
Tambaksari 5 First Mile Hub,112.766949,-7.24468
Taman Pemalang 4 Hub,109.392779,-6.920313
Babakan Madang 3 Hub,106.831235,-6.223898
Sukabumi Bandar Lampung Hub,105.326337,-5.425509
Srengat Hub,112.070507,-8.071657
Srengat First Mile Hub,112.070507,-8.071657
Seputih Mataram Hub,105.3305,-4.835556
Semboro Hub,113.444713,-8.192545
Salimpaung Hub,100.5357,-0.323132
Rimbo Tengah Hub,102.103249,-1.523778
Reban Hub,109.890453,-7.054343
Rantau Hub,98.067536,4.288714
Randangan Hub,121.813718,0.527724
Raman Utara Hub,105.445105,-4.983106
Rajabasa 2 Hub,105.583861,-5.801806
Prigen Hub,112.674304,-7.680922
Plaju 2 Hub,104.824199,-3.049458
Peukan Baro Hub,95.964523,5.305076
Perhentian Raja Hub,101.421755,0.345429
Penjaringan 42 First Mile Hub,106.773261,-6.141328
Pasirkuda Hub,107.224917,-7.194306
Pasawahan Hub,107.456028,-6.567778
Pasaribu Tobing Hub,98.606832,1.950041
Panyabungan Barat Hub,99.57975,0.77875
Panombeian Panei Hub,99.030415,2.921611
Panawangan Hub,108.380626,-7.122334
Pamijahan Hub,106.659778,-6.627357
Pamboang Hub,118.873678,-3.430894
Pakuniran Hub,113.507844,-7.77179
Pakal First Mile Hub,106.831235,-6.223898
Pademangan 7 First Mile Hub,106.831235,-6.223898
Oebobo 2 Hub,123.643589,-10.171463
Ngaliyan 4 Hub,110.339747,-6.99756
Muara Padang Hub,105.087833,-2.66175
Muara Kuang Hub,104.494182,-3.790017
Metro Pusat Hub,105.3,-5.127972
Medan Johor 2 Hub,98.67738,3.525387
Makasar 3 Hub,106.831235,-6.223898
Luyo Hub,119.164583,-3.418361
Lhoong Hub,95.255761,5.245342
Lhoksukon 2 Hub,97.350563,4.957453
Kota Raja Hub,123.595958,-10.176455
Kiaracondong 3 First Mile Hub,107.646509,-6.916452
Kelapa Dua 7 Hub,106.598542,-6.27174
Kedungtuban Hub,111.495385,-7.166835
Kedondong Hub,105.004056,-5.456889
Kawedanan 2 Hub,111.41439,-7.680488
Kare Hub,111.689601,-7.710481
Kapuas Timur Hub,114.459542,-3.099904
Kalirejo 2 Hub,104.96569,-5.194408
Kalideres 28 First Mile Hub,106.705807,-6.121131
Jakabaring Hub,104.79683,-3.03673
Ilir Timur III Hub,106.831235,-6.223898
Ilir Barat I 4 Hub,106.831235,-6.223898
Ilir Barat I 4 First Mile Hub,104.742073,-2.987496
Gunungpati 2 Hub,110.364712,-7.074556
Gading Rejo Hub,105.024944,-5.381111
Duren Sawit 4 Hub,106.831235,-6.223898
Curup Utara Hub,102.521184,-3.43867
Ciputat 5 Hub,106.707844,-6.31783
Cimanggu 3 Hub,106.669832,-7.250957
Cimahi Tengah 4 First Mile Hub,107.552988,-6.902479
Cijeruk First Mile Hub,106.798556,-6.663225
Cijati Hub,107.011583,-7.261361
Cigalontang Hub,108.032002,-7.351526
Cibinong First Mile Hub,106.831235,-6.223898
Ciampel Hub,107.362389,-6.394056
Cengkareng 39 First Mile Hub,106.831235,-6.223898
Candi 3 First Mile Hub,112.712757,-7.485201
Bumi Ratu Nuban Hub,105.190037,-5.107738
Benowo 2 Hub,112.642612,-7.248816
Belalau Hub,104.188028,-5.006139
Batang Masumai Hub,102.245703,-2.074142
Batang Kuis Hub,98.827,3.611167
Baras 3 Hub,119.336278,-1.480444
Banyuresmi Hub,107.923048,-7.180454
Banyuresmi First Mile Hub,107.923048,-7.180454
Banyumas 2 Hub,109.298229,-7.517076
Bantargadung Hub,106.675748,-6.991839
Bantargadung First Mile Hub,106.675748,-6.991839
Banjarwangi Hub,107.895548,-7.414403
Bandung Kidul Hub,107.626833,-6.954694
Balen Hub,111.978325,-7.187043
Balen First Mile Hub,111.978325,-7.187043
Bagelen 2 Hub,110.019706,-7.841876
Bae Hub,110.884829,-6.789636
Bae First Mile Hub,110.884829,-6.789636
Bacukiki Hub,119.6485,-4.015778
Babakan Madang 2 Hub,106.855056,-6.560361
Asemrowo 6 First Mile Hub,112.684672,-7.251642
Agrabinta Hub,106.90007,-7.41739
Adi Luwih Hub,105.00725,-5.265556
Banyumas 2 DC,109.268047,-7.454763
Jakarta Liq Center,106.976737,-6.196434
Virtual Palembang DC,104.771506,-2.914532
WH Mahesa Aceh,95.419665,5.529318
Virtual Yogyakarta DC,110.373983,-7.830215
Satoria Pharma - Cirebon,108.577952,-6.740833
Satoria Pharma - Pasuruan,112.806603,-7.71546
Virtual LM Logos Hub,106.976762,-6.198416
Zeodda - Bandung,107.589301,-6.966072
Buleleng 3 Hub,115.110785,-8.114032
Ulujami 2 First Mile Hub,109.555318,-6.885696
Tana Sitolo Hub,120.026337,-4.093147
Tambora 7 First Mile Hub,106.831235,-6.223898
Taktakan 2 Hub,106.129,-6.145639
Sewon 2 Hub,110.374393,-7.854863
Sewon 2 First Mile Hub,110.374393,-7.854863
Rumpin Hub,106.606806,-6.416763
Ringinrejo Hub,112.035508,-7.982828
Rawa Jitu Utara Hub,105.635652,-4.219072
Pringapus 2 Hub,110.468759,-7.178911
Panongan 5 Hub,106.532306,-6.286972
Pakuan Ratu 2 Hub,104.691206,-4.470514
Motoling Hub,124.480134,1.038838
Metro Selatan Hub,105.309528,-5.163167
Larangan Kota Tangerang 3 First Mile Hub,106.737781,-6.227521
Koto Tangah 3 Hub,100.366263,-0.850219
Kisaran Timur Hub,99.640259,2.971435
Jatinegara Jakarta Timur 3 Hub,106.884722,-6.227447
Jati Agung 2 Hub,105.376,-5.274028
Janapria Hub,116.383389,-8.679056
Candiroto Hub,110.061654,-7.179287
Bulang Tengah Suku Ulu 2 Hub,103.355972,-3.522056
Bukit Kapur 2 Hub,101.348711,1.486024
Bojong Gede 2 Hub,106.831235,-6.223898
Bogor Selatan 12 First Mile Hub,106.847188,-6.673012
Belida Darat Hub,104.388078,-3.46194
Beji Kota Depok 2 Hub,106.817194,-6.359861
VII Koto Ilir Hub,102.111583,-1.158611
Ulok Kupai 2 Hub,101.835286,-3.204308
Ukui Hub,102.133144,-0.106421
Toboali 2 Hub,106.47865,-2.986485
Ternate Selatan 3 Hub,127.329039,0.755592
Tegaldlimo Hub,114.278222,-8.509
Selesai Hub,98.438405,3.608039
Pusakanagara First Mile Hub,107.872173,-6.283541
Pondok Melati 2 Hub,106.831235,-6.223898
Pemayung 3 Hub,103.36208,-1.605385
Pamotan Hub,111.486083,-6.755222
Medan Marelan 2 Hub,98.658525,3.703428
Lubuk Sandi Hub,102.482841,-3.997363
Larangan 5 First Mile Hub,106.744083,-6.235361
Kota Baru 4 Hub,103.566259,-1.652582
Konda Hub,122.470904,-4.112868
Kebon Jeruk 24 First Mile Hub,106.769095,-6.18882
Kawangkoan Hub,124.786361,1.203889
Kalijati First Mile Hub,107.667194,-6.516333
Jelimpo Hub,110.009746,0.338061
Jangkat Timur Hub,101.968,-2.550889
Cimanggung Hub,107.826917,-6.960583
Cibeureum 2 Hub,108.732994,-7.053607
Ciampea Hub,106.691712,-6.559008
Bongas First Mile Hub,108.03238,-6.38144
Bogor Selatan 8 Hub,106.807975,-6.640331
Asemrowo 2 First Mile Hub,112.687389,-7.235083
Wonosobo 4 Hub,109.918797,-7.366995
Wonosobo 2 Hub,104.508003,-5.482213
Wera Hub,118.922225,-8.340022
Turen Hub,112.700976,-8.186295
Todanan Hub,111.181417,-6.939167
Timpah 3 Hub,114.480777,-1.681505
Tersono First Mile Hub,109.965,-7.027944
Air Manjunto Hub,101.165448,-2.508957
Tembilahan Hulu Hub,103.125859,-0.343844
Telukbetung Barat Hub,105.246052,-5.46393
Tanjung Raya Kab. Mesuji Hub,105.349855,-3.972985
Tambora 6 First Mile Hub,106.794915,-6.146733
Sukadiri Hub,106.556745,-6.095416
Suhaid Hub,112.007378,0.611515
Suela Hub,116.572637,-8.524808
Sreseh Hub,113.038522,-7.211518
Sokobanah 3 Hub,113.40475,-6.954583
Simpang Empat Banjar 2 Hub,115.053472,-3.228083
Silo Hub,113.86754,-8.180868
Serpong Utara 4 Hub,106.688722,-6.294917
Serpong Utara 4 First Mile Hub,106.688722,-6.294917
Serpong Utara 3 Hub,106.672528,-6.235889
Serpong Utara 2 First Mile Hub,106.683213,-6.231862
Serang Baru 3 Hub,107.098472,-6.388859
Semen Hub,111.979231,-7.838423
Sarang Hub,111.657196,-6.726366
Sarang First Mile Hub,111.657196,-6.726366
Salopa Hub,108.277954,-7.530195
Renah Pembarap Hub,102.0574,-2.145869
Rajagaluh Hub,108.345805,-6.781815
Purwojati Hub,109.114016,-7.4891
Pulau Punjung 2 Hub,101.456961,-0.958458
Pulau Laut Tengah 2 Hub,116.044833,-3.525917
Puger First Mile Hub,113.471634,-8.371979
Pringgasela Hub,116.478651,-8.582069
Poleang Timur Hub,121.803036,-4.821853
Payakumbuh 2 Hub,100.608289,-0.191671
Pasar Minggu 4 Hub,106.824751,-6.288301
Parung Panjang 2 First Mile Hub,106.568528,-6.341028
Panyileukan 6 First Mile Hub,107.693388,-6.932161
Pakisaji First Mile Hub,112.601599,-8.059691
Paguyaman Hub,122.558965,0.642601
Nglipar Hub,110.621378,-7.872151
Ngadiluwih Hub,112.006746,-7.901481
Nagreg First Mile Hub,107.871242,-7.024763
Matraman 4 Hub,106.864926,-6.206136
Marga Sekampung Hub,105.617387,-5.406058
Mande Hub,107.193787,-6.760719
Mandalawangi Hub,105.987682,-6.30881
Mandah Hub,103.506722,0.032278
Lubuk Linggau Selatan 2 Hub,102.946624,-3.270202
Leuwidamar Hub,106.180479,-6.55942
Lempuing Jaya Hub,104.907777,-3.786381
Ledo Hub,109.613615,1.038264
Labuhan Maringgai Hub,105.799028,-5.439194
Kuta Utara 2 Hub,115.158131,-8.639417
Koto Tangah 2 Hub,100.337561,-0.860806
Koto Salak Hub,101.779716,-1.115744
Kosambi 29 First Mile Hub,106.690218,-6.085592
Keruak Hub,116.463202,-8.736956
Kelapa Dua 8 Hub,106.59781,-6.269407
Kasemen 2 Hub,106.191389,-6.082667
Kalidoni 2 Hub,104.77999,-2.940415
Kaduhejo Hub,106.090455,-6.336248
Juwangi Hub,110.762319,-7.196337
Jatisari First Mile Hub,107.53937,-6.363824
Jatigede Hub,108.137171,-6.936684
Jati 4 First Mile Hub,110.799454,-6.909041
Jagoi Babang Hub,109.889867,1.325308
Ibun Hub,107.762285,-7.071888
Gunungsitoli Idanoi Hub,97.666972,1.201611
Gubeng 4 First Mile Hub,106.831235,-6.223898
Grogol Sukoharjo First Mile Hub,110.807174,-7.611277
Grogol Petamburan 11 First Mile Hub,106.778167,-6.163
Gisting Hub,104.722889,-5.434556
Gebang 2 Hub,98.39155,3.926207
Gangga Hub,116.196494,-8.316089
Galang 3 Hub,104.12238,0.910644
Gading Cempaka Hub,102.304867,-3.824152
Gabuswetan Hub,108.080488,-6.418114
Duren Sawit 5 First Mile Hub,106.918709,-6.215487
Donorojo Hub,110.890593,-6.458094
Dedai 2 Hub,111.778684,0.088894
Darul Imarah 2 Hub,95.29189,5.523667
Damar Hub,108.230253,-2.798078
Ciparay 3 First Mile Hub,107.719924,-7.037091
Cikelet Hub,107.674128,-7.617168
Cihurip Hub,107.857806,-7.487167
Cigudeg Hub,106.520722,-6.594889
Cigudeg First Mile Hub,106.520722,-6.594889
Cidahu Kab. Sukabumi Hub,106.758944,-6.799139
Cicurug 2 First Mile Hub,106.779952,-6.776045
Cicalengka 2 Hub,107.850269,-6.991775
Cicalengka 2 First Mile Hub,107.868897,-7.008995
Cibitung Kab. Pandeglang Hub [INACTIVE],105.699692,-6.766439
Cibeber Hub,106.059413,-6.043654
Cibadak 2 Hub,106.228306,-6.34866
Busungbiu Hub,114.963053,-8.253682
Burau Hub,120.726453,-2.587681
Bungaraya Hub,102.035889,0.92775
Buay Sandang Aji Hub,104.018444,-4.539333
Brandan Barat Hub,98.233084,4.025972
Bram Itam Hub,103.388533,-0.908266
Boliohuto Hub,122.616339,0.653302
Bogor Selatan 8 First Mile Hub,106.807975,-6.640331
Banyuasin III Hub,104.381502,-2.899546
Bangorejo First Mile Hub,114.177936,-8.478641
Bangkinang Seberang Hub,101.025775,0.364075
Bandar Kab. Pacitan Hub,111.256028,-7.995667
Baktiya Barat Hub,97.359468,5.114239
Bagan Sinembah 2 Hub,100.475222,1.676667
Astana Anyar 2 First Mile Hub,107.59781,-6.92979
Arut Selatan 3 Hub,111.64079,-2.711629
Anak Tuha Hub,105.056695,-5.057162
Ampelgading 2 Hub,112.856599,-8.238075
Aek Ledong Hub,99.652554,2.583382
Abung Timur 2 Hub,104.935998,-4.753874
Tanta Hub,115.381148,-2.190919
Sukajadi 2 First Mile Hub,107.581698,-6.883275
Overflow Cikupa First Mile Hub,106.52461,-6.228505
Tanjunganom 2 Hub,112.021472,-7.614583
Tanjunganom 2 First Mile Hub,112.021472,-7.614583
Suruh Hub,110.587336,-7.364763
Suruh First Mile Hub,110.587336,-7.364763
Sukasari Kab. Subang Hub,107.788479,-6.290282
Sukasari Kab. Subang First Mile Hub,107.788479,-6.290282
Sambirejo Hub,111.081287,-7.469289
Sambirejo First Mile Hub,111.081287,-7.469289
Garawangi Hub,108.528222,-6.997722
Talun 2 Hub,112.274287,-8.09045
Talun 2 First Mile Hub,112.274287,-8.09045
Pagelaran Hub,105.872457,-6.391667
Mengwi Badung 3 Hub,115.178901,-8.509089
Mengwi Badung 3 First Mile Hub,115.178901,-8.509089
Lakbok Hub,108.69584,-7.421754
Klojen Hub,112.630073,-8.005896
Klojen First Mile Hub,112.630073,-8.005896
Kesugihan 2 Hub,109.081833,-7.664806
Kesugihan 2 First Mile Hub,109.081833,-7.664806
Karangwareng Hub,108.664311,-6.87384
Cilawu Hub,107.904891,-7.260877
Cilawu First Mile Hub,107.904891,-7.260877
Bulukerto Hub,111.244924,-7.792502
Woha 2 Hub,118.698172,-8.590467
Titeue Hub,95.927577,5.242538
Titeue First Mile Hub,95.927577,5.242538
Tembalang 2 Hub,110.469478,-7.047026
Tembalang 2 First Mile Hub,110.469478,-7.047026
Taman Pemalang 2 Hub,109.393339,-6.887968
Taman Pemalang 2 First Mile Hub,109.393339,-6.887968
Sirampog Hub,109.074278,-7.208694
Sirampog First Mile Hub,109.074278,-7.208694
Singgahan Hub,111.756213,-6.964613
Singgahan First Mile Hub,111.756213,-6.964613
Sanan Kulon Hub,112.150619,-8.08087
Sanan Kulon First Mile Hub,112.150619,-8.08087
Pulosari Hub,109.264723,-7.170517
Pulosari First Mile Hub,109.264723,-7.170517
Pleret Hub,110.389727,-7.858873
Pleret First Mile Hub,110.389727,-7.858873
Pejawaran Hub,109.815111,-7.259917
Pejawaran First Mile Hub,109.815111,-7.259917
Nanggulan 2 Hub,110.200728,-7.777226
Nanggulan 2 First Mile Hub,110.200728,-7.777226
Losari 2 Hub,108.818368,-6.85168
Losari 2 First Mile Hub,108.818368,-6.85168
Kota Baru 3 Hub,103.56973,-1.640184
Kota Baru 3 First Mile Hub,103.56973,-1.640184
Kartasura 2 Hub,110.744897,-7.55387
Kartasura 2 First Mile Hub,110.744897,-7.55387
Kaliangkrik Hub,110.109028,-7.464472
Kaliangkrik First Mile Hub,110.109028,-7.464472
Kabandungan Hub,106.622807,-6.800176
Kabandungan First Mile Hub,106.622807,-6.800176
Jatilawang Hub,109.136175,-7.538746
Jatilawang First Mile Hub,109.136175,-7.538746
Japara Hub,108.498139,-6.909917
Japara First Mile Hub,108.498139,-6.909917
Geger Bitung Hub,107.030332,-6.978305
Geger Bitung First Mile Hub,107.030332,-6.978305
Cugenang Hub,107.106502,-6.802253
Cugenang First Mile Hub,107.106502,-6.802253
Ciputat 3 Hub,106.74634,-6.304617
Ciputat 3 First Mile Hub,106.74634,-6.304617
Cinangka Hub,105.874167,-6.163583
Cimaragas Hub,108.432057,-7.347316
Cihideung Hub,108.209971,-7.326094
Cihideung First Mile Hub,108.209971,-7.326094
Campaka Hub,107.143337,-7.005206
Campaka First Mile Hub,107.143337,-7.005206
Benda 7 First Mile Hub,106.673594,-6.146953
Batumandi Hub,115.422695,-2.383039
Banyuurip Hub,109.976891,-7.74832
Banjarbaru Selatan Hub,114.852334,-3.443392
Banjarbaru Selatan First Mile Hub,114.852334,-3.443392
Banjaran Majalengka Hub,108.3116,-6.973705
Banjaran Majalengka First Mile Hub,108.3116,-6.973705
Balikpapan Tengah First Mile Hub,116.840206,-1.260061
Babelan 5 First Mile Hub,107.040427,-6.154929
Adimulyo Hub,109.584366,-7.649037
Adimulyo First Mile Hub,109.584366,-7.649037
SPX Express Seller unifamofficial,106.991778,-6.094093
SPX Express Seller SOLIDSHOES,106.751806,-6.630182
Overflow Kenjeran First Mile Hub,112.779105,-7.22239
SPX Express Seller Eileen Grace Official Shop,106.976002,-6.197707
Virtual Wua-Wua DC,122.480386,-4.054892
Virtual Malang DC,112.72127,-7.953954
Pekalongan 2 DC,109.711813,-6.904702
Virtual Bekasi 3 DC,106.9757,-6.195316
SPX Express Seller Watsons Indonesia Official,106.5649,-6.208627
Pustaka Baru Press - Jogja,110.41131,-7.814908
SPX Express Seller DailyNook,106.831235,-6.223898
SPX Express Seller TnT Beauty Shop,106.769413,-6.15078
SPX Express Seller Madame Gie Beauty,106.786711,-6.185005
SPX Express Seller Implora Official Shop,106.779493,-6.230306
MH 1 Gumbasa Hub,119.946298,-1.227618
MH 1 Pulau Laut Timur Hub,116.215439,-3.441485
MH 2 Barabai Hub,115.372416,-2.57663
MH 1 Sungai Gelam 5 Hub,103.854114,-1.744842
MH 1 Kumpeh Hub,103.8875,-1.53875
MH 2 Muko Muko Bathin Hub,102.045753,-1.532213
MH 1 Muko Muko Bathin Hub,102.045753,-1.532213
MH 1 Sungai Mandau Hub,101.674442,0.836106
MH 1 Mandau 3 Hub,101.244722,1.247778
Transit Point Kosambi 2 DC,106.674994,-6.092116
Transit Point Kosambi DC,106.674994,-6.092297
Terara First Mile Hub,116.413889,-8.643056
Wonosalam 2 First Mile Hub,110.669944,-6.885699
Wewewa Barat Hub,119.24,-9.51075
Wates Way Ratai Hub,105.084531,-5.611231
Wagir First Mile Hub,112.60778,-8.020919
VII Koto Sungai Sarik Hub,100.182083,-0.578778
V Koto Kampung Dalam Hub,100.118444,-0.542194
Ulu Rawas Hub,102.463431,-2.723834
Tulang Bawang Udik Hub,105.07754,-4.606725
Tompobulu Kab. Bantaeng Hub,120.041839,-5.457269
Timpah 2 Hub,114.480354,-1.728629
Ternate Utara 2 Hub,127.385352,0.832442
Terara Hub,116.413889,-8.643056
Tenggilis Mejoyo First Mile Hub,112.744862,-7.325207
Teluk Dalam Asahan 2 Hub,99.666083,2.856972
Tegowanu First Mile Hub,110.618811,-7.05069
Tebet 2 Hub,106.85939,-6.230958
Tapin Tengah Hub,115.051889,-2.892998
Tanah Abang Penukal Hub,104.096363,-3.331064
Tampahan Hub,99.011254,2.297648
Tamansari 3 First Mile Hub,108.228306,-7.372667
Taman 2 Hub,112.685553,-7.347927
Tamalate 2 Hub,119.437024,-5.187399
Tamalate 2 First Mile Hub,119.437024,-5.187399
Sungai Raya Hulu Sungai Selatan Hub,115.231128,-2.824514
Sungai Raya Hulu Sungai Selatan First Mile Hub,115.231128,-2.824514
Sumber Jaya Hub,104.492618,-5.001463
Sumber Baru Hub,113.394305,-8.119301
Sumber Baru First Mile Hub,113.394305,-8.119301
Sukahaji Hub,108.283917,-6.816278
Sukahaji First Mile Hub,108.283917,-6.816278
Suboh Hub,113.731046,-7.746468
Suboh First Mile Hub,113.731046,-7.746468
Subah Hub,109.828639,-6.950944
placeholder (ga dipake),106.831235,-6.223898
Singaparna 2 Hub,108.104262,-7.351105
Simpenan Hub,106.592222,-7.094944
Semarang Barat Hub,110.398778,-6.98075
Seluma Selatan Hub,102.563516,-4.096114
Selabintana Sukabumi First Mile Hub,106.940623,-6.889045
Selabintana Sukabumi Hub,106.940623,-6.889045
Sekayu 2 Hub,103.839649,-2.874031
Sanggar Hub,118.318304,-8.389611
Sajoanging Hub,120.277687,-3.920011
Rote Barat Hub,122.830358,-10.882829
Renah Pamenang Hub,102.383945,-2.170112
Rawa Pitu Hub,105.56316,-4.3307
Rancasari 2 First Mile Hub,107.663409,-6.944375
Rambutan Hub,104.899756,-3.096163
Rajapolah First Mile Hub,108.181583,-7.217528
Purwokerto Utara Hub,109.23367,-7.407918
Purwokerto Utara First Mile Hub,109.23367,-7.407918
Prajekan Hub,113.975107,-7.804788
Prajekan First Mile Hub,113.975107,-7.804788
Prabumulih Selatan Hub,104.235334,-3.45821
Polombangkeng Selatan Hub,119.480611,-5.453944
Plumbon Hub,108.488694,-6.713028
Patrang 2 Hub,113.681848,-8.154369
Pasir Belengkong Hub,116.216909,-1.995573
Paseh 3 Hub,107.785687,-7.048891
Parbuluan Hub,98.408783,2.694951
Parado Hub,118.558167,-8.759917
Pancoran 4 First Mile Hub,106.844778,-6.255417
Pamulang 4 First Mile Hub,106.73902,-6.338454
Overflow Koja First Mile Hub,106.915026,-6.130558
Overflow Tandes First Mile Hub,112.681649,-7.251143
Overflow Penjaringan First Mile Hub,106.722528,-6.109583
Overflow Pakuhaji First Mile Hub,106.619001,-6.063146
Overflow Kota Tangerang First Mile Hub,106.629452,-6.212765
Overflow Kota Depok First Mile Hub,106.846412,-6.356954
Overflow Kebon Jeruk First Mile Hub,106.769065,-6.188875
Overflow Kebayoran Lama First Mile Hub,106.831235,-6.223898
Overflow Kalideres First Mile Hub,106.708891,-6.159443
Overflow Grogol (Solo) First Mile Hub,110.786861,-7.590774
Overflow Gempol Cirebon First Mile Hub,108.423401,-6.674652
Overflow Dayeuhkolot First Mile Hub,107.620514,-6.965572
Overflow Cimahi Tengah First Mile Hub,107.553194,-6.90275
Overflow Cibitung First Mile Hub,107.126887,-6.267674
Overflow Cengkareng First Mile Hub,106.756651,-6.155675
Overflow Buah Batu First Mile Hub,107.618688,-6.965562
Overflow Bogor Selatan First Mile Hub,106.799148,-6.611148
Nogosari Hub,110.75375,-7.447806
Nisam Antara Hub,96.955024,5.191255
Nagrak Sukabumi First Mile Hub,106.802306,-6.884278
Muara Sabak Timur 2 Hub,103.982314,-1.101548
Muara Dua 2 Hub,103.767408,-4.408074
Megamendung Hub,106.895639,-6.649972
Megamendung 2 First Mile Hub,106.896278,-6.650806
Masaran Hub,110.92202,-7.487309
Masaran First Mile Hub,110.921441,-7.487887
Margo Tabir Hub,102.343444,-1.885222
Marbau Hub,99.843878,2.271397
Mantikulore 2 Hub,119.9245,-0.910389
Manggis Hub,115.496584,-8.528861
Mamajang 2 Hub,119.412139,-5.167306
Malangbong 2 Hub,108.054609,-7.055754
Majalengka 3 Hub,108.201912,-6.827258
Lubuk Tarok Hub,100.99362,-0.739943
Luas Hub,103.293089,-4.710552
Loa Janan Ilir 2 Hub,117.136689,-0.526058
Likupang Timur Hub,125.064068,1.657888
Liang Anggang Hub,114.733315,-3.43226
Liang Anggang First Mile Hub,114.733315,-3.43226
Lembursitu First Mile Hub,106.892235,-6.959357
Lembo Hub,121.293015,-2.127166
Leles Hub,107.899786,-7.112145
Lasem First Mile Hub,111.448968,-6.708732
Lakarsantri 2 Hub,112.64082,-7.305656
Lakarsantri 2 First Mile Hub,112.64082,-7.305656
Labuapi Hub,116.122015,-8.627841
Kuranji 2 First Mile Hub,100.398022,-0.92846
Kunir First Mile Hub,113.175534,-8.207848
Kuala Ledong (Kualuh Leidong) 2 Hub,99.946507,2.716208
Kretek Hub,110.025504,-7.346591
Kramat Jati First Mile Hub,106.879732,-6.303421
Kertak Hanyar Hub,114.638755,-3.364159
Kertak Hanyar First Mile Hub,114.638755,-3.364159
Keritang 4 Hub,102.880222,-0.748361
Kepil Hub,110.004583,-7.510778
Kemayoran 3 Hub,106.849916,-6.166666
Kelapa Gading 4 Hub,106.911212,-6.181275
Kedung Hub,110.667987,-6.656981
Kota Kediri 2 First Mile Hub,112.02235,-7.812917
Kedaton 2 Hub,105.256398,-5.366484
Karangrejo Hub,111.888308,-8.023257
Karang Tengah Kab. Demak Hub,110.562882,-6.904498
Karang Tengah Kab. Demak First Mile Hub,110.562882,-6.904498
Karang Jaya Hub,102.774423,-2.884885
Kampar Kiri Tengah 2 Hub,101.270241,0.225511
Kalideres 31 First Mile Hub,106.689551,-6.132348
Kalideres 29 First Mile Hub,106.692257,-6.129948
Kadipaten Hub,108.145667,-7.127056
Jatiasih 9 Hub,106.955,-6.309399
Idi Timur Hub,97.803148,4.914255
Gunung Bintang Awai Hub,115.064944,-1.536222
Grabag Magelang First Mile Hub,110.32572,-7.37137
Garut 2 Hub,107.891789,-7.216239
Garut 2 First Mile Hub,107.891789,-7.216239
Gamping 3 Hub,110.290407,-7.80748
Gamping 3 First Mile Hub,110.290407,-7.80748
Binangun Kab. Cilacap First Mile Hub,109.312942,-7.694645
Cisarua Kab. Bandung Barat Hub,107.560445,-6.806971
Cisarua Kab. Bandung Barat First Mile Hub,107.560445,-6.806971
Cipedes First Mile Hub,108.225667,-7.319333
Ciomas 5 Hub,106.770528,-6.604
Cineam Hub,108.355673,-7.392333
Cineam First Mile Hub,108.355673,-7.392333
Cimanggu 2 Hub,108.842185,-7.356126
Cimanggu 2 First Mile Hub,108.842185,-7.356126
Cimahi Utara 2 Hub,107.543684,-6.863064
Cikidang First Mile Hub,106.683633,-6.868324
Cikarang Utara 3 Hub,107.146753,-6.269657
Cikarang Barat 3 First Mile Hub,107.132651,-6.266398
Cihara Hub,106.091028,-6.867194
Cidaun 2 Hub,107.338528,-7.449306
Cidaun 2 First Mile Hub,107.338528,-7.449306
Cibinong Cianjur 2 Hub,107.124417,-7.294389
Cibatu 2 Hub,107.521488,-6.494366
Cengkareng 38 First Mile Hub,106.724331,-6.178579
Buduran 2 Hub,112.682807,-7.44305
Brebes 2 Hub,109.038444,-6.920111
Bonang First Mile Hub,110.599706,-6.834569
Bojongsoang 2 First Mile Hub,107.673776,-6.976778
Bogor Barat 4 Hub,106.831235,-6.223898
Bengkalis 4 Hub,102.32035,1.438903
Belitang III Hub,104.720046,-4.13297
Beduai (Beduwai) Hub,110.391447,0.706025
Baturiti 5 Hub,115.186895,-8.333298
Batik Nau Hub,101.974457,-3.481502
Banuhampu 2 Hub,100.36,-0.340917
Banuhampu 2 First Mile Hub,100.36,-0.340917
Balongbendo 2 First Mile Hub,112.545487,-7.418882
Arjawinangun 3 First Mile Hub,108.416471,-6.661863
HAMMERINDO - Cileungsi,106.97698,-6.367334
HAMMERINDO - Kosambi,106.684287,-6.097364
SPX Express Seller Pinmood,98.688168,3.552058
SPX Express Seller Z a n o O hijab,107.823397,-7.004624
SPX Express Seller triguna jaya sentosa trifinity,106.593479,-6.171777
SPX Express Seller VitaminDiskon Official Shop,106.782823,-6.123269
SPX Express Seller Grosir Perabot RT,106.934797,-6.110871
SPX Express Seller Sinar Abadi Sanjaya,112.64025,-7.198887
SPX Express Seller SF.Hijab official,107.84849,-6.991562
SPX Express Seller Pusat Mukena Hijab Tasikmalaya,108.133064,-7.345496
SPX Express Seller copitte.shop,106.621699,-6.071157
SPX Express Seller jtkids,106.783529,-6.151451
SPX Express Seller iren grosir,108.386732,-6.595416
SPX Express Seller Bunga.Redhin,107.691298,-6.90169
SPX Express Seller goodbaby indonesia,106.652156,-6.16015
SPX Express Seller kakhaofficial,106.824039,-6.327176
SPX Express Seller MATIC KING MOTOR Official Store,106.607327,-6.200476
SPX Express Seller Unicharm Official Shop,106.831235,-6.223898
SPX Express Seller Panglima Onderdil,107.578957,-6.955904
SPX Express Seller Purbasari Official Store,106.774806,-6.263944
SPX Express Seller unicharmauthorizedjawatengah,110.382124,-6.997066
SPX Express Seller MyOrganik Official Store,106.743424,-6.37381
SPX Express Seller CQCTOKO,106.732361,-6.140417
SPX Express Seller Kamifa Official Store,107.529753,-7.029754
SPX Express Seller BENUAACELL1,106.914483,-6.302211
SPX Express Seller Octarine Official Store,106.831235,-6.223898
SPX Express Seller REALMEN,106.831235,-6.223898
SPX Express Seller CLASS FANTASSTIX,108.401954,-6.642535
SPX Express Seller Hanyou,106.836087,-6.43945
SPX Express Seller Madame Gie Official Shop,106.78657,-6.1847
SPX Express Seller Smallsun,106.971922,-6.406909
SPX Express Seller tokolobo,106.774805,-6.153409
SPX Express Seller Animate Official Shop,106.657888,-6.375488
SPX Express Seller Brighty Official Shop,106.979884,-6.308001
DM Tasikmalaya DC,108.188431,-7.290029
DM Sulawesi DC,124.914579,1.475378
DM Mantikulore DC,119.88438,-0.81017
DM Kalimantan DC,109.958411,-1.794426
DM Palangka Raya DC,113.947093,-2.275679
DM Balikpapan DC,116.934534,-1.24963
DM Jambi DC,103.624539,-1.685195
DM Prabumulih DC,104.272205,-3.387572
DM Lubuk Linggau DC,102.924339,-3.273268
DM Bengkulu DC,102.327808,-3.843779
DM Sumbagsel DC,106.142636,-2.103778
DM Dumai DC,101.398162,1.593366
DM Padang DC,100.397331,-0.974582
DM Sumbagut DC,104.033294,1.108736
DM Siborong-Borong DC,98.964521,2.118729
DM Aceh DC,95.270377,5.525917
Mantikulore 2 DC,119.8756,-0.7859
Malang 2 DC,112.723976,-7.953722
Purbalingga DC,109.351256,-7.376843
Cirebon 2 DC,108.558492,-6.741148
Semarang 4 DC,110.33997,-6.98358
Rancaekek 2 DC,107.794974,-6.964108
Shopee Food - Cilandak,106.814284,-6.304365
Shopee Food - Pramuka,107.000645,-6.239761
Shopee Food - Cikokol,106.630968,-6.19386
Shopee Food - Bogor,106.796562,-6.573209
Shopee Food - Leuwinutug,106.863564,-6.513299
Otani Paper - Tanjung Priok,106.8114,-6.140813
Otani Paper - Jatiwulung,106.5695,-6.200628
4PL SAPX Express,113.486047,-7.152237
MH 2 Sungai Melayu Rayak Hub,110.310548,-1.819402
MH 1 Bunta Hub,122.14156,-0.929938
MH 2 Tayan Hilir Hub,110.040027,0.02936
MH 1 Pemahan Hub,110.537506,-1.682909
MH 1 Teupah Barat Hub,96.092471,2.660739
Wonoayu 2 First Mile Hub,112.64384,-7.432824
Widodaren First Mile Hub,111.223525,-7.401537
Wanaraja First Mile Hub,107.976722,-7.18225
Talang 2 First Mile Hub,109.148637,-6.897634
Sobo First Mile Hub,114.360223,-8.23658
Siantan 3 Hub,106.228083,3.223056
Salawu First Mile Hub,108.032676,-7.37558
Percut Sei Tuan 3 Hub,98.739545,3.606057
Pedurungan 8 First Mile Hub,110.489091,-7.026173
Patimuan Hub,108.771744,-7.568726
Patimuan First Mile Hub,108.771744,-7.568726
Panji First Mile Hub,114.034304,-7.68727
Panai Hilir Hub,100.14448,2.568126
Pamulang 2 First Mile Hub,106.753333,-6.351555
Omben Hub,113.319902,-7.118034
Ngaliyan 2 First Mile Hub,110.337904,-7.00805
Mrebet First Mile Hub,109.357561,-7.323239
Melaya Hub,114.516327,-8.302279
Lowokwaru 2 First Mile Hub,112.627726,-7.929371
Lengkong Kota Bandung Hub,107.618863,-6.925185
Lawang Kidul Hub,103.7955,-3.789117
Kedung Banteng Hub,109.218644,-7.395985
Kedung Banteng First Mile Hub,109.218644,-7.395985
Kasimbar Hub,120.034554,-0.103691
Karang Tengah 2 First Mile Hub,106.708209,-6.218566
Gemarang Hub,111.74255,-7.601385
Gambiran First Mile Hub,114.161007,-8.399428
Ciemas 3 Hub,106.515388,-7.237974
Cibungbulang 2 First Mile Hub,106.647972,-6.574694
Cibinong Bogor 7 First Mile Hub,106.841881,-6.506381
Candi 2 Hub,112.712722,-7.486194
Candi 2 First Mile Hub,112.712722,-7.486194
Cakung 12 Hub,106.91003,-6.198267
Cakung 12 First Mile Hub,106.91003,-6.198267
Asemrowo 5 First Mile Hub,112.702812,-7.254344
Sumobito First Mile Hub,112.343306,-7.529361
Sumberasih First Mile Hub,113.162842,-7.749109
Panekan First Mile Hub,111.299972,-7.631
Ngaglik 3 First Mile Hub,110.382712,-7.731124
Marga Tiga First Mile Hub,105.543397,-5.186677
Lahat 3 First Mile Hub,103.568452,-3.76398
Karanglewas First Mile Hub,109.189194,-7.4175
Gumelar 2 First Mile Hub,108.982394,-7.388555
Bangun Purba Kab. Deli Serdang First Mile Hub,98.838658,3.404356
Teluk Sebong Hub,104.355096,1.106376
Raba Hub,118.766407,-8.471466
DM Malang DC,112.71821,-7.953876
Tigaraksa 4 Hub,106.472851,-6.294004
Pekalongan Barat 2 Hub,109.668163,-6.898986
Cengkareng 13 Hub,106.764445,-6.144439
Talang Kelapa 2 Hub,104.622917,-2.915025
Kuranji 2 Hub,100.398022,-0.92846
Bulakamba 2 Hub,108.992139,-6.874553
Binangun Kab. Cilacap Hub,109.312942,-7.694875
Watumalang Hub,109.858283,-7.325008
Gedangan Malang 2 Hub,112.658471,-8.302186
Plemahan Hub,112.147249,-7.671639
Lengkiti Hub,104.091316,-4.324528
Talang 2 Hub,109.148637,-6.897634
Muara Pinang Hub,103.035959,-3.836917
Tepus Hub,110.641944,-8.125278
Sukosari Hub,113.966083,-7.946194
Silih Nara 2 Hub,96.706696,4.629192
Duo Koto (II Koto) Hub,99.93847,0.35411
Putussibau Selatan Hub,112.922917,0.845417
Lingga Utara Hub,104.585257,-0.050703
Galing 2 Hub,109.325667,1.478056
Bumi Raya Hub,121.740056,-2.225722
Bengalon 2 Hub,117.554103,0.742618
Junrejo Hub,112.577585,-7.90653
Semidang Alas Hub,102.800783,-4.244465
Payung Hub,106.143464,-2.588944
Langgudu Utara Selatan Hub,118.799436,-8.701798
Seruyan Hilir Timur Hub,112.580922,-3.367004
Aek Kuo Hub,99.81986,2.312541
Jambi 3 Hub,103.655805,-1.633357
Jatiuwung 2 Hub,106.554877,-6.197059
Pamulang Hub,106.736496,-6.320673
Medan Satria 2 Hub,106.985502,-6.231452
Tanjung Riau Hub,106.831235,-6.223898
Purwonegoro Hub,109.598187,-7.411055
Gambiran Hub,114.161007,-8.399428
Mantingan Hub,111.183806,-7.370611
Kateman 2 Hub,103.605314,0.312198
Mustika Jaya 2 Hub,107.01411,-6.279569
Cibitung 3 Hub,107.086295,-6.257283
Wanaraja Hub,107.976722,-7.18225
Cikeusal Hub,106.206278,-6.209167
Grabag Magelang Hub,110.32572,-7.37137
Pesanggrahan 3 Hub,106.752222,-6.23675
Mrebet Hub,109.357561,-7.323239
Sukaresmi Kab. Cianjur Hub,107.084079,-6.733003
Wonosalam 2 Hub,110.669944,-6.885699
Salawu Hub,108.032676,-7.37558
Tanralili Hub,119.600045,-5.107816
Umbu Ratu Nggay Barat Hub,119.603194,-9.605361
Susukan Kab. Banjarnegara Hub,109.471206,-7.450879
Pusakanagara Hub,107.872173,-6.283541
Pammana Hub,120.041325,-4.182361
Manis Mata 2 Hub,110.932056,-2.365444
Kandis 2 Hub,101.379306,0.922028
Kahayan Tengah Hub,113.957528,-1.817583
Gandus 3 Hub,104.666694,-2.994056
Tejakula Hub,115.363212,-8.134595
Galang 2 Hub,120.803504,1.091013
Baamang 3 Hub,112.965611,-2.494917
Wonoayu 2 Hub,112.643965,-7.432675
Sibolangit Hub,98.545047,3.265386
Toili 2 Hub,122.373083,-1.419563
Jongkat Hub,109.214917,0.055056
Talang Empat Hub,102.356503,-3.791704
Marang Kayu Hub,117.431944,-0.1195
Nambo Hub,122.743651,-1.069117
Cakung 14 Hub,106.904848,-6.201587
Lahat 3 Hub,103.568452,-3.76398
Panekan Hub,111.299972,-7.631
Sukatani 2 Hub,107.408225,-6.613348
Cicurug 2 Hub,106.779952,-6.776045
Gumelar 2 Hub,108.982394,-7.388555
Marga Tiga Hub,105.543397,-5.186677
Cina Hub,120.291133,-4.679831
Tanete Riattang Timur Hub,120.337056,-4.568528
Pakong Hub,113.567472,-7.044038
Banjarbaru Utara 2 Hub,114.847868,-3.433245
Pedurungan 8 Hub,110.489091,-7.026173
Bandar Baru Hub,96.08763,5.259092
Maro Sebo Hub,103.633007,-1.487726
Cempaga Hulu 2 Hub,113.084361,-1.965282
Wagir Hub,112.60778,-8.020919
Palipi Hub,98.784283,2.506062
Bangun Purba Kab. Deli Serdang Hub,98.838658,3.404356
Ngambur Hub,104.113412,-5.439883
Tugumulyo Hub,102.972944,-3.179222
Kawalu DC,108.2158,-7.362257
MH 1 Madidir Hub,125.19855,1.449365
MH 1 Sekadau Hilir 3 Hub,110.889861,0.020898
MH 1 Langowan Utara Hub,124.79061,1.199018
DM Mataram DC,116.125107,-8.632521
DM Pontianak DC,109.385609,-0.058303
DM Medan DC,98.762442,3.526575
DM Pekanbaru DC,101.406923,0.594743
DM Lampung DC,105.301766,-5.416155
DM Palembang DC,104.769621,-2.916695
DM Denpasar DC,115.298586,-8.623112
Baturaja Timur 2 First Mile Hub,104.179022,-4.140356
Ilir Timur III First Mile Hub,104.735977,-2.956078
Telukbetung Selatan First Mile Hub,105.309245,-5.445832
Tunjungan First Mile Hub,111.369124,-6.966512
Gedong Tataan 2 Hub,105.204676,-5.387915
Jagakarsa 2 Hub,106.832241,-6.320979
Baturaja Timur 2 Hub,104.179022,-4.140356
Wara Utara Hub,120.199139,-2.986515
2 X 11 Enam Lingkung Hub,100.2765,-0.565194
Puger Hub,113.471634,-8.371979
Tunjungan Hub,111.369124,-6.966512
Virtual Cinambo DC,107.693737,-6.932646
Virtual Pekalongan DC,109.640612,-6.890203
MH 3 Mepanga Hub,120.722722,0.535778
MH 2 Weda Tengah Hub,127.904664,0.47693
MH 2 Sipoholon Hub,98.96075,2.111
MH 2 Maliku Hub,114.12504,-2.971439
MH 2 Cisurupan Hub,107.793587,-7.313586
MH 1 Weda Tengah Hub,127.904664,0.47693
MH 1 Ulok Kupai Hub,101.825306,-3.202444
MH 1 Tukak Sadai Hub,106.688184,-3.021688
MH 1 Toho Hub,109.205699,0.399613
MH 1 Tebo Ulu Hub,102.247139,-1.247128
MH 1 Tebo Tengah Hub,102.423304,-1.463258
MH 1 Tanjung Kemuning Hub,103.184,-4.607278
MH 1 Sungai Sembilan Hub,101.3356,1.778859
MH 1 Sipoholon Hub,98.96075,2.111
MH 1 Salak Hub,98.324502,2.55237
MH 1 Pangkalan Lada Hub,111.776073,-2.506322
MH 1 Pamona Puselemba Hub,120.633167,-1.762056
MH 1 Jaya Baru Hub,95.29734,5.196244
MH 1 Cisurupan Hub,107.793587,-7.313586
MH 1 Airmadidi Hub,124.98336,1.424057
Dumai DC,101.398162,1.593366
SPX Express Seller lola.market,106.709295,-6.136121
SPX Express Seller tempostore,106.872231,-6.245256
SPX Express Seller Guardian Official Shop,107.092811,-6.277131
MH 3 Kabuh Hub,112.708032,-7.23985
MH 2 Kabuh Hub,112.215846,-7.401032
MH 1 Kabuh Hub,112.309336,-7.431632
Tengah Ilir Hub,102.663277,-1.468584
Telukbetung Selatan Hub,105.309245,-5.445832
Tellu Limpoe Hub,119.812333,-3.997694
Tarumajaya 2 Hub,106.990731,-6.15324
Tanjung Karang Barat 2 Hub,105.24279,-5.391212
Tanah Abang 7 Hub,106.805345,-6.174534
Sumay Hub,102.418686,-1.380317
Sukaraja Tasikmalaya First Mile Hub,108.195306,-7.465728
Sukaraja 3 Hub,106.808938,-6.530246
Sibabangun Hub,98.946611,1.515944
Semende Darat Ulu Hub,103.564514,-4.181856
Sei Binge (Bingai) Hub,98.475231,3.520344
Rancabali Hub,107.421917,-7.125333
Rancabali First Mile Hub,107.421917,-7.125333
Proppo Hub,113.438375,-7.136602
Pragaan Hub,113.653417,-7.112667
Pondok Aren 5 First Mile Hub,106.685333,-6.261806
Peusangan Hub,96.77625,5.198958
Petarukan Hub,109.460815,-6.895641
Petarukan First Mile Hub,109.460815,-6.895641
Penjaringan 27 Hub,106.78697,-6.127848
Pecangaan 5 Hub,110.709722,-6.678722
Pakis Malang First Mile Hub,112.706268,-7.954649
Pagar Dewa Hub,104.365194,-4.961361
Padang Cermin 2 Hub,100.883267,-1.24947
Nyalindung Hub,106.953601,-7.018462
Ngasem 3 Hub,112.054004,-7.826855
Ngasem 3 First Mile Hub,112.054004,-7.826855
Muara Dua Kota Lhokseumawe Hub,97.132889,5.170472
Muara Dua Kota Lhokseumawe First Mile Hub,97.132889,5.170472
Medan Denai First Mile Hub,98.710802,3.568346
Margoyoso 2 Hub,111.052313,-6.596263
Margoyoso 2 First Mile Hub,111.052313,-6.596263
Margaasih 5 First Mile Hub,107.553889,-6.948833
Lais Kab. Musi Banyuasin 2 Hub,104.108222,-2.865889
Kubu Karangasem Hub,115.543071,-8.226469
Kronjo Hub,106.420397,-6.079447
Kertasemaya Hub,108.352819,-6.532086
Kertasemaya First Mile Hub,108.352819,-6.532086
Kertapati First Mile Hub,104.740309,-3.049392
Kersamanah Hub,108.009984,-7.055749
Kenjeran 5 Hub,112.769833,-7.232944
Kenjeran 5 First Mile Hub,112.769833,-7.232944
Kemlagi Hub,112.404694,-7.40025
Kemlagi First Mile Hub,112.404694,-7.40025
Karanglewas Hub,109.189194,-7.4175
Kalinyamatan 2 First Mile Hub,110.735341,-6.719752
Kalijati Hub,107.667194,-6.516333
Kedungwuni 4 Hub,109.639381,-6.952105
Ilir Timur II First Mile Hub,104.787693,-2.968146
Grogol Sukoharjo Hub,110.807174,-7.611277
Gondokusuman Hub,110.378972,-7.793889
Gondokusuman First Mile Hub,110.378972,-7.793889
Gajah Mungkur Hub,110.414315,-7.030167
Gajah Mungkur First Mile Hub,110.414315,-7.030167
Dlingo Hub,110.468738,-7.925082
Dlingo First Mile Hub,110.461112,-7.923
Cimahi Selatan Hub,107.540096,-6.902959
Cileungsi 3 Hub,107.025218,-6.416966
Cikarang Timur First Mile Hub,107.192472,-6.303833
Cikalong Hub,108.18309,-7.74499
Cijaku Hub,106.05392,-6.707469
Cibungbulang First Mile Hub,106.645669,-6.575278
Cibinong Bogor 7 Hub,106.841881,-6.506381
Cibalong Hub,108.181886,-7.514459
Cengkareng 15 Hub,106.739417,-6.153219
Cengkareng 36 Hub,106.7665,-6.147528
Candipuro Lampung Hub,105.573806,-5.53825
Bumi Agung Hub,104.453917,-4.329139
Bongas Hub,108.03238,-6.38144
Bogor Tengah First Mile Hub,106.787954,-6.584515
Batang Toru 3 Hub,99.032833,1.486694
Batang Batang Hub,114.005485,-6.950514
Balikpapan Timur 2 Hub,116.947639,-1.239694
Babelan 6 First Mile Hub,107.045694,-6.165444
Astambul First Mile Hub,114.940358,-3.352503
Asemrowo 3 Hub,112.708032,-7.23985
SPX Express Seller chiniago,106.760868,-6.130831
SPX Express Seller benuaacell,106.772273,-6.134882
SPX Express Seller cottonstuffy,106.830234,-6.22592
SPX Express Seller poliniofficialshop,106.802637,-6.149354
SPX Express Seller leisurera,106.976218,-6.307185
SPX Express Seller lynzzbutik,106.832231,-6.483767
SPX Express Seller watchbrands,106.847043,-6.271461
SPX Express Seller ibuunderwearshop,106.831235,-6.223898
SPX Express Seller coco_market,106.887713,-6.143532
SPX Express Seller kuke_store,106.698423,-6.109211
SPX Express Seller indoberkah88,106.708175,-6.120089
SPX Express Seller storyofmu,106.724368,-6.170086
SPX Express Seller lbagstore,106.83613,-6.439535
SPX Express Seller u.needtools,106.680682,-6.080789
SPX Express Seller clodistore,106.829772,-6.419123
SPX Express Seller mlendiary.official.id,106.497597,-6.269385
SPX Express Seller whitelab,106.819919,-6.126724
SPX Express Seller najmiabeautyofficial,110.48392,-7.006557
Cileungsi DC,106.98,-6.367635
SPX Express Seller palamela.id,106.614702,-6.073813
MH 2 Lolak Hub,124.134175,0.925833
MH 1 Lolak Hub,123.835542,0.830685
DM Banjarmasin DC,114.677221,-3.447581
DM Makassar DC,119.511818,-5.071999
DM Semarang DC,110.345664,-7.016873
DM Surabaya DC,112.660153,-7.222492
DM Bandung DC,107.536719,-6.909678
Prabumulih DC,104.272205,-3.387572
MH 2 Bokat Hub,121.561342,1.061143
MH 1 Bokat Hub,121.561342,1.061143
Wongsorejo Kab.Situbondo First Mile Hub,114.399106,-7.984745
Barat 2 First Mile Hub,111.472838,-7.566863
Wongsorejo Kab.Situbondo Hub,114.399106,-7.984745
Tempurejo Hub,113.664348,-8.358945
Keritang 2 Hub,102.663139,-0.702917
Indra Makmur Hub,97.593037,4.922561
Barat 2 Hub,111.472838,-7.566863
SPX Express Seller TAG,106.734046,-6.121467
Ulakan Tapakih Tapakis Hub,100.200028,-0.69175
Teluknaga 8 First Mile Hub,106.64465,-6.092645
Rancah Hub,108.494445,-7.201837
Purworejo Kota Pasuruan First Mile Hub,112.911643,-7.632208
Kubu Raya 2 Hub,109.18193,-0.376312
Kembang Jepara Hub,110.794676,-6.509217
Kelapa Dua 6 First Mile Hub,106.598639,-6.2715
Kedunggalar Hub,111.316694,-7.413528
MH 1 Wanaraya Hub,114.636257,-2.807866
Kasihan 2 First Mile Hub,110.350112,-7.781557
Jaya Baru First Mile Hub,95.302351,5.533128
Grogol Petamburan 4 Hub,106.77924,-6.14426
Grogol Petamburan 4 First Mile Hub,106.77924,-6.14426
Dempo Tengah Hub,103.280986,-4.050541
Cilacap Utara 2 Hub,109.045333,-7.685139
Cilacap Utara 2 First Mile Hub,109.045333,-7.685139
Cibadak 3 Hub,106.802306,-6.884278
Bangko Rokan Hilir 2 Hub,100.820556,2.121417
Ampibabo Hub,120.063889,-0.462417
SPX Express Seller bao.bao.store,106.580413,-6.141182
MH 1 Batu Ampar 2 Hub,109.533435,-0.753907
MH 1 Tewah Hub,113.719779,-1.044107
Virtual Surabaya 2 DC,112.690815,-7.243671
Pome - Malang,112.64872,-7.948467
Overflow Kemang Bogor First Mile Hub,106.761359,-6.531536
Cinambo RDC,107.694505,-6.932576
Maron Hub,113.361771,-7.860641
Maron First Mile Hub,113.361771,-7.860641
Dempo Utara Hub,103.176119,-4.077023
Pakuhaji 11 First Mile Hub,106.62468,-6.063244
Cilincing 2 First Mile Hub,106.95665,-6.122536
Cileungsi 3 First Mile Hub,107.025218,-6.416966
Medan Baru First Mile Hub,98.659344,3.582877
Grobogan First Mile Hub,110.920675,-7.031598
Wringin First Mile Hub,113.757907,-7.81722
Tenayan Raya First Mile Hub,101.51568,0.492004
Telukbetung Utara First Mile Hub,105.268896,-5.439718
Tarub First Mile Hub,109.188015,-6.912957
Taraju First Mile Hub,108.009362,-7.452293
Tanjung Senang First Mile Hub,105.293138,-5.349335
Tanjung Karang Barat 2 First Mile Hub,106.831235,-6.223898
Tampan Pekanbaru 2 First Mile Hub,101.402799,0.454571
Tambun Utara First Mile Hub,107.040611,-6.210503
Tambang First Mile Hub,101.294401,0.425328
Sukolilo 2 First Mile Hub,110.937485,-6.919669
Sukarame First Mile Hub,105.305167,-5.389167
Singaparna 2 First Mile Hub,108.104262,-7.351105
Sematang Borang First Mile Hub,104.847466,-2.942839
Seberang Ulu II First Mile Hub,104.790414,-2.989876
Seberang Ulu I First Mile Hub,104.772863,-3.013662
Rumbai First Mile Hub,101.447917,0.56021
Rajabasa First Mile Hub,105.241596,-5.355596
Pondok Aren First Mile Hub,106.709691,-6.270247
Plaosan First Mile Hub,111.264288,-7.666296
Plaju First Mile Hub,104.805222,-3.023972
Percut Sei Tuan First Mile Hub,98.761448,3.607085
Metro Utara First Mile Hub,105.292211,-5.099776
Medan Tuntungan First Mile Hub,98.635179,3.523498
Medan Selayang 2 First Mile Hub,98.632361,3.554611
Medan Labuhan First Mile Hub,98.67488,3.749037
Medan Deli First Mile Hub,98.669451,3.65242
Medan Barat First Mile Hub,98.672874,3.606793
Medan Area 2 First Mile Hub,98.685858,3.580279
Mauk First Mile Hub,106.512954,-6.063456
Majalaya First Mile Hub,107.755372,-7.038647
Lima Puluh First Mile Hub,101.452108,0.538056
Leuwisadeng 4 First Mile Hub,106.831235,-6.223898
Kuta Alam First Mile Hub,95.318945,5.565661
Krembung First Mile Hub,112.607571,-7.485545
Kemuning First Mile Hub,104.75407,-2.955357
Kemiling First Mile Hub,105.204456,-5.388085
Kedung Waringin First Mile Hub,107.226378,-6.265786
Kedamaian First Mile Hub,105.281225,-5.410768
Karanganyar 2 First Mile Hub,110.792124,-7.553277
Karang Bahagia First Mile Hub,107.159444,-6.231314
Jatiasih 2 First Mile Hub,106.93833,-6.352324
Jaten First Mile Hub,110.908799,-7.579416
Jambe First Mile Hub,106.479601,-6.306388
Ilir Timur I First Mile Hub,104.735977,-2.956078
Ciputat Timur First Mile Hub,106.747761,-6.295922
Cilincing First Mile Hub,106.92508,-6.129068
Cikampek 2 First Mile Hub,107.455609,-6.408639
Cicurug First Mile Hub,106.777885,-6.797262
Cempaka Putih First Mile Hub,106.859249,-6.193758
Bumi Waras First Mile Hub,105.283148,-5.440483
Bukit Raya First Mile Hub,101.462211,0.502137
Banyumanik First Mile Hub,110.411996,-7.065191
Asembagus 3 First Mile Hub,106.831235,-6.223898
Abiansemal First Mile Hub,115.2108,-8.541349
Medan Satria 4 First Mile Hub,106.977806,-6.190694
Klambu First Mile Hub,110.838775,-7.012915
Jatipuro First Mile Hub,111.012593,-7.746032
Sungai Kunjang 2 First Mile Hub,117.12691,-0.494981
Baleendah 4 First Mile Hub,107.630889,-6.996722
Tenayan Raya 2 First Mile Hub,101.4835,0.495306
Temayang 2 First Mile Hub,111.910619,-7.332974
Puspo First Mile Hub,112.863472,-7.806972
Purwasari 2 First Mile Hub,107.396417,-6.383472
Pasongsongan First Mile Hub,113.663167,-6.887028
Pamulihan First Mile Hub,107.842473,-6.887013
Laweyan Kota Surakarta First Mile Hub,110.815961,-7.570681
Kenjeran 4 First Mile Hub,112.762301,-7.222992
Kebayoran Lama 4 First Mile Hub,106.77775,-6.253222
Babakan Madang 2 First Mile Hub,106.855056,-6.560361
Sukomanunggal 3 First Mile Hub,106.831235,-6.223898
Banguntapan 2 First Mile Hub,110.396113,-7.85599
Tanjung Priok 9 First Mile Hub,106.857318,-6.148163
Simpang Empat Kab. Karo First Mile Hub,98.461957,3.141618
Paron First Mile Hub,111.385565,-7.442308
Paliyan First Mile Hub,110.518056,-8.042056
Mijen Demak First Mile Hub,110.718237,-6.847388
Makarti Jaya First Mile Hub,104.974944,-2.479634
Jatinegara Kab. Tegal First Mile Hub,109.237687,-7.061277
Ciputat 4 First Mile Hub,106.7496,-6.340343
Wiradesa 2 First Mile Hub,109.608611,-6.892306
Takokak First Mile Hub,107.002951,-7.055141
Rawalumbu 2 First Mile Hub,106.994196,-6.270622
Panumbangan First Mile Hub,108.217943,-7.133506
Padalarang 2 First Mile Hub,107.490133,-6.846239
Ngimbang First Mile Hub,112.221178,-7.287046
Ngaliyan 3 First Mile Hub,110.34363,-6.986271
Mergangsan First Mile Hub,110.376844,-7.812144
Sukoharjo Kab Sukoharjo First Mile Hub,110.828639,-7.674111
Gumelar First Mile Hub,109.003333,-7.417222
Cikupa 6 First Mile Hub,106.511311,-6.230699
Cengkareng 12 First Mile Hub,106.831235,-6.223898
Singosari 2 Hub,106.831235,-6.223898
Setu Bekasi 2 Hub,107.031534,-6.349342
Pangatikan Hub,107.990462,-7.166417
Linggo Sari Baganti 2 Hub,100.873194,-1.903417
Kuta Selatan 6 Hub,106.831235,-6.223898
not in operation.,106.831235,-6.223898
Kelumpang Hilir 2 Hub,116.101389,-3.279444
Kedungjati 2 Hub,110.63123,-7.165073
Rundeng Hub,97.910889,2.668611
Muko Muko Bathin Hub,102.045753,-1.532213
Donomulyo Hub,112.429752,-8.280823
Bojongsoang 2 Hub,107.673776,-6.976778
Pakuhaji 5 Hub,106.630944,-6.067556
Klapanunggal 2 Hub,106.903979,-6.470287
Watukumpul Hub,109.433963,-7.152908
Teluk Bayur 2 Hub,117.455248,2.170569
Purba Hub,98.693302,2.902108
Lemong Hub,103.742273,-5.023747
Klambu Hub,110.838775,-7.012915
Jatipuro Hub,111.012593,-7.746032
Sungai Kunjang 2 Hub,117.12691,-0.494981
Keliling Danau Hub,101.432022,-2.117113
Haruai Hub,115.461885,-2.040836
Binjai Barat 2 Hub,98.450056,3.671611
Badar Hub,97.77275,3.560111
Tenggarong Seberang 2 Hub,117.01275,-0.452611
Temayang 2 Hub,111.910619,-7.332974
Tarakan Barat 4 Hub,117.589912,3.293196
Ranah Pesisir Hub,100.802473,-1.781195
Pasongsongan Hub,113.663167,-6.887028
Pamulihan Hub,107.842473,-6.887013
Laweyan Kota Surakarta Hub,110.815961,-7.570681
Kenjeran 4 Hub,112.762301,-7.222992
Huta Bayu Raja Hub,99.282167,2.964667
Gunung Sitoli Utara Hub,97.573554,1.352342
Cempaka Hub,104.649083,-3.760528
Angkola Selatan Hub,99.240332,1.368611
Tulakan Hub,111.27605,-8.172404
Kandangan Temanggung Hub,110.186134,-7.254124
Banguntapan 2 Hub,110.396113,-7.85599
Teluk Dalam Asahan Hub,99.666083,2.856972
Tegowanu Hub,110.618811,-7.05069
Tanjung Lago Hub,104.733444,-2.650389
Tanah Sareal 2 Hub,106.778092,-6.558403
Talun Hub,109.701111,-7.024333
Simpang Empat Kab. Karo Hub,98.461957,3.141618
Sentajo Raya Hub,101.576859,-0.47358
Selimbau Hub,112.122302,0.597671
Sambaliung Hub,117.524342,2.153432
Rupat 3 Hub,101.421833,1.825639
Rambang Niru Hub,104.052306,-3.486556
Penengahan Hub,105.687439,-5.750894
Paron Hub,111.385565,-7.442308
Paliyan Hub,110.518056,-8.042056
Pahandut 3 Hub,113.9375,-2.216667
Muara Tabir 2 Hub,102.504417,-1.694944
Melinting 3 Hub,105.742059,-5.354474
Martapura 2 Hub,104.359507,-4.361958
Makarti Jaya Hub,104.974944,-2.479634
Kota Lama Hub,123.585824,-10.160356
Jatinegara Kab. Tegal Hub,109.237687,-7.061277
Jambi Luar Kota Hub,103.499222,-1.599444
Guntur 3 Hub,110.55875,-6.983694
Geyer Hub,110.903433,-7.244873
Ciputat 4 Hub,106.7496,-6.340343
Cepiring Hub,110.151246,-6.93353
Banjit Hub,104.498842,-4.794346
Bandar Negeri Suoh 2 Hub,104.311735,-5.305873
Pome - Tangerang,106.619331,-6.154933
Bangko Rokan Hilir Hub,100.834333,2.097833
Wiradesa 2 Hub,109.608611,-6.892306
Takokak Hub,107.002951,-7.055141
Sukoharjo Kab. Pringsewu Hub,104.983801,-5.277583
Suak Tapeh Hub,104.331778,-2.745083
Seponti Hub,109.833883,-0.863602
Panumbangan Hub,108.217943,-7.133506
Ngaliyan 3 Hub,110.343618,-6.986137
Mergangsan Hub,110.376844,-7.812144
Kendawangan 4 Hub,110.349111,-2.292306
Gunung Kencana 2 Hub,106.060415,-6.568776
Gumelar Hub,109.003333,-7.417222
Buko Selatan Hub,122.825417,-1.491944
Batu Layar Hub,116.074908,-8.541226
Kalianget First Mile Hub,113.924777,-7.044726
Bangun Purba First Mile Hub,100.186139,0.884528
Ajung First Mile Hub,113.698611,-8.217
Tanjung Palas Utara Hub,117.217861,3.043222
Sungai Raya Kepulauan Hub,108.863343,0.791599
Sungai Keruh 2 Hub,103.700583,-3.194417
Sumobito Hub,112.343306,-7.529361
Simanindo Hub,98.839667,2.669888
Sabak Auh Hub,102.089361,1.072306
Mentawa Baru Hub,112.933619,-2.53559
Kalianget Hub,113.924777,-7.044726
Jagakarsa 3 Hub,106.837147,-6.31056
Gayam Hub,114.331336,-7.16548
Blubur Limbangan Hub,107.970783,-7.044938
Bayang Hub,100.518583,-1.264194
Bangun Purba Hub,100.186139,0.884528
Bahodopi 3 Hub,122.152472,-2.800944
Amali Hub,120.138642,-4.40027
Ajung Hub,113.698611,-8.217
MH 2 Teluk Batang Hub,109.77496,-1.000424
MH 1 Pangaribuan Hub,99.365134,2.030314
MH 2 Dondo Hub,120.532889,0.77725
MH 1 Dondo Hub,120.532889,0.77725
MH 1 Baebunta Hub,120.250694,-2.597541
MH 1 Duampanua Hub,119.538943,-3.670407
MH 2 Semitau Hub,111.969523,0.521019
MH 1 Sebuku Hub,117.150005,4.006398
MH 2 Kongbeng Hub,116.887611,1.077194
MH 1 Kongbeng Hub,116.887611,1.077194
MH 1 Samarinda Utara Hub,117.2267,-0.438278
MH 1 Sungai Laur Hub,110.494431,-0.71024
MH 1 Tumbang Titi Hub,110.612938,-1.829175
MH 1 Singkup Hub,110.597798,-2.329503
MH 1 Baamang 2 Hub,112.506972,-2.545126
MH 1 Mentaya Hulu Hub,112.506459,-1.969243
MH 1 Bukit Batu Kota Palangka Raya Hub,113.756558,-1.989417
MH 1 Batukuning Lakitan Ulu Hub,103.360696,-3.341934
MH 1 Ulu Barumun Hub,99.689,1.064639
MH 1 Minas Hub,101.451902,0.724614
Infarm - Jakarta Barat,106.702096,-6.148515
Infarm - Surabaya 2,112.801897,-7.291662
Infarm - Surabaya 1,112.788722,-7.3255
Infarm - Semarang,110.444981,-7.000666
Infarm - Bogor,106.97698,-6.367334
Sumber First Mile Hub,108.49865,-6.747961
Karawaci 2 First Mile Hub,106.62569,-6.190507
Sultan Daulat 2 Hub,97.977028,2.713972
Lobalain 4 Hub,123.063456,-10.756848
MH 1 Wara Hub,120.210014,-3.021082
MH 2 Mepanga Hub,120.550696,0.517427
MH 1 Mepanga Hub,120.427486,0.481212
MH 1 Kahu Hub,120.115944,-4.955306
Pamulang 3 Hub,106.758264,-6.347427
MH 1 Sepaku 2 Hub,116.764165,-0.915537
MH 1 Simpang Hilir Hub,109.963017,-1.113803
MH 7 Sandai Hub,110.53376,-1.236645
MH 6 Sandai Hub,110.53376,-1.236645
MH 2 Matuari Hub,125.129853,1.472697
Zeodda - Tangerang,106.679734,-6.079726
MH 1 Marau Hub,110.719624,-2.112932
MH 1 Mukok Hub,110.770502,0.135173
MH 1 Dedai Hub,111.674672,0.054882
MH 1 Martapura Kalimantan Hub,114.886476,-3.436868
MH 4 Nanga Tayap Hub,110.567102,-1.534029
MH 1 Sungai Melayu Rayak Hub,110.45575,-1.775389
MH 3 Jelai Hulu Hub,110.759496,-1.993872
MH 1 Kubung Hub,100.682922,-0.840285
Denpasar Selatan First Mile Hub,115.225194,-8.712148
Denpasar 2 First Mile Hub,115.189692,-8.675127
Denpasar Utara First Mile Hub,115.197653,-8.630951
SPX Express Seller hellobrandholic.,108.53364,-6.723006
Cimanggu Hub,105.64575,-6.667028
Sumowono 2 Hub,110.318362,-7.211396
Sumowono 2 First Mile Hub,110.318362,-7.211396
Sooko First Mile Hub,112.413674,-7.520852
Selakau Timur Hub,109.055866,1.0731
Cipondoh 4 Hub,106.686778,-6.192889
Banyubiru Hub,110.416763,-7.303729
Banyubiru First Mile Hub,110.416763,-7.303729
Pulau Maya 2 Hub,109.463679,-1.092096
Mandor Hub,109.346694,0.319306
Gempol 2 Hub,112.698949,-7.5492
Gempol 2 First Mile Hub,112.698949,-7.5492
Simeulue Barat Hub,95.953694,2.809556
Kayen 3 Hub,110.985992,-6.898866
Panyileukan 5 First Mile Hub,107.707138,-6.923073
Baebunta 2 Hub,120.273611,-2.587456
Harjamukti First Mile Hub,108.560367,-6.741817
Beji Kota Depok First Mile Hub,106.80568,-6.38618
SPX Express Seller thebeautyhouse,106.740504,-6.160793
SPX Express Seller Makarizo,106.909927,-6.190254
Cikarang Barat DC,107.097996,-6.293023
Cakung RDC,106.944429,-6.171741
Sukadiri First Mile Hub,106.831235,-6.223898
Banjaran 3 First Mile Hub,107.562952,-7.087287
Puri 3 First Mile Hub,112.433839,-7.50603
Kalinyamatan First Mile Hub,110.709824,-6.728356
Jepon First Mile Hub,111.45259,-6.971505
Rungkut 3 First Mile Hub,112.769371,-7.313376
Adian Koting First Mile Hub,98.911639,1.866083
Kadupandak First Mile Hub,107.046975,-7.259352
Wungu First Mile Hub,111.56747,-7.660029
Legok 5 First Mile Hub,106.578201,-6.320726
Warungasem First Mile Hub,109.700207,-6.925093
Karangpandan First Mile Hub,111.033896,-7.619345
Sukaraja 3 First Mile Hub,106.826661,-6.546785
Regol 4 First Mile Hub,107.615308,-6.950498
Purwakarta 2 First Mile Hub,107.457333,-6.530361
Pacet 4 First Mile Hub,107.704855,-7.101058
Jepara Kota First Mile Hub,110.683483,-6.592876
Batujaya First Mile Hub,107.213122,-6.096068
Banyuates First Mile Hub,113.186346,-6.902951
Bantaran First Mile Hub,113.180109,-7.860729
Cikeusik First Mile Hub,105.853184,-6.791846
Tanjungkerta First Mile Hub,107.88943,-6.764503
Mijen First Mile Hub,110.311361,-7.061555
Lubuk Batang First Mile Hub,104.213288,-4.051654
Karanggeneng First Mile Hub,112.365722,-7.003139
Cipayung Kota Depok First Mile Hub,106.807802,-6.437319
Binong First Mile Hub,107.78757,-6.422107
Somagede First Mile Hub,109.331139,-7.521944
Kasihan First Mile Hub,110.345549,-7.844374
Jekulo First Mile Hub,110.943857,-6.799906
Dayeuhluhur First Mile Hub,108.604656,-7.260736
Cimahi Tengah 3 First Mile Hub,107.551707,-6.898583
Medan Amplas 3 First Mile Hub,98.7275,3.538111
Kawedanan First Mile Hub,111.444571,-7.706793
Jatiluhur First Mile Hub,107.437889,-6.524639
Gantar First Mile Hub,107.962944,-6.501667
Teupah Barat Hub,96.24075,2.442889
Bahodopi 5 Hub,122.133194,-2.788694
Tojo Barat Hub,120.98886,-1.405772
Tinggi Raja Hub,99.566273,2.889025
Meral Barat Hub,103.366944,1.051139
Banding Agung 2 Hub,103.912305,-4.805427
Puri 3 Hub,112.433839,-7.50603
Jepon Hub,111.45259,-6.971505
Batang Asam Hub,102.964524,-1.066916
Sendang Agung Hub,104.8875,-5.167611
Lais Kab. Musi Banyuasin Hub,104.104438,-2.864726
Koja 6 Hub,106.913719,-6.118374
Cikajang Hub,107.801111,-7.346861
Belitang Hilir Hub,111.069565,0.108058
Adian Koting Hub,98.911639,1.866083
Kasui Hub,104.444714,-4.716086
Tanjung Raya Hub,100.186934,-0.248265
Abung Barat Hub,104.70053,-4.866614
Wungu Hub,111.56747,-7.660029
Tapos 4 Hub,106.843143,-6.438602
Tambusai Utara 2 Hub,100.341574,1.37457
Sumberasih Hub,113.162842,-7.749109
Gambir 6 Hub,106.811023,-6.176165
Cisewu Hub,107.498701,-7.374265
Buru Hub,103.509446,0.902621
Wawo Hub,118.841544,-8.552282
Rumbai 2 Hub,101.400722,0.591556
Pitu Riase Hub,120.029958,-3.825332
Pedurungan 9 Hub,110.472667,-7.000417
Bonang Hub,110.599706,-6.834569
Karangpandan Hub,111.033896,-7.619345
Anjongan 2 Hub,109.346694,0.319306
Tanah Pinoh 2 Hub,111.521179,-0.751182
Talo Hub,102.69696,-4.180884
Sukaresmi Hub,105.849725,-6.545429
Siantar Narumonda Hub,99.170222,2.419028
Ranto Baek Baik Hub,99.383477,0.499227
Purwakarta 2 Hub,107.457333,-6.530361
Mesuji Timur Hub,105.505204,-4.012844
Lilir Rilau Hub,119.963667,-4.3415
Batujaya Hub,107.213122,-6.096068
Barumun Selatan Hub,99.754051,1.008796
Banyuates Hub,113.186346,-6.902951
Bantaran Hub,113.180109,-7.860729
Pangkatan Hub,99.992259,2.153585
Jongkong (Jengkong) Hub,112.275083,0.649861
Balusu Hub,119.636473,-4.310805
Tanjungkerta Hub,107.88943,-6.764503
Taman Madiun 2 Hub,111.520021,-7.649492
Pupuan Hub,115.032161,-8.330508
Lubuk Batang Hub,104.213288,-4.051654
Kayu Aro Barat Hub,101.249684,-1.811504
Kayan Hilir Hub,111.92125,-0.094611
Karanggeneng Hub,112.365722,-7.003139
Garoga Hub,99.366335,2.028693
Binong Hub,107.78757,-6.422107
Baras 2 Hub,119.327722,-1.586444
Bandar Masilam Hub,99.274611,3.221556
Sukakarya Kota Sabang Hub,95.315778,5.841661
Somagede Hub,109.331139,-7.521944
Lembang Jaya Hub,100.718944,-0.936583
Kasihan Hub,110.345549,-7.844374
Jekulo Hub,110.943857,-6.799906
Dayeuhluhur Hub,108.604656,-7.260736
Way Pengubuan Hub,105.225556,-4.789694
Tanah Putih Tanjung Melawan Hub,101.029667,1.660556
Sungkai Utara 2 Hub,104.741472,-4.655181
Singkohor Hub,97.92975,2.515806
Pajukukang Hub,120.028256,-5.571583
Natar 3 Hub,105.2176,-5.348085
Mukok 2 Hub,110.718541,0.068645
Mentok 2 Hub,105.155966,-2.042524
Medan Amplas 3 Hub,98.7275,3.538111
Malinau Kota 2 Hub,116.609778,3.56725
Kota Waingapu 4 Hub,120.243972,-9.665306
Jambangan Hub,112.708725,-7.332519
Gunung Toar Hub,101.482057,-0.620764
Gringsing Hub,110.019359,-6.971364
Gantar Hub,107.962944,-6.501667
Deli Tua 2 Hub,98.679277,3.482705
Bunut Hulu 3 Hub,112.701727,0.473747
Bayan Hub,116.423267,-8.228256
Batipuh Hub,100.469288,-0.487575
Bangko Pusaka (Pusako) 2 Hub,100.955498,1.758009
Bahar Selatan Hub,103.445972,-1.989444
MH 2 Habinsaran Hub,99.347549,2.305637
MH 1 Habinsaran Hub,99.347549,2.305637
MH 2 Lintong Nihuta Hub,98.982266,2.308593
MH 1 Lintong Nihuta Hub,98.881167,2.292136
MH 1 Pagar Alam Utara Hub,103.07206,-4.174316
MH 1 Peunaron Hub,97.658731,4.609132
MH 1 Palmatak Hub,106.295917,3.344889
MH 1 Kongbeng 2 Hub,116.922818,1.096798
MH 1 Telaga Antang Hub,112.612384,-1.809057
MH 1 Meliau 2 Hub,110.368856,-0.098673
MH 1 Balai Hub,110.095767,0.138818
MH 1 Selakau Hub,108.972837,1.061769
MH 1 Sajingan Besar Hub,109.597447,1.65732
MH 1 Sungai Pinyuh Hub,109.073605,0.273836
MH 1 Tanah Pinoh Hub,111.554868,-0.791798
MH 1 Belimbing Hub,111.606451,-0.322244
MH 3 Nanga Tayap Hub,110.567102,-1.534029
MH 2 Manis Mata Hub,111.030632,-2.459104
MH 1 Manis Mata Hub,111.030632,-2.459104
MH 2 Kendawangan Hub,110.195033,-2.510312
MH 1 Kendawangan Hub,110.195033,-2.510312
MH 2 Bengkayang Hub,109.485616,0.83116
MH 1 Cipanas Lebak Hub,106.390534,-6.541783
MH 1 Kerumutan Hub,102.254963,-0.056537
Gudang Shipper Tangerang Legok,106.593521,-6.286474
Warehouse Shipper Surabaya,112.681649,-7.249445
CV LOKA WIRA SENTOSA - PADANG,100.378462,-0.836792
PT JAYA PALEMBANG SUKSES - JAMBI,103.63697,-1.64169
PT JAYA PALEMBANG SUKSES - LAMPUNG,105.29355,-5.409004
PT SURYAKARSA PUSPITAPRIMA - PEKANBARU,101.361324,0.493595
PT HERTA SUKSES GEMILANG - ACEH,95.306937,5.535479
PT HERTA SUKSES GEMILANG - MEDAN,98.701777,3.657611
CV SINAR MITRA UTAMA - YOGYAKARTA,110.345774,-7.722182
PT ASTHA MAKMUR LESTARI - SURABAYA,112.760482,-7.260229
CV DIMAS - KEDIRI,112.032677,-7.861583
CV DIMAS - MADIUN,111.489193,-7.628143
CV SAGARA TIMUR WOLOBO - KUPANG,123.618668,-10.145241
PT SAGARA TIMUR DEWATA - BALI,115.248814,-8.633972
SPX Express Seller onix.id,106.961686,-6.18713
SPX Express Seller sun_rumah,106.619845,-6.204039
SPX Express Seller Fun Shop 88,106.746039,-6.127994
Kejobong Hub,109.480724,-7.404509
Padamara Hub,109.351417,-7.37875
Jebres 2 Hub,110.846907,-7.565633
Ngaliyan 2 Hub,110.336194,-7.018159
Sapuran First Mile Hub,109.97547,-7.443909
Selomerto First Mile Hub,109.872361,-7.419167
Mejayan First Mile Hub,111.654579,-7.550112
Ungaran Timur First Mile Hub,110.42195,-7.133507
Semarang Timur First Mile Hub,110.435419,-6.978273
Playen First Mile Hub,110.575912,-7.939275
Semanu First Mile Hub,110.67526,-7.999655
Semarang Tengah First Mile Hub,110.415827,-6.976157
Sidomukti First Mile Hub,110.492611,-7.341917
Semarang 2 First Mile Hub,110.391825,-6.987731
Giriwoyo First Mile Hub,110.936786,-8.030181
Paguyangan First Mile Hub,109.032138,-7.292411
Dawe First Mile Hub,110.869813,-6.733203
Pecangaan 2 First Mile Hub,110.707361,-6.68816
Pakem First Mile Hub,110.416085,-7.664658
Padang Utara First Mile Hub,100.357775,-0.914114
Kota Waingapu 3 Hub,120.666833,-9.883389
Balaraja 6 Hub,106.41873,-6.221132
Colomadu 3 Hub,110.761674,-7.532473
Jebres 4 Hub,110.842923,-7.5372
Driyorejo 4 Hub,112.575806,-7.382638
Dendang Hub,107.901644,-3.068017
Simpang Hulu 2 Hub,110.347472,-0.521806
Pondok Aren 5 Hub,106.685333,-6.261806
Tanjung Agung Hub,103.80319,-3.879818
Pulau Pramuka Hub,106.613046,-5.746624
Lembak Hub,104.340721,-3.344753
Sajira Hub,106.340454,-6.432047
Ciparay 2 First Mile Hub,107.70766,-7.085124
Dempet First Mile Hub,110.711574,-6.968586
Sinduharjo First Mile Hub,110.41264,-7.704897
Sambung Macan First Mile Hub,111.053995,-7.406343
Ambulu 2 First Mile Hub,113.546324,-8.322081
Suradadi First Mile Hub,109.276958,-6.899107
Patokbeusi First Mile Hub,107.578778,-6.376556
Cipeundeuy First Mile Hub,107.56985,-6.5043
Manggala First Mile Hub,119.494637,-5.159733
Cipunagara First Mile Hub,107.878761,-6.465833
Salaman First Mile Hub,110.114021,-7.566572
Wuryantoro First Mile Hub,110.850305,-7.912149
Warungkiara First Mile Hub,106.715561,-6.979861
Kalideres 14 First Mile Hub,106.717466,-6.144816
Mustika Jaya 2 First Mile Hub,107.01411,-6.279569
Teluk Telok Pakedai Hub,106.831235,-6.223898
Wringin Hub,113.757907,-7.81722
Wewewa Selatan Hub,106.831235,-6.223898
Rebang Tangkas Hub,104.375785,-4.666385
Unter Iwes (Unterwiris) Hub,117.398874,-8.491412
Ulok Kupai Hub,101.825306,-3.202444
Ubud Hub,115.261807,-8.544418
Tungkal Jaya 3 Hub,103.80175,-2.249306
Tuminting 2 Hub,124.848751,1.515714
Tuminting 2 First Mile Hub,124.848751,1.515714
Tobelo Selatan Hub,127.992111,1.667444
Tigaraksa 5 First Mile Hub,106.831235,-6.223898
Tewang Sanggalang Garing (Sangalang) Hub,113.285092,-1.775031
Teluk Meranti Hub,102.532528,0.154917
Teluk Gelam 2 Hub,104.810056,-3.594333
Teluk Gelam 2 First Mile Hub,104.810056,-3.594333
Tebo Ilir 3 Hub,106.831235,-6.223898
Batu Aji 2 Hub,103.943626,1.056902
Tanah Abang 9 Hub,106.831235,-6.223898
Tanah Abang 11 Hub,106.831235,-6.223898
Tanah Abang 10 Hub,106.831235,-6.223898
Tambun Selatan 5 First Mile Hub,106.831235,-6.223898
Talang Padang Hub,102.935436,-3.693787
Susukan 4 First Mile Hub,106.831235,-6.223898
Susukan 3 First Mile Hub,106.831235,-6.223898
Sungai Raya 3 Hub,109.440843,-0.180953
Sungai Menang Hub,105.25114,-3.610677
Sungai Gelam 5 Hub,103.854114,-1.744842
Sungai Durian Hub,116.156278,-2.511861
Sumalata Hub,122.426008,0.983038
Sumalata First Mile Hub,122.426008,0.983038
Sukarame Hub,105.305167,-5.389167
Sukaraja 4 First Mile Hub,106.831235,-6.223898
Balai Riam 2 Hub,111.185524,-2.331021
Somba Opu 2 Hub,119.461853,-5.204114
Solokan Jeruk 3 First Mile Hub,106.831235,-6.223898
Sokan Hub,111.50519,-0.898605
Singkup 2 Hub,106.831235,-6.223898
Simpang Teritip 2 Hub,105.376333,-1.915222
Setu Kota Tangerang Selatan 3 Hub,106.682196,-6.339836
Setu Kota Tangerang Selatan 3 First Mile Hub,106.682196,-6.339836
Setiabudi 3 Hub,106.831235,-6.223898
Seranau Hub,106.831235,-6.223898
Serai Serumpun Hub,102.332185,-1.246785
Sepauk 2 Hub,111.162111,-0.051274
Semidang Alas Maras Hub,102.805528,-4.346528
Semende Darat Laut 2 Hub,106.831235,-6.223898
Sekarbela First Mile Hub,116.076333,-8.594194
Sejangkung Hub,106.831235,-6.223898
Sei Sungai Kunyit 2 Hub,108.940265,0.448646
Sei Rampah Kab. Serdang Bedagai Hub,106.831235,-6.223898
Sandai 3 Hub,110.532996,-1.222743
Samarinda Seberang 5 Hub,106.831235,-6.223898
Saipar Dolok Hub,99.372123,1.831432
Rumbia Bombana Hub,122.039966,-4.766848
Rumbai Pesisir Hub,101.474335,0.569387
Rantau Kopar Hub,101.127389,1.272806
Rambang Dangku Hub,106.831235,-6.223898
Rajeg 3 First Mile Hub,106.831235,-6.223898
Putussibau Utara Hub,112.93582,0.930273
Putussibau 2 Hub,106.831235,-6.223898
Pulau Rimau Hub,106.831235,-6.223898
Pulau Laut Utara Hub,116.170833,-3.29689
Pucuk Rantau Hub,101.721001,-0.805786
Peranap 2 Hub,101.999971,-0.592179
Pelepat Ilir Hub,102.360429,-1.614872
Pelepat Ilir First Mile Hub,102.360429,-1.614872
Pedurungan 6 Hub,106.831235,-6.223898
Pedurungan 6 First Mile Hub,106.831235,-6.223898
Pasirjambu 3 First Mile Hub,106.831235,-6.223898
Parigi 3 Hub,106.831235,-6.223898
Parenggean 5 Hub,112.87178,-1.981779
Parenggean 4 Hub,106.831235,-6.223898
Pamenang Barat 3 Hub,106.831235,-6.223898
Pakuhaji 10 First Mile Hub,106.623498,-6.067725
Pagedangan 8 Hub,106.831235,-6.223898
Pagedangan 7 Hub,106.831235,-6.223898
Pagedangan 4 First Mile Hub,106.831235,-6.223898
Pagaran Tapah Darussalam Hub,100.599439,0.79085
Padang Sidempuan 4 Hub,106.831235,-6.223898
Ngamprah 3 First Mile Hub,106.831235,-6.223898
Negeri Katon Hub,105.055237,-5.290061
Mulyorejo 7 First Mile Hub,106.831235,-6.223898
Muara Siau Hub,102.093528,-2.275556
Muara Komam Hub,115.816722,-1.695083
Monterado 2 Hub,109.132722,0.758639
Luwuk Utara Hub,122.853546,-0.927602
Mengwi Badung 2 Hub,115.132437,-8.612524
Mengwi Badung 2 First Mile Hub,115.132437,-8.612524
Mendahara Ulu Hub,103.485139,-1.274528
Mendahara Hub,103.677833,-0.9555
Mekakau Ilir Hub,106.831235,-6.223898
Megang Sakti Hub,103.024361,-3.026568
Medan Polonia First Mile Hub,106.831235,-6.223898
Medan Marelan 3 Hub,106.831235,-6.223898
Medan Marelan 2 First Mile Hub,106.831235,-6.223898
Medan Helvetia 6 First Mile Hub,106.831235,-6.223898
Matan Hilir Selatan 3 Hub,110.024978,-1.91107
Maro Sebo Ulu Hub,102.885356,-1.636219
Maro Sebo Ilir Hub,103.169889,-1.680806
Mantewe 2 Hub,115.838471,-3.286455
Lunyuk Hub,117.200834,-8.995947
Lunyuk First Mile Hub,117.200834,-8.995947
Lubuk Besar 2 Hub,106.565812,-2.554406
Lubai Ulu 3 Hub,104.165117,-3.819685
Lobalain 2 Hub,106.831235,-6.223898
Loa Kulu Hub,117.032056,-0.541861
Linggau Timur Satu Hub,102.898212,-3.276602
Laung Tuhup Hub,114.73598,-0.610854
Labuhan Ratu Hub,105.661777,-5.097954
Kutuh 2 Hub,106.831235,-6.223898
Kurun 3 Hub,113.852673,-1.126288
Kosambi 28 First Mile Hub,106.831235,-6.223898
Kopo Hub,106.386645,-6.301291
Kopo First Mile Hub,106.386645,-6.301291
Kilo Hub,106.831235,-6.223898
Kembangan 7 Hub,106.755556,-6.200688
Kelumpang Tengah Hub,106.831235,-6.223898
Kebon Jeruk 16 First Mile Hub,106.831235,-6.223898
Karawaci 8 First Mile Hub,106.831235,-6.223898
Kampar Hub,101.112537,0.345979
Kalideres 15 First Mile Hub,106.831235,-6.223898
Jayapura Utara Hub,106.831235,-6.223898
Jatiuwung 5 First Mile Hub,106.831235,-6.223898
Jatiasih 8 Hub,106.95592,-6.291362
Jatiasih 7 Hub,106.936164,-6.27308
Jagakarsa 7 Hub,106.831235,-6.223898
Iv Koto Aur Malintang Hub,100.073833,-0.343361
Ilir Barat I 3 Hub,104.7275,-2.961278
Hamparan Rawang Hub,101.406344,-2.04107
Gunung Sindur 3 First Mile Hub,106.831235,-6.223898
Grogol Petamburan 9 Hub,106.784384,-6.168945
Grogol Petamburan 8 Hub,106.831235,-6.223898
Grogol Petamburan 7 First Mile Hub,106.784165,-6.163952
Gedangan 7 Hub,106.831235,-6.223898
Gedangan 6 Hub,112.739133,-7.387099
Gambir 9 First Mile Hub,106.831235,-6.223898
Gambir 12 First Mile Hub,106.831235,-6.223898
Duren Sawit 4 First Mile Hub,106.831235,-6.223898
Dua Pitue 2 Hub,106.831235,-6.223898
Denpasar Timur 3 Hub,106.831235,-6.223898
Dayun Hub,101.945772,0.639249
Cilograng Hub,106.374537,-6.929101
Cikupa 9 First Mile Hub,106.831235,-6.223898
Cikancung 4 First Mile Hub,106.831235,-6.223898
Cikancung 3 First Mile Hub,106.831235,-6.223898
Cicalengka 3 First Mile Hub,106.831235,-6.223898
Cibogo Hub,107.800168,-6.558301
Cibogo First Mile Hub,107.800168,-6.558301
Cibinong Bogor 2 Hub,106.831235,-6.223898
Cibinong Bogor 2 First Mile Hub,106.831235,-6.223898
Nagrak Sukabumi Hub,106.802306,-6.884278
Cengkareng 26 Hub,106.831235,-6.223898
Bungku Barat 3 Hub,106.831235,-6.223898
Buahbatu 3 First Mile Hub,106.831235,-6.223898
Binjai 2 Hub,98.518438,3.618646
Binjai 2 First Mile Hub,98.518438,3.618646
Biduk-Biduk Hub,118.733,1.227444
Bengkong 2 Hub,104.01872,1.159611
Benai Hub,101.628317,-0.491974
Bekasi Timur 10 First Mile Hub,106.831235,-6.223898
Bekasi Barat 3 First Mile Hub,106.963452,-6.232503
Batang Anai Hub,100.30784,-0.786797
Batahan Hub,99.145471,0.398705
Balikpapan Tengah Hub,116.840206,-1.260061
Bakauheni Hub,106.831235,-6.223898
Bangko Pusaka (Pusako) 3 Hub,106.831235,-6.223898
Babelan 5 Hub,107.040427,-6.154929
Babakan Ciparay 4 First Mile Hub,107.584155,-6.942632
Awayan Hub,115.525578,-2.43714
Antapani 3 First Mile Hub,106.831235,-6.223898
Ampana Tete Hub,121.671528,-0.922694
Ambarawa 3 Hub,106.831235,-6.223898
Akabiluru Hub,100.557402,-0.265007
Air Batu Hub,106.831235,-6.223898
Air Batu 2 Hub,106.831235,-6.223898
Simpang Hub,104.190194,-4.448222
Huta Raja Tinggi Hub,100.065833,1.063111
Binjai Hulu 3 Hub,111.486782,0.202194
Bandar Pulau 2 Hub,99.510944,2.672861
Weru First Mile Hub,108.4989,-6.717846
Tomo Hub,108.124556,-6.764611
Tangaran Hub,109.168111,1.540944
Tambusai 2 Hub,100.287064,1.091412
Pasir Limau Kapas Hub,100.307933,2.471642
Nanggalo Hub,100.381957,-0.897331
Leuwisari Hub,108.102417,-7.324221
Leuwisari First Mile Hub,108.102421,-7.324258
Betara 2 Hub,103.394458,-1.114476
Ciamis 2 Hub,108.358111,-7.3245
Ciamis 2 First Mile Hub,108.358111,-7.3245
SPX Express Seller RAISACLINK05,112.042619,-7.791188
MH 2 Kuala Behe Hub,109.620808,0.591056
MH 1 Kuala Behe Hub,109.620808,0.591056
MH 1 Bunut Hub,102.183683,0.284578
MH 1 Pelangiran Hub,103.24455,0.175452
MH 1 Karusen Janang Hub,115.087667,-1.962944
MH 1 Kembayan Hub,110.426226,0.555981
MH 1 Betung Hub,104.09383,-2.971591
MH 1 Tanjung Pandan 2 Hub,108.02143,-2.863863
Badung DC,115.184826,-8.498968
Sungai Aur Hub,99.623972,0.228667
Sosa 2 Hub,99.934946,1.041053
Singingi Hilir Hub,101.424972,-0.191417
Sangatta 3 Hub,117.590877,0.51334
Pondok Kelapa Bengkulu Hub,102.245333,-3.692361
Pondok Kelapa Bengkulu First Mile Hub,102.245333,-3.692361
Pemulutan Hub,104.778444,-3.11625
Pemulutan First Mile Hub,104.778444,-3.11625
Pekalongan Utara Hub,109.672855,-6.875679
Pekalongan Utara First Mile Hub,109.672855,-6.875679
Pauh 2 Hub,100.400018,-0.944664
Palang First Mile Hub,112.133938,-6.905328
Nengah Bulik Hub,111.515833,-2.193972
Nanga Mahap Hub,110.765667,-0.428111
Nalo Tantan Hub,120.008544,-4.666927
Muara Papalik Hub,103.105068,-1.266079
Margaasih 4 First Mile Hub,107.534162,-6.953629
Mare Hub,120.33925,-4.823361
Legok 6 First Mile Hub,120.008544,-4.666927
Lawang Hub,112.697191,-7.83591
Lawang First Mile Hub,112.697191,-7.83591
Labuan Hub,105.840639,-6.352417
Kuaro Hub,116.085489,-1.806266
Koto Besar Hub,101.702193,-1.266056
Koto Besar First Mile Hub,101.702193,-1.266056
Kosambi 24 First Mile Hub,106.691528,-6.091056
Kertosono Hub,112.098963,-7.601002
Kertosono First Mile Hub,112.098963,-7.601002
Kelam Permai 3 Hub,120.008544,-4.666927
Kebon Jeruk 10 Hub,106.769423,-6.197851
Pustaka Baru Press - Jember,113.636939,-8.235529
Jemaja Hub,105.693083,2.999778
Jelai Hulu 2 Hub,110.869625,-2.058642
Jatiuwung 4 First Mile Hub,120.008544,-4.666927
Gedangan 4 First Mile Hub,112.71688,-7.398314
Entikong Hub,110.359917,0.957361
Cikedung Hub,108.255418,-6.410332
Cidadap Sukabumi Hub,106.936995,-7.274746
Cakung 6 First Mile Hub,106.904848,-6.201587
Bungo Hub,101.764804,-1.326399
Bogor Barat 3 First Mile Hub,106.761844,-6.579974
Berangin Hub,100.762341,-0.666384
Bengo 2 Hub,120.008544,-4.666927
Batuceper 2 First Mile Hub,106.682722,-6.158333
Bandar 2 Hub,109.799787,-7.025183
Bandar 2 First Mile Hub,109.799787,-7.025183
Babat Supat 2 Hub,104.07575,-2.760583
Sei Sungai Kakap Hub,109.254112,-0.062942
Simpang Kanan Rokan Hilir Hub,100.291046,1.857251
Pademangan 4 Hub,106.8172,-6.133424
Muja Muju First Mile Hub,106.83124,-6.223898
Denpasar Timur 4 Hub,115.251917,-8.652917
Sukmajaya 6 First Mile Hub,106.83636,-6.447259
Silahi Sabungan Hub,98.528419,2.801003
Pameungpeuk 2 Hub,107.723917,-7.644
Pameungpeuk 2 First Mile Hub,107.723917,-7.644
Lengkong Kota Bandung 2 First Mile Hub,107.635191,-6.94696
Koto Gasib 2 Hub,101.801068,0.663932
Kikim Selatan Hub,103.25592,-3.750695
Cipondoh 5 First Mile Hub,106.716528,-6.186944
Cipondoh 4 First Mile Hub,106.680699,-6.201297
Cengkareng 13 First Mile Hub,106.764445,-6.144439
Bontang Selatan 2 Hub,117.480853,0.116476
Bajubang 2 Hub,103.28675,-1.849667
Sinaboi (Senaboi) 2 Hub,100.981361,2.284278
Sekadau Hilir 3 Hub,110.918009,-0.000047
Parung Panjang Hub,106.559492,-6.350974
Pamenang Barat 4 Hub,102.374812,-2.20554
Kumpeh Hub,103.8875,-1.53875
Bogor Timur 2 First Mile Hub,106.836097,-6.614709
Way Jepara Hub,105.695417,-5.171667
Sengah Temila 3 Hub,109.566444,0.371861
Sei Balai Hub,99.581833,3.128389
Panai Tengah Hub,100.224611,2.450389
Meliau 3 Hub,110.361341,-0.259042
Lahat 2 Hub,103.524611,-3.775889
Kota Waingapu 2 Hub,120.272056,-9.664306
Klapanunggal 2 First Mile Hub,106.903979,-6.470287
Kademangan Hub,112.103648,-8.201641
Kademangan First Mile Hub,112.103648,-8.201641
Batu Hampar Hub,100.927877,1.926052
Banjarbaru 2 Hub,114.833336,-3.460837
Banjarbaru 2 First Mile Hub,114.833336,-3.460837
Way Halim Hub,105.281953,-5.391692
Pakuhaji 7 First Mile Hub,106.63075,-6.067611
Rengat Barat Hub,102.450622,-0.391951
Muara Muntai Hub,116.389614,-0.35969
Mendo Barat 2 Hub,106.0735,-2.135333
Kuala Binjai Barat Hub,98.399102,3.528217
Koto Parik Gadang Diateh 2 Hub,100.968813,-1.349563
Belawa Hub,119.939431,-3.980711
Air Napal Hub,102.185908,-3.622346
Toho Hub,109.205699,0.399613
Semendawai Timur Hub,104.786991,-3.965242
Pesisir Selatan Hub,104.023056,-5.326797
Pemahan Hub,110.577722,-1.746417
Bathin Viii (Batin Viii) Hub,102.574833,-2.261444
Cileungsi 2 First Mile Hub,106.974631,-6.423194
Mampang Prapatan Hub,106.823951,-6.266939
Tambakboyo First Mile Hub,111.836585,-6.802669
Sidayu First Mile Hub,112.559639,-6.961722
Purwokerto Timur First Mile Hub,109.256489,-7.421644
Purbalingga 2 First Mile Hub,109.357734,-7.377227
Pandeyan First Mile Hub,110.381682,-7.816195
Lakarsantri Hub,112.650539,-7.322136
Kaligondang 2 First Mile Hub,109.425598,-7.380555
Teluknaga 7 First Mile Hub,106.638694,-6.064194
Seulimeum 2 Hub,95.576873,5.388313
Sei Sungai Kanan 2 Hub,99.954944,1.722509
Negara Batin Hub,104.907333,-4.33125
Merakurak Hub,111.994352,-6.880489
Merakurak First Mile Hub,111.994352,-6.880489
Lubuk Linggau Barat Hub,102.853127,-3.302979
Langke Rembong 4 Hub,120.470419,-8.608758
Karossa First Mile Hub,119.401694,-1.806194
Kalirejo Hub,104.960278,-5.223556
Enok Hub,103.004395,-0.515408
Batui Hub,122.537639,-1.295194
Balaraja 6 First Mile Hub,106.41873,-6.221132
Ungaran Timur Hub,110.42195,-7.133507
Tongkuno Hub,122.519393,-5.156428
Teramang Jaya Hub,101.34216,-2.726584
Sampaga Hub,119.174999,-2.338743
Punggelan Hub,109.57023,-7.354588
Pulau Besar Hub,106.211286,-2.785056
Pondok Suguh Hub,101.433889,-2.850846
Pinang 8 First Mile Hub,106.682028,-6.213194
Pengandonan Hub,103.840965,-4.064402
Pemayung 2 Hub,103.394694,-1.606778
Nanga Tayap 2 Hub,110.405513,-1.56052
Munte Hub,98.388317,3.094082
Muara Lakitan 3 Hub,103.124222,-2.806389
Makassar 2 Hub,119.427562,-5.137779
Maba Hub,128.280194,0.874417
Lumbok Seminung Hub,103.943961,-4.935902
Kubu 2 Hub,109.34269,-0.43958
Kosambi 9 First Mile Hub,106.676,-6.095722
Kolono Hub,122.653976,-4.351369
Kendawangan 3 Hub,110.148308,-2.357805
Katibung 4 Hub,105.433028,-5.534417
Jaya Hub,95.356748,5.0774
Gunung Terang 2 Hub,105.10295,-4.316844
Gunung Terang 2 First Mile Hub,105.10295,-4.316844
Geumpang Hub,96.121829,4.849137
Datuk Bandar Hub,99.779722,2.943722
Datuk Bandar First Mile Hub,99.779722,2.943722
Binduriang Hub,102.683722,-3.464361
Belitang Hulu Hub,111.215475,0.445968
Baleendah 5 First Mile Hub,107.652583,-7.018056
Tukak Sadai Hub,106.688184,-3.021688
Teluk Keramat 2 Hub,109.235222,1.468444
Ranomeeto Hub,122.412504,-4.063573
Pati 2 Hub,111.055083,-6.72025
Moro Hub,103.712329,0.753011
Lubuk Batu Jaya Hub,102.143872,-0.386039
Lubuk Barumun Hub,99.752556,1.109722
Huristak Hub,99.843035,1.455865
Cikupa 4 First Mile Hub,106.503536,-6.229414
Bagelen First Mile Hub,109.996033,-7.819141
Abepura 2 Hub,140.684373,-2.614021
Warungasem Hub,109.700207,-6.925093
Ulu Musi Hub,102.785027,-3.758588
Ulee Kareng 3 Hub,95.359278,5.555556
Teluk Batang 2 Hub,106.859884,-6.173567
Tebas 2 Hub,106.859884,-6.173567
Tanah Siang Selatan Hub,114.451459,-0.678023
Stabat 2 Hub,106.859884,-6.173567
Seputih Raman Hub,105.329833,-4.9655
Selagai Lingga Hub,104.836861,-5.049528
Sei Bamban Hub,99.153194,3.461611
Sebatik Hub,117.905751,4.150546
Salak Hub,98.324502,2.55237
Rantau Pandan Hub,106.859884,-6.173567
Petasia 2 Hub,106.859884,-6.173567
Pematang Sidamanik Hub,106.859884,-6.173567
Pegajahan Hub,98.985194,3.4868
Pangkalan Lampam Hub,105.096976,-3.20829
Panggungrejo Hub,106.859884,-6.173567
Palang Hub,112.133938,-6.905328
Muja Muju Hub,106.859884,-6.173567
Muara Tami Hub,140.806481,-2.637701
Muara Batang Gadis Hub,98.929261,1.062368
Menggala Hub,105.232299,-4.493725
Madidir Hub,125.159676,1.44311
Madang Suku 2 Hub,104.498071,-4.020437
Limau 2 Hub,104.81275,-5.600361
Lembar Hub,116.086752,-8.705493
Kotawaringin Lama 2 Hub,111.43258,-2.481924
Kaubun 2 Hub,117.85375,1.067528
Karossa Hub,119.401694,-1.806194
Kadupandak Hub,107.046975,-7.259352
Jati 4 Hub,110.799454,-6.909041
Ella Hilir Hub,112.004556,-0.418306
Cisompet Hub,107.810757,-7.55335
Cikeusik Hub,105.853184,-6.791846
Buay Pemaca Hub,104.139583,-4.611111
Bahodopi 4 Hub,122.129872,-2.796507
Arjasa Kab. Sumenep Hub,115.305,-6.855583
Tapos 4 First Mile Hub,106.8431,-6.4388
Tanjung Priok 11 First Mile Hub,106.859884,-6.173567
Tambora Jakarta Barat 5 First Mile Hub,106.859884,-6.173567
Taman Sari 8 First Mile Hub,106.83701,-6.163991
Taman Sari 10 First Mile Hub,106.859884,-6.173567
Susukan 2 First Mile Hub,108.395905,-6.644078
Soreang 3 First Mile Hub,107.550935,-7.007249
Pinang 9 First Mile Hub,106.859884,-6.173567
Penjaringan 38 First Mile Hub,106.859884,-6.173567
Penjaringan 17 First Mile Hub,106.859884,-6.173567
Penjaringan 16 First Mile Hub,106.859884,-6.173567
Penjaringan 10 First Mile Hub,106.859884,-6.173567
Pamulang 3 First Mile Hub,106.859884,-6.173567
Palembang 3 First Mile Hub,106.859884,-6.173567
Pakuhaji 3 First Mile Hub,106.623861,-6.06775
Medan Helvetia 9 First Mile Hub,106.859884,-6.173567
Medan Helvetia 5 First Mile Hub,98.669472,3.592806
Kutawaringin First Mile Hub,107.533424,-6.948062
Kosambi 23 First Mile Hub,106.859884,-6.173567
Kosambi 19 First Mile Hub,106.859884,-6.173567
Koja 2 First Mile Hub,106.9005,-6.130139
Karawaci 5 First Mile Hub,106.859884,-6.173567
Kalideres 27 First Mile Hub,106.701737,-6.172827
Kalideres 21 First Mile Hub,106.706139,-6.121342
Kalideres 11 First Mile Hub,106.715037,-6.11363
Ciracas 6 First Mile Hub,106.871237,-6.312919
Ciracas 3 First Mile Hub,106.859884,-6.173567
Cimanggis 3 First Mile Hub,106.859884,-6.173567
Cengkareng 30 First Mile Hub,106.859884,-6.173567
Cengkareng 19 First Mile Hub,106.859884,-6.173567
Bekasi Timur 7 First Mile Hub,106.859884,-6.173567
Bekasi Timur 6 First Mile Hub,106.859884,-6.173567
Bandung Kulon 2 First Mile Hub,107.571376,-6.933325
Babakan Ciparay 5 First Mile Hub,106.859884,-6.173567
Andir 2 First Mile Hub,107.58147,-6.909852
Bakam 2 Hub,105.859111,-1.962472
Cipatujah Hub,108.068912,-7.669553
Sukoharjo Wonosobo Hub,109.797533,-7.409026
Wanasari First Mile Hub,109.006555,-6.873753
Tewah Hub,113.722362,-1.044102
Tewah First Mile Hub,113.722362,-1.044102
Tarogong First Mile Hub,107.893463,-7.171367
Tahunan First Mile Hub,110.664881,-6.611319
Soko First Mile Hub,111.971556,-7.086127
Sengah Temila 2 Hub,109.740325,0.395324
Muara Batang Toru Hub,98.987738,1.451959
Moyo Hilir Hub,117.429111,-8.517833
Medan Satria 2 First Mile Hub,106.985502,-6.231452
Larangan 4 Hub,108.95409,-7.002404
Cibatu First Mile Hub,107.988143,-7.106149
Brondong First Mile Hub,112.266494,-6.882702
Arjasari 2 First Mile Hub,107.601006,-7.049006
Waru Sidoarjo Hub,112.770378,-7.352757
Waru Sidoarjo First Mile Hub,112.770378,-7.352757
Tulungagung 3 First Mile Hub,111.910495,-8.074051
Tangerang 8 First Mile Hub,106.681668,-6.157743
Tangerang 6 First Mile Hub,106.831235,-6.223898
Tanah Abang 7 First Mile Hub,106.805345,-6.174534
Sukmajaya 7 First Mile Hub,106.831235,-6.223898
Serpong Utara 3 First Mile Hub,106.672528,-6.235889
Semampir Hub,112.762301,-7.222992
Penjaringan 14 Hub,106.803348,-6.116887
Pejagoan First Mile Hub,109.63975,-7.685833
Pedurungan 5 Hub,110.47075,-7.002917
Ngraho First Mile Hub,111.55055,-7.260378
Mulyorejo 3 Hub,112.787972,-7.251296
Kuantan Mudik Hub,101.474276,-0.633175
Kelapa Gading 5 Hub,106.831235,-6.223898
Geger Bangkalan Hub,112.929153,-6.988421
Gayungan Hub,106.831235,-6.223898
Dlanggu Hub,112.477903,-7.540743
Depok Cirebon First Mile Hub,108.442667,-6.726583
Cimanggis 4 Hub,106.863194,-6.374215
Cimanggis 4 First Mile Hub,106.863194,-6.374215
Bonti Hub,110.538778,0.399417
Bekasi Utara 4 Hub,106.831235,-6.223898
Alian Hub,109.705835,-7.659681
Alian First Mile Hub,109.705835,-7.659681
Sawah Besar 8 First Mile Hub,106.831235,-6.223898
Rungkut 2 First Mile Hub,112.80269,-7.317798
Penjaringan 30 First Mile Hub,106.831235,-6.223898
Pecangaan 3 First Mile Hub,110.716194,-6.713472
Pasar Kemis 3 First Mile Hub,106.532329,-6.159913
Pancoran Mas 3 First Mile Hub,106.831235,-6.223898
Pagedangan 5 First Mile Hub,106.831235,-6.223898
Neglasari 6 First Mile Hub,106.637302,-6.151394
Mojokerto 3 First Mile Hub,106.831235,-6.223898
Matraman 5 First Mile Hub,106.863678,-6.19382
Kedawung 3 First Mile Hub,106.831235,-6.223898
Kebon Jeruk 18 First Mile Hub,106.759734,-6.172221
Kebayoran Lama 3 First Mile Hub,106.759588,-6.259789
Kalideres 24 First Mile Hub,106.71247,-6.115636
Jebres 3 First Mile Hub,110.842864,-7.537202
Gubeng 5 First Mile Hub,106.831235,-6.223898
Gedangan 5 First Mile Hub,112.721222,-7.395611
Cikarang Utara 3 First Mile Hub,106.831235,-6.223898
Bogor Selatan 9 First Mile Hub,106.7791,-6.626425
Benda 6 First Mile Hub,106.685139,-6.101417
Bekasi Utara 4 First Mile Hub,106.831235,-6.223898
Bantargebang 3 First Mile Hub,106.983639,-6.321667
Arjawinangun 4 First Mile Hub,108.416972,-6.663278
Tarumajaya 2 First Mile Hub,106.990731,-6.15324
Tanah Sareal 2 First Mile Hub,106.778092,-6.558403
Sawah Besar 4 First Mile Hub,106.831235,-6.223898
Sidoarjo 5 First Mile Hub,112.694767,-7.444309
Pedurungan 5 First Mile Hub,110.47075,-7.002917
Pakuhaji 5 First Mile Hub,106.630944,-6.067556
Medan Area First Mile Hub,98.698411,3.573019
Kemayoran 3 First Mile Hub,106.849916,-6.166666
Karawaci 3 First Mile Hub,106.620505,-6.191383
Jatinegara Jakarta Timur 4 First Mile Hub,106.831235,-6.223898
Grogol Petamburan 5 First Mile Hub,106.78624,-6.184595
Cikarang Barat 2 First Mile Hub,107.086613,-6.283119
Cimahi Tengah First Mile Hub,107.544521,-6.87107
Cakung 7 First Mile Hub,106.937722,-6.177
Gambir 7 First Mile Hub,106.831235,-6.223898
Dlanggu First Mile Hub,112.477903,-7.540743
Cengkareng 10 First Mile Hub,106.759222,-6.146306
Tandes 2 First Mile Hub,112.668443,-7.254714
Semampir First Mile Hub,112.762301,-7.222992
Mulyorejo 3 First Mile Hub,112.787972,-7.251296
Jambangan First Mile Hub,112.708725,-7.332519
Sawah Besar 5 First Mile Hub,106.831235,-6.223898
Bokat Hub,121.563924,1.061148
Serengan 2 First Mile Hub,110.821998,-7.589357
Bagor First Mile Hub,111.882345,-7.585978
Kunduran First Mile Hub,111.255702,-7.048466
Paiton First Mile Hub,113.499853,-7.750138
Setu Kota Tangerang Selatan First Mile Hub,106.687069,-6.342112
Bogor Utara 2 First Mile Hub,106.824916,-6.547069
Srono First Mile Hub,114.281147,-8.410246
Sentolo 2 First Mile Hub,110.223071,-7.84608
Kemiri First Mile Hub,109.909083,-7.674833
Godean First Mile Hub,110.293636,-7.767659
Setu Kota Tangerang Selatan 5 First Mile Hub,106.686846,-6.3342
Candisari First Mile Hub,110.432394,-7.009421
Kedungwuni 4 First Mile Hub,109.639381,-6.952105
Cipondoh 6 First Mile Hub,106.684286,-6.195532
Alalak First Mile Hub,114.596316,-3.275435
Teluknaga 5 First Mile Hub,106.639139,-6.064273
Parung 2 First Mile Hub,106.697639,-6.440583
Panongan 4 First Mile Hub,106.526207,-6.302129
Pakuhaji 4 First Mile Hub,106.628833,-6.064556
Cengkareng 15 First Mile Hub,106.739417,-6.153219
Kosambi 14 First Mile Hub,106.694865,-6.075288
Cikatomas First Mile Hub,108.260384,-7.616619
Banjarmasin Barat First Mile Hub,114.567305,-3.313706
Welahan First Mile Hub,110.724806,-6.754107
Lubuk Begalung 3 First Mile Hub,100.381646,-0.955746
Popayato First Mile Hub,121.451328,0.517164
Serengan 2 Hub,110.821998,-7.589357
Candisari Hub,110.432394,-7.009421
Serpong Utara Hub,106.64545,-6.237425
Cibitung 4 Hub,107.066508,-6.305262
Bagor Hub,111.882345,-7.585978
Kunduran Hub,111.255702,-7.048466
Sepauk 3 Hub,111.285763,-0.01555
Sitiung Hub,101.678889,-1.033917
Pubian 3 Hub,104.888111,-5.088083
Kerinci Kanan Hub,101.824668,0.539062
Jayaloka Hub,103.196417,-3.374528
Lengkong Hub,106.707972,-7.129361
Gunung Agung Hub,105.068308,-4.298694
Gunung Sahilan Hub,101.290833,0.087139
Rawa Jitu Selatan Hub,105.690406,-4.212082
Bayung Lencir 3 Hub,103.657446,-1.949353
Sembawa Hub,104.535637,-2.921062
Wanasaba Hub,116.563665,-8.569296
Bahodopi 2 Hub,122.195083,-2.896028
Lubuk Begalung 3 Hub,100.381646,-0.955746
Welahan Hub,110.724806,-6.754107
Popayato Hub,121.451328,0.517164
Bagelen Hub,109.996033,-7.819141
Wonocolo 3 First Mile Hub,106.83123,-6.223898
Wlingi Hub,112.32698,-8.091091
Wlingi First Mile Hub,112.32698,-8.091091
Way Sulan Hub,105.541807,-5.467219
Way Serdang Hub,105.180395,-4.088935
Wawotobi Hub,122.100389,-3.875722
Wanaraya Hub,114.598304,-3.015631
VII Koto Hub,102.057722,-1.150778
Ujan Mas Hub,103.770607,-3.556882
Tosari Hub,112.90363,-7.890471
Tosari First Mile Hub,106.83123,-6.223898
Tigaraksa 4 First Mile Hub,106.472851,-6.294004
Tibawa 2 Hub,122.856639,0.654444
Tempunak Hub,111.348972,-0.0335
Teluknaga 4 First Mile Hub,106.639806,-6.063222
Tanjung Priok 14 First Mile Hub,106.83123,-6.223898
Tanjung Priok 12 First Mile Hub,106.83123,-6.223898
Tandes 3 First Mile Hub,112.6451,-7.2725
Tambora Jakarta Barat 3 First Mile Hub,106.83123,-6.223898
Taman Sari 7 First Mile Hub,106.822158,-6.151311
Taman Sari 5 First Mile Hub,106.821454,-6.147252
Talamau Hub,99.92725,0.150083
Takisung Hub,114.649767,-3.884734
Tabir Timur Hub,106.83123,-6.223898
Sungai Lilin 3 Hub,104.038639,-2.514222
Sumbul Hub,98.416209,2.743484
Sukmajaya 5 First Mile Hub,106.849009,-6.405297
Sipoholon Hub,98.96075,2.111
Sipatana 2 Hub,123.06578,0.577872
Singkep 2 Hub,104.56075,-0.499738
Singkawang Utara Hub,109.010779,0.940291
Singkawang Utara First Mile Hub,109.010779,0.940291
Simpang Dua Hub,110.380194,-0.782292
Buduran Hub,112.72335,-7.423889
Sekarbela Hub,116.076333,-8.594194
Sekadau Hulu Hub,110.870667,-0.144722
Sebangau 2 Hub,106.83123,-6.223898
Sayung 3 Hub,106.83123,-6.223898
Sampanahan Hub,116.187528,-2.652639
Rumbia 2 Hub,119.8525,-5.500806
Reok Hub,120.488194,-8.307278
Pulau Laut Timur Hub,116.215439,-3.441485
Plakat Tinggi (Pelakat Tinggi) 2 Hub,103.526278,-2.874306
Penjaringan 44 First Mile Hub,106.83123,-6.223898
Penjaringan 41 First Mile Hub,106.83123,-6.223898
Penjaringan 35 First Mile Hub,106.83123,-6.223898
Penjaringan 32 First Mile Hub,106.83123,-6.223898
Penjaringan 24 First Mile Hub,106.799856,-6.136471
Penjaringan 23 First Mile Hub,106.83123,-6.223898
Penjaringan 19 First Mile Hub,106.83123,-6.223898
Penjaringan 18 First Mile Hub,106.748639,-6.13275
Penjaringan 15 First Mile Hub,106.722575,-6.107447
Pekanbaru 3 First Mile Hub,106.83123,-6.223898
Pekalongan Barat 2 First Mile Hub,109.668163,-6.898986
Pejagoan Hub,109.63975,-7.685833
Pasar Rebo 3 First Mile Hub,106.868063,-6.345563
Parang Hub,111.34065,-7.748754
Pangaribuan Hub,99.14517,2.005271
Pamona Selatan Hub,120.685025,-2.079514
Pagelaran Kab. Cianjur Hub,107.136983,-7.21501
Pagelaran Kab. Cianjur First Mile Hub,107.136983,-7.21501
Muara Tabir Hub,102.53462,-1.687783
Muara Tabir First Mile Hub,102.53462,-1.687783
Mori Atas Hub,120.981497,-1.99924
Mojo Hub,111.959944,-7.918833
Mojo First Mile Hub,111.959944,-7.918833
Mersam 2 Hub,102.93089,-1.64301
Merapi Timur Hub,103.69855,-3.668277
Mentebah Hub,112.79825,0.545972
Melonguane Hub,126.678148,3.996682
Medan Selayang 2 Hub,98.633417,3.555417
Medan 4 First Mile Hub,106.83123,-6.223898
Maronge Hub,117.699007,-8.6696
Maniang Pajo Hub,120.071459,-3.94857
Mandolang Hub,124.799053,1.459889
Mandastana 2 Hub,114.653444,-3.182556
Makasar 2 First Mile Hub,106.877917,-6.243833
Loa Janan Ilir Hub,117.086186,-0.558542
Lawang Wetan Hub,103.701611,-2.793722
Lalan 2 Hub,104.462917,-2.328222
Kosambi 15 First Mile Hub,106.660989,-6.073267
Kosambi 10 First Mile Hub,106.681217,-6.081635
Kokop Hub,113.0335,-6.888799
Koja 4 First Mile Hub,106.83123,-6.223898
Kerjo Hub,111.054917,-7.545528
Kerjo First Mile Hub,111.054917,-7.545528
Kelapa Gading 5 First Mile Hub,106.83123,-6.223898
Kelapa Dua 5 First Mile Hub,106.594194,-6.269949
Kelapa Dua 4 First Mile Hub,106.606401,-6.257622
Kebon Jeruk 14 First Mile Hub,106.83123,-6.223898
Kebon Jeruk 12 First Mile Hub,106.772167,-6.162472
Katikutana 2 Hub,106.83123,-6.223898
Kapuas (Sanggau Kapuas) Hub,106.83123,-6.223898
Kaliwedi 3 First Mile Hub,106.83123,-6.223898
Kalideres 25 First Mile Hub,106.83123,-6.223898
Kalideres 13 First Mile Hub,106.699888,-6.138677
Kalibunder Hub,106.7125,-7.265444
Jereweh Hub,116.817249,-8.830115
Jaken Hub,111.238158,-6.775001
Jaken First Mile Hub,111.238158,-6.775001
Jagakarsa 4 Hub,106.822678,-6.346105
Jagakarsa 4 First Mile Hub,106.822678,-6.346105
Hulu Sungkai Hub,106.83123,-6.223898
Gantung Hub,108.173606,-2.955919
Gambir 8 First Mile Hub,106.83123,-6.223898
Empanang Hub,111.769806,0.84825
Driyorejo 4 First Mile Hub,112.575806,-7.382638
Driyorejo 2 First Mile Hub,106.83123,-6.223898
Denpasar Selatan 3 First Mile Hub,115.218801,-8.695291
Curug 6 First Mile Hub,106.562917,-6.249
Curug 5 First Mile Hub,106.550361,-6.267114
Colomadu 3 First Mile Hub,110.761674,-7.532473
Ciomas 3 First Mile Hub,106.757767,-6.585279
Cilodong 3 First Mile Hub,106.895237,-6.404775
Cikidang Hub,106.683633,-6.868324
Cikarang Selatan 4 Hub,107.118981,-6.356454
Cikadu Hub,107.25775,-7.322944
Ciampea 4 First Mile Hub,106.708357,-6.557744
Cengkareng 31 First Mile Hub,106.83123,-6.223898
Cengkareng 27 First Mile Hub,106.831235,-6.223898
Cengkareng 21 First Mile Hub,106.83123,-6.223898
Cengkareng 17 First Mile Hub,106.83123,-6.223898
Cengkareng 16 First Mile Hub,106.731342,-6.145262
Cengal Hub,105.424472,-3.508083
Cakung 19 First Mile Hub,106.83123,-6.223898
Cakung 18 First Mile Hub,106.934985,-6.207384
Cakung 10 First Mile Hub,106.83123,-6.223898
Bojongloa Kidul 3 First Mile Hub,107.59518,-6.946297
Bogor Selatan 11 First Mile Hub,106.801648,-6.615136
Betung 2 Hub,106.83123,-6.223898
Berastagi 2 Hub,106.83123,-6.223898
Berastagi 2 First Mile Hub,106.83123,-6.223898
Batulicin 4 Hub,115.995806,-3.488222
Batu Engau Hub,116.074342,-2.227652
Batanghari Leko Hub,103.780944,-2.587139
Barong Tongkok 2 Hub,115.676889,-0.280333
Barombong Hub,119.413361,-5.226944
Banyuasin II Hub,104.892442,-2.362501
Bandar Huluan Hub,99.175444,3.111972
Balaraja 5 Hub,106.83123,-6.223898
Balaraja 5 First Mile Hub,106.83123,-6.223898
Aek Natas Hub,99.715307,2.35227
Adiwerna 2 Hub,109.118549,-6.940724
Abung Tengah Hub,104.77127,-4.882315
Abung Tengah First Mile Hub,104.77127,-4.882315
Abung Selatan Hub,104.960358,-4.872049
MH 2 Ratahan Hub,124.807016,1.065013
MH 1 Ratahan Hub,124.807016,1.065013
MH 1 Asakota Hub,118.781016,-8.342545
MH 2 Pollung Hub,98.632953,2.593213
MH 1 Pollung Hub,98.651974,2.56148
Sukorejo Kab. Ponorogo First Mile Hub,111.405472,-7.845972
Rambipuji First Mile Hub,113.594143,-8.218442
Kosambi 13 First Mile Hub,106.680027,-6.077472
Winong First Mile Hub,111.102911,-6.8148
Dondo First Mile Hub,120.532889,0.77725
Sukorejo Kab. Ponorogo Hub,111.405472,-7.845972
Rambipuji Hub,113.594143,-8.218442
Gedung Meneng Hub,105.648917,-4.394389
Sematang Borang Hub,104.847466,-2.942839
Kusan Hulu Hub,115.77997,-3.533333
Palas Hub,105.681713,-5.643003
Seputih Surabaya Hub,105.676429,-4.677166
Bandar Mataram 3 Hub,105.392694,-4.747583
Idano Gawo Hub,97.780048,1.022591
Benua Kayong Hub,109.964984,-1.861519
Winong Hub,111.102911,-6.8148
Wado Hub,108.095065,-6.956305
Pulomerak 2 Hub,106.00891,-5.912899
Murung Pudak Hub,115.420472,-2.171861
Lubai Ulu 2 Hub,104.297556,-3.663639
Kualuh Hilir Hub,100.017487,2.582352
Dondo Hub,120.532889,0.77725
Margasari Hub,109.011806,-7.095046
Margasari First Mile Hub,109.011806,-7.095046
Cimahi Utara First Mile Hub,107.561099,-6.866836
Jampang Kulon First Mile Hub,106.62389,-7.273558
Cicantayan First Mile Hub,106.864833,-6.904861
Kahu Hub,120.115858,-4.955234
Selomerto Hub,109.872361,-7.419167
Banjarmasin Timur First Mile Hub,114.629057,-3.342386
Banjarmasin Selatan First Mile Hub,114.59711,-3.351562
MH 1 Kampung Rakyat Hub,100.138924,2.057481
MH 2 Katingan Hilir 2 Hub,113.281801,-1.903323
MH 2 Mempawah Hulu Hub,109.372372,0.536164
MH 1 Sei Ambawang Hub,109.403242,-0.038749
MH 1 Bontomarannu Hub,119.512748,-5.232306
Kao Hub,127.901528,1.171611
Kao First Mile Hub,127.901528,1.171611
Hamparan Perak 2 Hub,98.555583,3.770194
Hamparan Perak 2 First Mile Hub,98.555583,3.770194
Sungai Mandau Hub,101.674442,0.836106
Kapur IX Hub,100.557063,0.239063
Balaraja First Mile Hub,106.456105,-6.200376
Cabangbungin 2 First Mile Hub,107.180052,-6.088188
Terbanggi Besar 3 Hub,105.193122,-4.938464
Kualuh Selatan 2 Hub,99.626043,2.494
Banjarmasin Utara 3 Hub,114.576083,-3.322194
Tapung 3 Hub,101.247083,0.555444
Tiga Panah Hub,98.505856,3.089003
Labang Hub,112.77561,-7.129372
Satui 2 Hub,115.475194,-3.748833
Bogor Selatan 4 Hub,106.810037,-6.628515
Tumbang Titi Hub,110.612938,-1.829175
Medan Helvetia 3 First Mile Hub,98.646857,3.616439
Jatiuwung 3 First Mile Hub,106.55454,-6.198093
Jatiuwung 2 First Mile Hub,106.554877,-6.197059
Kalideres 12 First Mile Hub,106.717425,-6.112532
Cibitung 3 First Mile Hub,107.086295,-6.257283
Kalideres 10 First Mile Hub,106.699791,-6.126122
Labang First Mile Hub,112.77561,-7.129372
Satui 2 First Mile Hub,115.475194,-3.748833
Bogor Selatan 4 First Mile Hub,106.810037,-6.628515
Abeli Hub,122.58167,-3.9828
Kosambi 17 First Mile Hub,106.683361,-6.07025
Tambun Selatan 4 First Mile Hub,107.057802,-6.253193
Bintauna First Mile Hub,123.54643,0.88017
Arso 2 Hub,140.747374,-2.870078
Ciparay 2 Hub,107.70766,-7.085124
Kubung Hub,100.682922,-0.840285
Mangara Bombang Hub,119.438829,-5.47933
Kelara Hub,119.791304,-5.579503
Martapura 4 Hub,114.838333,-3.391444
Berbek Hub,111.824608,-7.679362
Kempo Hub,118.242293,-8.555362
Rancasari Hub,107.677055,-6.960772
Sambikerep 3 First Mile Hub,112.638577,-7.264216
Cikupa 5 First Mile Hub,106.506861,-6.217028
Rancasari First Mile Hub,107.677055,-6.960772
Berbek First Mile Hub,111.824608,-7.679362
Jatitujuh Hub,108.279683,-6.652188
Karangpilang Hub,112.685987,-7.346097
Jagong Jeget Hub,96.757436,4.375773
Baamang 2 Hub,112.506972,-2.545126
Karangpilang First Mile Hub,112.689444,-7.348056
Patokbeusi Hub,107.578778,-6.376556
Cireunghas Hub,107.003334,-6.943058
Tanjung Kemuning Hub,103.184,-4.607278
Borobudur Hub,110.218002,-7.604607
Legok 4 First Mile Hub,106.556107,-6.326357
Cireunghas First Mile Hub,107.003369,-6.943082
Borobudur First Mile Hub,110.218002,-7.604607
Tanjung Kemuning First Mile Hub,103.273889,-4.363889
Sesayap Hub,116.914374,3.60256
Tompaso Baru Hub,124.469796,0.918174
Sesayap First Mile Hub,117.143611,3.559722
Tompaso Baru First Mile Hub,124.469796,0.918174
Pantai Baru Hub,123.232783,-10.620338
Heram Hub,140.669897,-2.628859
Tambora 5 First Mile Hub,106.8066,-6.136271
Ciomas 4 Hub,106.758778,-6.601861
Pondok Aren 4 Hub,106.696333,-6.250444
Mandau 3 Hub,101.244722,1.247778
Rupat Utara Hub,101.643155,2.102525
Galesong Utara Hub,119.3838,-5.26169
Enggal Hub,105.269444,-5.42075
Cikarang Pusat Hub,107.174154,-6.354014
Kosambi 12 First Mile Hub,106.689361,-6.08125
Cibitung 4 First Mile Hub,107.066508,-6.305262
Cikarang Pusat First Mile Hub,107.174188,-6.354063
Sawangan Hub,106.770167,-6.404668
Ngemplak Kab. Boyolali Hub,110.779417,-7.501611
Penjaringan 12 Hub,106.786938,-6.127938
Angkola Timur Hub,99.341113,1.483784
Cikembar Hub,106.829571,-6.963856
Sawangan First Mile Hub,106.762923,-6.421528
Cikembar First Mile Hub,106.829571,-6.963856
Penjaringan 12 First Mile Hub,106.786938,-6.127938
Cakung 4 DC,106.944429,-6.171741
SPX Express Seller POLAARLOJI,106.843251,-6.292586
Virtual Cakung 2 DC,106.94176,-6.167124
MH 1 Papalang Hub,119.15863,-2.430669
MH 2 Libureng Hub,119.988169,-4.77054
MH 1 Teweh Selatan Hub,114.953577,-1.133261
MH 5 Gunung Sitoli Hub,97.600887,1.320127
MH 4 Teluk Dalam Hub,97.808662,0.563491
MH 3 Teluk Dalam Hub,97.808662,0.563491
MH 2 Musi Rawas Hub,102.955278,-3.184861
MH 2 Paloh Hub,109.220904,1.630378
MH 2 Rupat Hub,101.522205,1.719032
MH 2 Bontang Hub,117.479838,0.132973
MH 3 Sanggau Ledo Hub,109.701796,1.14548
MH 2 Mandrehe Hub,97.489804,1.049401
MH 1 Gido Hub,97.732289,1.109781
SPX Express Seller terrypalmerid,106.59055,-6.218687
SPX Express Seller mallafashionofficial,107.563831,-6.917604
Trisi Terisi Hub,108.164222,-6.462278
Trisi Terisi First Mile Hub,108.164222,-6.462278
Waru Kab. Penajam Paser Utara Hub,116.616142,-1.392026
Dayeuhkolot 3 First Mile Hub,107.586308,-6.971654
Majauleng Hub,120.181222,-4.016278
Silaut Hub,101.140785,-2.362493
Kuta Selatan 5 Hub,115.204941,-8.786354
Balai Riam Hub,111.18543,-2.330661
Teluk Mengkudu Hub,99.112273,3.557295
Teluk Mengkudu First Mile Hub,99.112273,3.557295
Praya Barat Daya Hub,116.199856,-8.787299
Lumbir First Mile Hub,108.954724,-7.444286
Kutalimbaru Hub,98.52335,3.467235
Kutalimbaru First Mile Hub,98.52335,3.467235
Kebun Tebu Hub,104.514889,-5.036944
Habinsaran Hub,99.347549,2.305637
Cipongkor Hub,107.341179,-6.920548
Cipongkor First Mile Hub,107.341179,-6.920548
Cilandak 2 Hub,106.775113,-6.299415
Panjalu Hub,108.276421,-7.142036
Overflow Cilincing First Mile Hub,106.93209,-6.152868
Overflow Medan Satria First Mile Hub,106.979313,-6.198947
Overflow Depok First Mile Hub,106.861307,-6.411211
Overflow Legok First Mile Hub,106.593782,-6.286717
Overflow Sepatan First Mile Hub,106.5918,-6.15206
Overflow Kosambi First Mile Hub,106.690375,-6.076182
Penjaringan 14 First Mile Hub,106.803348,-6.116887
Wonopringgo Hub,109.634845,-6.99883
Wonopringgo First Mile Hub,109.634845,-6.99883
Wongsorejo Hub,114.398566,-7.984818
Wongsorejo First Mile Hub,114.396306,-7.956417
Wita Ponda Hub,121.624803,-2.215883
Watulimo Hub,111.727712,-8.210191
Ternate Selatan 2 Hub,127.34165,0.758562
Temayang First Mile Hub,111.852028,-7.243333
Tanjung Mutiara Hub,99.931167,-0.40325
Talawi Kota Sawah Lunto Hub,100.740047,-0.603263
Sungai Sembilan Hub,101.3356,1.778859
Sungai Laur Hub,110.474727,-0.953966
Sumberpucung Hub,112.526466,-8.143097
Sumberpucung First Mile Hub,112.503472,-8.154894
Sukolilo 2 Hub,110.937485,-6.919669
Sukasada Hub,115.096936,-8.14993
Songgom Hub,108.994389,-6.991583
Siak Kecil Hub,102.135728,1.191325
Setiabudi 2 Hub,106.825674,-6.214518
Selo Hub,110.457605,-7.503286
Sekotong Hub,116.056806,-8.778028
Sarudu Hub,119.307095,-1.713312
Sampang 2 Hub,113.238639,-7.133833
Sampang 2 First Mile Hub,113.238639,-7.133833
Rambah Samo Hub,100.368944,0.8325
Rambah Hilir Hub,100.339167,0.93776
Purbolinggo First Mile Hub,105.509221,-4.970655
Pujon Hub,112.475507,-7.847312
Pugung Hub,104.848542,-5.35204
Pugung First Mile Hub,104.848542,-5.35204
Plumpang First Mile Hub,112.092477,-7.030246
Pitu Riawa Hub,119.937227,-3.91677
Pinang 6 First Mile Hub,106.680583,-6.205194
Pesanggrahan 2 Hub,106.769376,-6.273115
Permata Hub,96.915554,4.809139
Penjaringan 11 Hub,106.774264,-6.128527
Penjaringan 11 First Mile Hub,106.774264,-6.128527
Pegantenan Hub,113.482858,-7.047379
Pamona Puselemba Hub,120.633167,-1.762056
Palmatak Hub,106.295917,3.344889
Pahae Julu Hub,99.049417,1.888068
Padang Tiji Hub,95.846417,5.375889
Paal Merah Hub,103.625769,-1.649604
Paal Merah First Mile Hub,103.625769,-1.649604
Nguntoronadi Kab. Wonogiri Hub,110.966335,-7.93193
Nguntoronadi Kab. Wonogiri First Mile Hub,110.966335,-7.93193
Neglasari 4 First Mile Hub,106.629719,-6.138932
Muara Jawa Hub,117.224414,-0.840651
Mranggen First Mile Hub,110.5117,-7.02498
Mojolaban First Mile Hub,110.905382,-7.583438
Mestong Hub,103.533072,-1.772202
Mentaya Hulu Hub,112.506459,-1.969243
Mengkendek Hub,119.881833,-3.181917
Mejayan 2 Hub,111.709139,-7.552722
Mario Riwawo Hub,119.949969,-4.461113
Malangbong Hub,108.087322,-7.063708
Lumban Julu Hub,99.00925,2.602417
Legok 3 Hub,106.594056,-6.286722
Laguboti Hub,99.142955,2.37301
Konang Hub,113.119233,-7.076553
Konang First Mile Hub,113.119233,-7.076553
Ketol Hub,96.716222,4.69925
Kesugihan First Mile Hub,109.088536,-7.62333
Kelumpang Selatan Hub,116.105609,-3.072577
Kedungpring Hub,112.227906,-7.169469
Kedungpring First Mile Hub,112.227906,-7.169469
Kedungmenjangan First Mile Hub,109.390802,-7.444274
Kebonsari Hub,111.508794,-7.740592
Kebon Jeruk 11 First Mile Hub,106.769761,-6.207594
Karawang Timur First Mile Hub,107.315994,-6.309785
Kalis Hub,112.910778,0.702377
Kaliorang Hub,117.871306,0.877278
Jogorogo Hub,111.2694,-7.510765
Inuman Hub,101.809921,-0.461631
Gunung Megang 2 Hub,103.879306,-3.457639
Glenmore First Mile Hub,114.042332,-8.308525
Gandus 2 Hub,104.68725,-3.008972
Bekasi Barat 2 First Mile Hub,106.948877,-6.225286
Dukuhturi 2 Hub,109.125639,-6.902306
Dukuhturi 2 First Mile Hub,109.125639,-6.902306
Daha Selatan First Mile Hub,115.108183,-2.635988
Citeureup 2 First Mile Hub,106.87684,-6.512147
Cisarua Bogor First Mile Hub,106.87382,-6.654151
Cipondoh 3 Hub,106.681615,-6.2039
Cipondoh 3 First Mile Hub,106.681615,-6.2039
Ciomas First Mile Hub,106.779333,-6.629056
Cijulang Hub,108.490778,-7.709472
Cijulang First Mile Hub,108.490778,-7.709472
Cempaga Hub,112.99468,-2.35078
Bontonompo Selatan Hub,119.394875,-5.40011
Bendungan Hub,111.693488,-7.955492
Baturaden First Mile Hub,109.23233,-7.388519
Batuceper First Mile Hub,106.687028,-6.15925
Barat First Mile Hub,111.443379,-7.601066
Banjarangkan Hub,115.389589,-8.552617
Baitussalam Hub,95.384444,5.603917
Baebunta Hub,120.250694,-2.597541
Awangpone Hub,120.297893,-4.473716
Ciledug Kota Tangerang 2 First Mile Hub,106.703103,-6.237621
Ampel Hub,110.543056,-7.458472
Talang Kelapa DC,104.7704,-2.915007
SPX Express Seller pplus_shop,112.689861,-7.253968
SPX Express Seller supeecrazysale12,106.84187,-6.525916
SPX Express Seller noerabeautycare,107.550184,-7.032182
SPX Express Seller yooyee.id,106.680703,-6.205786
SPX Express Seller ajwshop.id,106.721985,-6.109847
SPX Express Seller milanospeed,106.619106,-6.062095
SPX Express Seller wuwenjin,106.630953,-6.06769
SPX Express Seller victoriahouse,112.767143,-7.263525
SPX Express Seller unicharm.id,106.675557,-6.094435
SPX Express Seller maangeauthorisedstore,106.675557,-6.094435
SPX Express Seller davioo_official,106.683108,-6.072074
SPX Express Seller xobox.id,106.683108,-6.072074
SPX Express Seller tokogrosirboby,106.617468,-6.20131
SPX Express Seller han_river_official,106.557237,-6.194243
SPX Express Seller zalsa_flagshipstore01,106.773194,-6.600324
SPX Express Seller thebuzank.id,106.856885,-6.666179
SPX Express Seller emerit1,106.987047,-6.299045
SPX Express Seller ciaraindonesia,106.987047,-6.299045
SPX Express Seller brighty_id,106.987047,-6.299045
SPX Express Seller gm_bear,106.444862,-6.21471
SPX Express Seller bostanten.woman.id,106.444862,-6.21471
SPX Express Seller startlux,107.572476,-6.952027
MH 1 Bacan Hub,127.60326,-0.6293
MH 1 Teluk Pakedai Hub,109.173193,-0.366667
MH 2 Landak Hub,109.866435,0.227014
MH 1 Kubu Hub,109.234595,-0.382129
MH 1 Sepauk Hub,111.141423,-0.24437
MH 2 Katingan Tengah Hub,112.99748,-1.426182
MH 4 Selat Hub,114.388775,-3.008324
MH 1 Pekat Hub,117.715797,-8.238184
MH 1 Kampar Kiri Hub,100.989791,-0.005976
MH 4 Tanah Sepenggal Lintas Hub,101.767703,-1.330267
MH 1 Merapi Barat Hub,103.664882,-3.842752
MH 2 Panai Hulu Hub,100.301065,2.47229
Jatisampurna Hub,106.920139,-6.357139
Tapos 3 Hub,106.889912,-6.425478
Matraman 3 Hub,106.858199,-6.212664
Ciparay Hub,107.711861,-7.035972
Pauh Kab. Sarolangun Hub,102.815444,-2.141778
Sekolaq Darat Hub,115.793333,-0.227111
Rokan IV Koto Hub,100.416778,0.55875
Sapuran Hub,109.97547,-7.443909
Paseh 2 First Mile Hub,107.778528,-7.053889
Jatisampurna First Mile Hub,106.920139,-6.357139
Tapos 3 First Mile Hub,106.889912,-6.425478
Matraman 3 First Mile Hub,106.858199,-6.212664
Ciparay First Mile Hub,107.711861,-7.035972
Margaasih 3 First Mile Hub,107.534618,-6.953424
Pauh Kab. Sarolangun First Mile Hub,102.815444,-2.141778
Nanga Taman First Mile Hub,110.823442,-0.255462
Mayong First Mile Hub,110.759083,-6.747333
Tanjung Priok 8 First Mile Hub,106.891643,-6.135069
SPX Express Seller Whitelab Official Shop,106.819602,-6.126736
SPX Express Seller glowcollection88,106.782547,-6.155029
SPX Express Seller madamegieofficial,106.786613,-6.184709
Overflow Sunter First Mile Hub,106.879822,-6.132086
SPX Express Seller cozme,106.859357,-6.469463
SPX Express Seller tntbeautyshop,106.769392,-6.150303
SPX Express Seller Polynia Official Shop,106.837879,-6.132298
SPX Express Seller Linda & Anne,106.723257,-6.11519
SPX Express Seller Makuku,106.932321,-6.147306
SPX Express Seller scarlettofficialshop,106.744705,-6.129662
SPX Express Seller Beauty Corner,106.760234,-6.596015
Cengkareng 11 Hub,106.7652,-6.154196
Cengkareng 11 First Mile Hub,106.7652,-6.154196
Malunda Hub,118.859446,-3.018189
Ilir Barat I 2 Hub,104.705307,-2.988128
Sepaku 2 Hub,116.764165,-0.915537
Kabun Hub,100.781481,0.466497
Bukit Batu Kota Palangka Raya Hub,113.756558,-1.989417
Waway Karya Hub,105.598801,-5.432365
Ulu Barumun Hub,99.689,1.064639
Teunom Hub,95.793626,4.473
Tegalsari First Mile Hub,112.726163,-7.263568
Tambakboyo Hub,111.836585,-6.802669
Subang Kab. Kuningan Hub,108.534066,-7.128666
Pulau Maya Hub,109.678407,-1.211061
Pondok Melati First Mile Hub,106.923781,-6.305719
Metro Utara Hub,105.292211,-5.099776
Lubuk Pinang Hub,101.157528,-2.430722
Lubuk Kilangan Hub,100.43325,-0.94975
Kunto Darussalam Hub,100.642002,0.824737
Kamang Baru 2 Hub,101.387816,-0.817813
Kamang Baru 2 First Mile Hub,101.387816,-0.817813
Danau Seluluk Hub,112.259306,-2.372528
Bungkal Hub,111.453244,-8.00938
Bungkal First Mile Hub,111.453244,-8.00938
Bandar Pasir Mandoge Hub,99.33855,2.770357
Bajuin Hub,114.809949,-3.786746
Pacet Kab. Cianjur 2 Hub,107.04805,-6.758713
Pacet Kab. Cianjur 2 First Mile Hub,107.04805,-6.758713
Matan Hilir Utara Hub,110.081167,-1.461111
Kosambi 8 First Mile Hub,106.677527,-6.092226
Kembangan 6 First Mile Hub,106.759684,-6.198105
Candipuro 2 Hub,113.06726,-8.188727
Candipuro 2 First Mile Hub,113.06726,-8.188727
Babelan 4 Hub,107.038159,-6.2003
Bantan Hub,102.2184,1.533899
Sinoa Hub,119.9269,-5.498999
Sindangresmi Hub,105.977923,-6.511044
Ngancar Hub,112.17736,-7.949748
Ngancar First Mile Hub,112.17736,-7.949748
Muara Batu Hub,96.914517,5.23351
Kerumutan Hub,102.257141,-0.056717
Gunung Tuleh Hub,99.774611,0.208222
Kandat First Mile Hub,112.02707,-7.95815
MH 1 Musi Rawas Utara Hub,103.109762,-2.608193
MH 1 Kesesi Hub,109.509454,-7.137818
MH 1 Moramo Hub,122.658857,-4.163631
Wolo Hub,121.256462,-3.84233
Wolo First Mile Hub,121.156981,-3.767886
Teluk Sampit Hub,113.001192,-3.16705
Tawangharjo Hub,110.991722,-7.082694
Tawangharjo First Mile Hub,110.991722,-7.082694
Sentolo 2 Hub,110.223071,-7.84608
Raya Kahean Hub,98.956667,3.129417
Pagar Alam Utara Hub,103.23892,-3.999994
Marau Hub,110.719624,-2.112932
Kaway XVI Hub,96.19521,4.31543
Karusen Janang Hub,115.087667,-1.962944
Karusen Janang First Mile Hub,115.087667,-1.962944
Bunga Mayang Hub,104.873374,-4.57235
Babadan Hub,111.495687,-7.822459
Babadan First Mile Hub,111.495687,-7.822459
Seluma Timur Hub,102.596414,-4.088422
Sekampung Udik Hub,105.553267,-5.312585
Penukal Hub,104.058416,-3.218793
Pakkat Hub,98.485876,2.147739
Kadia 2 Hub,122.507381,-3.975005
Kadia 2 First Mile Hub,122.507381,-3.975005
Kalipare Hub,112.433938,-8.184245
Kalipare First Mile Hub,112.433938,-8.184245
Bogor Selatan 5 First Mile Hub,106.834142,-6.639563
Balikpapan Liq Center,116.846331,-1.175674
Tegalombo Hub,111.29095,-8.061829
Tegalombo First Mile Hub,111.2884,-8.061807
Kebayoran Lama Hub,106.782915,-6.213234
Belakang Padang Hub,103.892229,1.155226
Wedung First Mile Hub,110.616358,-6.792336
Tenggarang Hub,113.853034,-7.908368
Tenggarang First Mile Hub,113.853034,-7.908368
Telaga Antang Hub,112.612384,-1.809057
Tarakan Utara Hub,117.569094,3.368217
Tangerang 3 First Mile Hub,106.656111,-6.166611
Tanah Abang 6 First Mile Hub,106.7914,-6.207882
Tambora 4 Hub,106.808269,-6.159991
Tambora 4 First Mile Hub,106.80568,-6.159982
Tambaksari 2 Hub,112.762391,-7.25114
Sungai Melayu Rayak First Mile Hub,110.45575,-1.775389
Sipatana Hub,123.063087,0.581559
Simpang Kanan Hub,97.989993,2.443287
Sewon Hub,110.374597,-7.871249
Sewon First Mile Hub,110.37202,-7.871232
Sedati First Mile Hub,112.761146,-7.374145
Polombangkeng Utara (Polobangkeng) Hub,119.462347,-5.372138
Pinang 5 First Mile Hub,106.681553,-6.206028
Pangkalan Banteng 2 Hub,111.912115,-2.470355
Pamukan Barat Hub,116.01175,-2.336444
Mesuji Makmur Hub,104.936243,-4.058212
Mentaya Hilir Utara Hub,112.911169,-2.734676
Manyak Payed Hub,98.068333,4.399361
Manyak Payed First Mile Hub,98.065,4.399368
Mallusetasi Hub,119.627568,-4.20049
Lirik Hub,102.345559,-0.357234
Langgam Hub,101.680086,0.13077
Kenjeran 3 Hub,112.771948,-7.234245
Kenjeran 3 First Mile Hub,112.771948,-7.234245
Kelayang Hub,102.133546,-0.463824
Kebon Jeruk 9 First Mile Hub,106.769775,-6.161692
Kalideres 9 First Mile Hub,106.691757,-6.138542
Grogol Petamburan 3 First Mile Hub,106.77552,-6.157407
Geneng Hub,111.439686,-7.436165
Geneng First Mile Hub,111.439686,-7.436165
Dolok Panribuan Hub,99.029972,2.809389
Bonai Darussalam Hub,100.794306,1.134361
Bilah Hilir Hub,100.094306,2.31775
Bilah Hilir First Mile Hub,100.09171,2.317768
Bawang Batang Hub,109.91891,-7.093422
Bawang Batang First Mile Hub,109.91891,-7.093422
Bandar Sei Kijang Hub,101.634972,0.427944
Asemrowo Hub,112.684276,-7.239656
Asemrowo First Mile Hub,112.684276,-7.239656
Asakota Hub,118.755778,-8.437852
Antang Kalang Hub,112.696387,-1.540691
Pagedangan 2 Hub,106.596232,-6.277434
Depok First Mile Hub,110.399969,-7.752832
MH 4 Tanjung Redeb Hub,117.468332,2.146913
MH 1 Tapen Hub,114.146116,-8.00824
MH 1 Padang Bolak Hub,99.617271,1.491877
MH 1 Panimbang Hub,105.795503,-6.494532
MH 2 Merek Hub,98.537861,2.972306
MH 1 Merek Hub,98.537861,2.972306
SPX Express Seller bioaquaofficialshop,106.68939,-6.079727
SPX Express Seller ttgmotorbekasi,107.026831,-6.224034
SPX Express Seller Secret Base,112.751122,-7.247251
SPX Express Seller officialhirembulan,107.615889,-6.967796
SPX Express Seller erigostore,106.596012,-6.277081
SPX Express Seller SPX Express Brayan,98.669499,3.628192
SPX Express Seller Hoptech Official Store,106.473936,-6.202491
SPX Express Seller Dingpei,106.56269,-6.318332
SPX Express Seller kiwimart,112.632278,-7.261012
SPX Express Seller angelfashion_77,107.580823,-6.921049
SPX Express Seller SPX Express KD Begel,110.706897,-7.710582
SPX Express Seller aerostreet,110.73525,-7.615243
SPX Express Seller lozy_official,108.24321,-7.316585
SPX Express Seller COD_KOSMETIK dan Jestham Official,98.669649,3.626639
SPX Express Seller SPX Express Shipper Store Medan,98.679668,3.679679
SPX Express Seller kalishaofficial1,108.126564,-7.347321
SPX Express Seller Emudah,107.170106,-6.395534
SPX Express Seller Glad2Glow official_id,106.69015,-6.080035
SPX Express Seller skintific.indo,106.9107,-6.19258
SPX Express Seller allyouneed,112.703346,-7.332807
SPX Express Seller tatabeautycare,110.725601,-7.559946
SPX Express Seller Valenchstore,112.78135,-7.224693
SPX Express Seller SKYLO,112.626395,-7.378792
SPX Express Seller girlfashionstory,106.423905,-6.255757
SPX Express Seller Happytos,112.668146,-7.256178
SPX Express Seller megah.jaya.electronic,107.033415,-6.232027
SPX Express Seller somethinc,106.625321,-6.211422
SPX Express Seller gudangviral,112.780554,-7.240951
SPX Express Seller mnccosmetic,98.66778,3.59081
SPX Express Seller Forte.id,112.67814,-7.24409
SPX Express Seller Satu Keluarga,106.680674,-6.083443
SPX Express Seller YANGSTORE,106.706158,-6.080066
SPX Express Seller osm_jkt,106.691116,-6.076654
SPX Express Seller 99koutlet,106.565538,-6.209203
SPX Express Seller focallureofficialshop,106.676036,-6.095431
SPX Express Seller TMALL,106.67777,-6.077172
SPX Express Seller hermancollection,106.679913,-6.084736
SPX Express Seller beliacosmetic,112.670212,-7.255878
SPX Express Seller Homedekor,112.687472,-7.360139
SPX Express Seller Bubu Shop Official Store,107.003291,-6.16245
SPX Express Seller Kasyfa Official,110.678963,-7.727664
SPX Express Seller Edit by Sociolla,106.544616,-6.226976
SPX Express Seller mycaseind,112.654695,-7.934266
SPX Express Seller CHOCHO88 Shop,107.613027,-6.962209
SPX Express Seller lakoeindonesia,107.033219,-6.25367
SPX Express Seller owneruptofemalefashion,107.570972,-6.946806
SPX Express Seller bosskosmetikmedan,98.503574,3.608703
SPX Express Seller Houseware Shop,110.375932,-6.995969
SPX Express Seller MTE.id,106.551295,-6.196078
IDBGR2 FBS,106.827866,-6.533656
IDQ FBS,106.827866,-6.533656
IDBGR1 FBS,106.827866,-6.533656
IDPBR1 FBS,101.378185,0.501792
IDDPR1 FBS,115.189465,-8.674696
IDP FBS,104.734815,-2.845517
IDR FBS,110.342373,-7.017357
IDN FBS,116.852062,-1.180424
IDK FBS,119.48969,-5.092903
IDS FBS,112.662201,-7.223892
IDM FBS,98.714474,3.604733
IDG FBS,106.877977,-6.132357
IDL FBS,106.976729,-6.196415
Ciampea 2 First Mile Hub,106.708114,-6.575468
Ciputat 2 First Mile Hub,106.726024,-6.303521
Jasinga First Mile Hub,106.467056,-6.474583
Giri First Mile Hub,114.365172,-8.18595
Kragan First Mile Hub,111.622211,-6.697148
Cempaka Putih 2 First Mile Hub,106.891643,-6.135069
Penjaringan 13 First Mile Hub,106.78697,-6.127848
Kembangan 5 First Mile Hub,106.735583,-6.214917
Karangrayung First Mile Hub,110.78075,-7.104861
Arjasa First Mile Hub,113.773191,-8.119312
Gunung Kaler First Mile Hub,106.404498,-6.105326
Secanggang First Mile Hub,98.487062,3.815509
Cidadap First Mile Hub,107.603772,-6.88304
Teluknaga 2 First Mile Hub,106.657463,-6.059411
Pabean Cantikan First Mile Hub,112.737917,-7.229053
Cilincing 3 First Mile Hub,106.927699,-6.14697
Cakung 5 First Mile Hub,106.955651,-6.202298
Arcamanik First Mile Hub,107.675587,-6.928708
Babelan 3 First Mile Hub,107.019233,-6.192348
Linggang Bigung First Mile Hub,115.632245,-0.139514
Kedungkandang 2 First Mile Hub,112.641768,-8.021712
Pademangan 4 First Mile Hub,106.819748,-6.129151
Pondok Aren 3 Hub,106.706861,-6.268889
Kelapa Dua 4 Hub,106.593087,-6.239228
Brondong Hub,112.266494,-6.882702
Jasinga Hub,106.467056,-6.474583
Jatiasih 4 Hub,106.951596,-6.278373
Teluknaga 3 Hub,106.656399,-6.069147
Arcamanik Hub,107.675587,-6.928708
Pollung Hub,98.731318,2.312113
Secanggang Hub,98.487062,3.815509
Cidadap Hub,107.603772,-6.88304
Taman Sari 4 Hub,106.823486,-6.157836
Pabean Cantikan Hub,112.737917,-7.229053
Cilincing 3 Hub,106.927699,-6.14697
Cakung 5 Hub,106.955651,-6.202298
Sendana Hub,118.853518,-3.284897
Peunaron Hub,97.673386,4.616546
Batin XXIV Hub,103.00297,-1.875062
Tiga Lingga Hub,98.220905,2.90827
Sei Kepayang Barat Hub,99.819801,2.970132
Lambu Hub,119.012603,-8.60811
Samarinda Utara 2 Hub,117.15428,-0.436068
Lintau Buo Hub,100.755031,-0.458558
Fatuleu Hub,123.878694,-10.062821
Dedai Hub,111.674685,0.055053
Timpeh Hub,101.677348,-0.971967
Linggang Bigung Hub,115.632245,-0.139514
Karangrayung Hub,110.78075,-7.104861
MH 2 Wasile Timur Hub,128.514199,0.972784
MH 1 Wasile Timur Hub,127.816894,0.767612
MH 3 Sigi Biromaru Hub,119.92737,-0.954529
MH 3 Kotawaringin Lama Hub,111.302489,-2.367454
MH 2 Kotawaringin Lama Hub,111.302489,-2.367454
MH 1 Kotawaringin Lama Hub,111.302489,-2.367454
MH 1 Sungai Raya Hub,109.407229,-0.13375
MH 2 Bunguran Tengah Hub,108.298191,3.873507
MH 1 Bunguran Tengah Hub,108.298191,3.873507
Woyla Hub,96.057389,4.386806
Pujud 2 Hub,100.570547,1.469864
Panongan 3 Hub,106.545361,-6.267444
Modayag Barat Hub,124.37125,0.716083
Simangambat Hub,99.956937,1.514852
Margorejo Hub,111.014397,-6.758065
Baureno First Mile Hub,112.111778,-7.126861
Batang Peranap Hub,101.934888,-0.55218
Taman Sari 6 Hub,106.821807,-6.140282
Taman Sari 6 First Mile Hub,106.821807,-6.140282
Sawah Besar 3 First Mile Hub,106.83451,-6.145487
Samatiga Hub,96.062729,4.212094
Pulo Gadung 3 Hub,106.906089,-6.180523
Pulo Gadung 3 First Mile Hub,106.906089,-6.180523
Gedangan 2 Hub,112.721222,-7.395611
Tapung Hulu Hub,100.878617,0.654381
Regol 2 Hub,107.614998,-6.947424
Regol 2 First Mile Hub,107.614998,-6.947424
Wonoayu Hub,112.660085,-7.493463
Silimakuta Hub,98.610842,2.937918
Pademawu Hub,113.521917,-7.182639
Gunung Anyar Hub,112.767029,-7.340772
Gunung Anyar First Mile Hub,112.767029,-7.340772
Cicantayan Hub,106.864833,-6.904861
Cikupa 3 First Mile Hub,106.533833,-6.206917
Andir Hub,107.577089,-6.916973
Lintong Nihuta Hub,98.881167,2.292136
Bunut Hub,102.1467,0.297722
Labuhan Haji Hub,97.006323,3.545655
Tobadak Hub,119.287658,-2.085672
Hinai Hub,98.428228,3.84932
Pematang Karau Hub,115.091641,-1.798573
Batang Cenaku 2 Hub,102.165467,-0.785819
Sirandorung Hub,98.299669,2.090592
Mukok Hub,110.770504,0.13519
Batukuning Lakitan Ulu Hub,103.360696,-3.341934
Membalong Hub,107.66071,-3.130006
Ratahan Hub,124.807016,1.065013
Loa Janan Hub,117.09486,-0.590863
Andir First Mile Hub,107.577089,-6.916973
Lahusa First Mile Hub,97.881529,0.756142
Pademangan 3 First Mile Hub,106.814393,-6.127304
Wiyung First Mile Hub,112.65764,-7.30577
Cengkareng 7 First Mile Hub,106.774433,-6.144958
Cicantanyan Hub,106.864833,-6.904861
Andong First Mile Hub,110.759758,-7.372934
Kembangan 5 Hub,106.735583,-6.214917
Purbolinggo Hub,105.509221,-4.970655
Kosambi 6 First Mile Hub,106.677806,-6.092167
Kemayoran 2 First Mile Hub,106.844347,-6.157302
MH 1 Bungku Barat Hub,121.598168,-2.213414
MH 2 Galing Hub,109.313807,1.438992
MH 1 Tabongo Hub,122.916205,0.590856
MH 1 Poleang Hub,121.579265,-4.776413
Wonosari 2 Hub,110.707472,-7.606813
Ulujami Hub,109.554588,-6.886126
Tlanakan Hub (Not In Operation),113.521917,-7.182639
Tigo Nagari Hub,100.057395,-0.047508
Tegalrejo First Mile Hub,110.353143,-7.778901
Tayu Hub,111.059327,-6.56751
Tanjung Brebes First Mile Hub,108.859191,-6.875137
Tanah Sareal First Mile Hub,106.768791,-6.536714
Tambora 3 First Mile Hub,106.808036,-6.157885
Tambelang First Mile Hub,107.151406,-6.14282
Taman Pemalang First Mile Hub,109.386631,-6.908509
Sumbergempol First Mile Hub,111.950079,-8.082712
Sukamulya First Mile Hub,106.425963,-6.158681
Sukamulya 2 Hub,106.43034,-6.161156
Sukaluyu First Mile Hub,107.229278,-6.80625
Solo 2 Hub,110.811431,-7.487324
Slogohimo First Mile Hub,111.196409,-7.832962
Sliyeg First Mile Hub,108.320263,-6.477342
Sinaboi (Senaboi) Hub,100.89,2.260778
Sidoarjo 3 First Mile Hub,112.662275,-7.403079
Sayung First Mile Hub,110.544951,-6.958997
Sawit Hub,110.690869,-7.535402
Sawah Gede First Mile Hub,107.148417,-6.816627
Samalanga Hub,96.370429,5.186792
Sajingan Besar Hub,109.597447,1.65732
Sajingan Besar First Mile Hub,109.597447,1.65732
Sagaranten First Mile Hub,106.890309,-7.218978
Rowokele Hub,109.442914,-7.60233
Rowokele First Mile Hub,109.442914,-7.60233
Rajabasa Hub,105.241596,-5.355596
Purwokerto Barat First Mile Hub,109.225665,-7.418511
Pringapus First Mile Hub,110.438137,-7.185355
Pracimantoro First Mile Hub,110.818353,-8.072594
Plupuh Hub,110.879472,-7.470472
Plupuh First Mile Hub,110.879472,-7.470472
Piyungan First Mile Hub,110.447808,-7.829894
Pintu Rime Gayo Hub,96.743831,4.826716
Pemalang First Mile Hub,109.40194,-6.908861
Pedurungan 4 Hub,110.448638,-6.990704
Pedurungan 4 First Mile Hub,110.448638,-6.990704
Paninggaran First Mile Hub,109.58933,-7.171789
Panguragan Hub,108.463917,-6.62825
Panguragan First Mile Hub,108.463917,-6.62825
Panceng Hub,112.504501,-6.956692
Panceng First Mile Hub,112.504501,-6.956692
Pacet 2 First Mile Hub,107.042727,-6.703196
Nguter First Mile Hub,110.862916,-7.71751
Munjungan Hub,111.551694,-8.301639
Munjungan First Mile Hub,111.551694,-8.301639
Moyudan First Mile Hub,110.262313,-7.760532
Mojotengah First Mile Hub,109.911864,-7.309632
Mlonggo Hub,110.705094,-6.521933
Mlonggo First Mile Hub,110.705094,-6.521933
Merapi Barat Hub,103.646459,-3.777116
Medang Deras Hub,99.384902,3.360654
Margoyoso First Mile Hub,111.048975,-6.59657
Manisrenggo First Mile Hub,110.505982,-7.706834
Mandau 2 Hub,101.147054,1.382472
Madukara First Mile Hub,109.746023,-7.388826
Larangan 3 First Mile Hub,106.727055,-6.242716
Langowan Utara Hub,124.835,1.158722
Langowan Utara First Mile Hub,124.835,1.158722
Krembangan 2 Hub,112.736371,-7.237101
Krembangan 2 First Mile Hub,112.736371,-7.237101
Kranggan Hub,110.217985,-7.35428
Kranggan First Mile Hub,110.217985,-7.35428
Kota Bangun 2 Hub,116.538184,-0.40878
Kosambi 7 Hub,106.678271,-6.093848
Kosambi 7 First Mile Hub,106.678271,-6.093848
Kesesi First Mile Hub,109.509233,-7.016097
Kembangan 4 Hub,106.750917,-6.181722
Kemang First Mile Hub,106.754403,-6.49698
Kelumpang Barat Hub,116.076624,-2.795462
Keboromo First Mile Hub,111.040316,-6.499782
Kebon Jeruk 8 First Mile Hub,106.779397,-6.229391
Kaliwedi Hub,108.386056,-6.595833
Kalideres 8 Hub,106.70433,-6.144648
Kalideres 8 First Mile Hub,106.70433,-6.144648
Kalideres 7 First Mile Hub,106.696874,-6.135278
Jetis 2 Hub,110.318065,-7.976181
Jatisrono First Mile Hub,111.141232,-7.828965
Jatibarang Hub,109.063183,-6.967968
Jatibarang First Mile Hub,109.063183,-6.967968
Jati 3 Hub,110.851577,-6.820251
Jati 3 First Mile Hub,110.851577,-6.820251
Jagakarsa 3 First Mile Hub,106.837147,-6.31056
Imogiri First Mile Hub,110.377611,-7.918806
Gununganyar Hub,112.771608,-7.338376
Gununganyar First Mile Hub,112.771608,-7.338376
Gambir 5 First Mile Hub,106.810694,-6.165222
Dolok Merawan Hub,99.106284,3.139981
Dayeuhkolot 2 First Mile Hub,107.619779,-6.972918
Danau Kembar Hub,100.727543,-1.055021
Curug 4 First Mile Hub,106.567556,-6.277778
Cilamaya Wetan Hub,107.567832,-6.278859
Cilamaya Wetan First Mile Hub,107.567832,-6.278859
Cikupa 2 First Mile Hub,106.505028,-6.217694
Ciemas First Mile Hub,106.468761,-7.197478
Cibarusah First Mile Hub,107.081085,-6.431348
Caringin Hub,106.838667,-6.693472
Caringin Garut Hub,107.4879,-7.52444
Caringin Garut First Mile Hub,107.489947,-7.526534
Caringin First Mile Hub,106.838667,-6.693472
Cabangbungin First Mile Hub,107.188506,-6.091536
Bojongsari Depok First Mile Hub,106.738087,-6.406358
Bekasi Utara 3 First Mile Hub,106.998756,-6.193641
Bawen Hub,110.426216,-7.21485
Bawen First Mile Hub,110.426216,-7.21485
Bawang First Mile Hub,109.653873,-7.400467
Bantul 2 First Mile Hub,110.341419,-7.893963
Arjosari First Mile Hub,111.15501,-8.124636
MH 1 Kembang Janggut Hub,116.391343,0.129279
MH 3 Talisayan Hub,118.249552,1.499108
MH 2 Talisayan Hub,118.249552,1.499108
MH 1 Ngapa Hub,121.006385,-3.298953
Wanadadi First Mile Hub,109.64126,-7.365243
Tambun Selatan 2 First Mile Hub,107.078223,-6.240771
Sukmajaya 4 First Mile Hub,106.840583,-6.404222
Sragi Hub,109.554556,-6.958056
Pelangiran Hub,103.495833,0.175806
Pasirjambu 2 Hub,107.481083,-7.087815
Pamenang Barat 2 Hub,102.415858,-2.070677
Medan Amplas 2 First Mile Hub,98.722806,3.538222
Malang 2 Hub,112.663244,-7.967028
Kembangbahu Hub,112.362251,-7.257638
Keling First Mile Hub,110.864085,-6.481064
Kedungwuni 3 Hub,109.650395,-6.968861
Kebon Jeruk 7 First Mile Hub,106.770199,-6.161526
Karangmoncol First Mile Hub,109.496027,-7.291137
Karangdadap 2 Hub,109.680119,-6.971256
Kampar Kiri Tengah Hub,101.336963,0.175493
Jatiroto First Mile Hub,113.355349,-8.120342
Delanggu 2 First Mile Hub,110.689423,-7.642444
Cileunyi First Mile Hub,107.752972,-6.945639
Cikarang Barat First Mile Hub,107.132651,-6.266398
Camba Hub,119.834551,-4.929436
Bojongsari First Mile Hub,109.331417,-7.347583
Bilah Hulu Hub,99.965194,2.058068
Bangsri First Mile Hub,110.781275,-6.515403
Babakan Ciparay 3 Hub,107.572083,-6.951914
Tirto Hub,109.640621,-6.890351
MH 1 Alla Hub,119.82491,-3.321527
MH 1 Lasalimu Selatan Hub,123.162998,-5.323421
MH 2 Simeulue Tengah Hub,95.972873,2.591158
MH 1 Simeulue Tengah Hub,95.972873,2.591158
Virtual LM Alun Hub,106.941112,-6.189042
Overflow Periuk First Mile Hub,106.602222,-6.166111
MH 1 Benteng Hub,120.470091,-6.245512
MH 1 Rao Selatan Hub,99.935202,0.351996
MH 2 Martapura Hub,104.336027,-4.407862
bioaquaofficialshop,106.68939,-6.079727
Overflow Katapang First Mile Hub,107.554685,-6.997601
Wringin Anom Hub,112.555724,-7.390765
Wringin Anom First Mile Hub,112.555724,-7.390765
Tebing Syahbandar Hub,99.217877,3.335758
Tebing Syahbandar First Mile Hub,99.217877,3.335758
Sungai Gelam 2 Hub,103.68483,-1.643664
Sungai Gelam 2 First Mile Hub,103.68483,-1.643664
Grogol Petamburan 2 Hub,106.776667,-6.154944
Grogol Petamburan 2 First Mile Hub,106.776667,-6.154944
Bojongloa Kidul Hub,107.595806,-6.947611
Bojongloa Kidul First Mile Hub,107.595806,-6.947611
Cihampelas Hub,107.477667,-6.9275
Cihampelas First Mile Hub,107.477667,-6.9275
Kalibening First Mile Hub,109.661,-7.216556
Batur Hub,109.88962,-7.202519
Batur First Mile Hub,109.88962,-7.202519
Arjasari First Mile Hub,107.67938,-7.074849
Gubeng 3 Hub,112.755656,-7.28398
Gubeng 3 First Mile Hub,112.755656,-7.28398
Senapelan First Mile Hub,101.434473,0.531536
Gambir 6 First Mile Hub,106.811023,-6.176165
Bungku Barat First Mile Hub,121.803722,-2.292167
Cakung 4 First Mile Hub,106.944166,-6.182848
Cakung 4 Hub,106.944166,-6.182848
Kembaran First Mile Hub,109.263556,-7.389556
Kembaran Hub,109.263556,-7.389556
Mattiro Bulu Hub,119.630778,-3.879383
Warungkondang First Mile Hub,107.10054,-6.87332
Majalengka 2 Hub,108.233876,-6.834633
Majalengka 2 First Mile Hub,108.201912,-6.827258
Kokap Hub,110.100594,-7.84173
Kokap First Mile Hub,110.100594,-7.84173
Pangkur First Mile Hub,111.523637,-7.485457
Pangkur Hub,111.523637,-7.485457
Angkona Hub,120.988042,-2.594578
Tojo Hub,121.099528,-1.439722
Meurah Mulia Hub,97.221772,5.072642
Mandastana Hub,114.674523,-3.171738
Balai Hub,110.095767,0.138818
Limun Hub,102.705472,-2.382959
Barumun Tengah Hub,99.772433,1.380201
Lahewa Hub,97.181188,1.391496
Nipah Panjang Hub,104.171826,-1.074847
Tikke Raya Hub,119.382193,-1.333909
Merek Hub,98.537861,2.972306
Pulau Burung Hub,103.539803,0.424191
Babulu Hub,116.489253,-1.475466
Depok 3 First Mile Hub,110.392602,-7.778719
Depok 3 Hub,110.392602,-7.778719
MH 1 Cisalak Hub,107.842441,-6.752026
MH 2 Mpunda Hub,118.774846,-8.323238
MH 1 Keluang Hub,103.786853,-2.688394
MH 1 Runjung Agung Hub,103.765385,-4.408004
MH 3 Kabila Hub,123.155047,0.682638
MH 2 Kabila Hub,123.22497,0.367065
MH 1 Kabila Hub,123.140173,0.533486
MH 1 Semende Darat Laut Hub,103.561435,-4.182231
MH 1 Tinambung Hub,118.992217,-3.426482
RA SJI,106.671905,-6.122411
Pakuhaji 2 Hub,106.630953,-6.06769
MH 1 Kauman Ponorogo Hub,111.405275,-7.865337
Yosowilangun First Mile Hub,113.294821,-8.230106
Trangkil First Mile Hub,111.072982,-6.674158
Toroh First Mile Hub,110.910811,-7.136241
Tabir Selatan Hub,102.388056,-1.981028
Sungai Pinang Kab. Banjar Hub,115.253767,-3.195385
Sultan Daulat Hub,97.890972,2.798278
Sindang First Mile Hub,108.303405,-6.363343
Sangatta Utara 2 Hub,117.534358,0.527605
Sangatta Utara 2 First Mile Hub,117.534358,0.527605
Pringgarata Hub,116.243913,-8.613831
Penjaringan 9 First Mile Hub,106.726773,-6.114443
Pattallassang Kab. Gowa Hub,119.558392,-5.205592
Papalang Hub,119.161638,-2.421425
Paninggaran Hub,109.58933,-7.171789
Pakuhaji 2 First Mile Hub,106.630953,-6.06769
Nusawungu Hub,109.302515,-7.657484
Muncar First Mile Hub,114.315221,-8.455043
Meliau 2 Hub,110.368856,-0.098673
Mantewe Hub,115.761261,-3.24942
Linggo Sari Baganti Hub,100.853193,-1.870376
Lenteng Hub,113.773083,-7.050278
Lenteng First Mile Hub,113.773083,-7.050278
Kotawaringin Lama Hub,111.302489,-2.367454
Karang Tengah First Mile Hub,106.722027,-6.198532
Karang Penang Hub,113.382497,-7.006562
Karang Penang First Mile Hub,113.382497,-7.006562
Karang Bintang Hub,115.935485,-3.349302
Karang Bintang First Mile Hub,115.935485,-3.349302
Kaliwungu Selatan Hub,110.235015,-6.967308
Kaliwungu Selatan First Mile Hub,110.235015,-6.967308
Kalideres 6 First Mile Hub,106.698448,-6.129437
Harau Hub,100.672806,-0.151278
Genteng Surabaya Hub,112.750796,-7.247968
Enrekang Hub,119.770933,-3.563399
Ciracas 2 Hub,106.867389,-6.319472
Ciracas 2 First Mile Hub,106.867389,-6.319472
Cilacap First Mile Hub,109.017589,-7.711339
Cengkareng 8 Hub,106.736489,-6.136205
Cengkareng 8 First Mile Hub,106.736489,-6.136205
Bunguran Tengah First Mile Hub,108.298191,3.873507
Benda 4 First Mile Hub,106.678727,-6.141706
Bantarujeg Hub,108.238848,-6.970493
Bantarujeg First Mile Hub,108.238848,-6.970493
Baki First Mile Hub,110.786728,-7.591615
MH 1 Ciracas Hub,106.884659,-6.318346
Lawe Sigala-Gala Hub,97.913175,3.370428
MH 1 Kumai Hub,111.694516,-2.737963
MH 1 Cakung 3 Hub,106.967018,-6.18645
MH 1 Batang Cenaku Hub,102.31203,-0.689548
MH 2 Aralle Hub,119.22959,-2.991462
MH 1 Aralle Hub,119.182662,-2.690638
MH 1 Talisayan Hub,118.249552,1.499108
MH 2 Barong Tongkok Hub,115.710983,-0.219023
MH 1 Tembilahan 2 Hub,103.17095,-0.289459
MH 1 Sipahutar Hub,99.089106,2.086748
Siabu Hub,99.486368,1.024645
Pante Bidari (Beudari) Hub,97.516841,5.075197
Maniis First Mile Hub,107.315968,-6.702218
Tamansari 2 First Mile Hub,106.744,-6.637194
Ciputat Timur 2 First Mile Hub,106.765293,-6.294032
Virtual Batam DC,104.06003,1.112429
WH Lionel Express,106.665148,-6.125181
WH Kalla Logistic,106.886579,-6.109623
WH CKL Surabaya,112.766206,-7.372794
WH Avia Cargo Surabaya,112.783682,-7.37418
WH Lion Parcel Surabaya,112.713405,-7.397737
WH Lion Parcel Yogyakarta,110.401069,-7.798391
Bungku Barat Hub,121.803722,-2.292167
MH 6 Sako Hub,104.974064,-2.484894
MH 1 Jepara Hub,110.722676,-6.745477
Sungai Rotan Hub,104.297703,-3.19663
Madang Suku III Hub,104.355806,-4.1095
Gumbasa Hub,119.946298,-1.227618
MH 2 Lotu Hub,97.189991,1.381135
Bakongan Hub,97.485028,2.925833
MH 3 Kelam Permai Hub,111.819834,0.083418
Bangko Barat Hub,102.2018,-2.200375
MH 3 Bagan Sinembah Hub,100.361018,1.84998
MH 4 Bungku Tengah Hub,121.525582,-2.309068
MH 5 Amurang Barat Hub,124.474174,0.877941
Nanga Taman Hub,110.823442,-0.255462
Watubangga Hub,121.505275,-4.47633
Watubangga First Mile Hub,121.505275,-4.47633
Sungai Pandan 2 Hub,115.2299,-2.455739
Sungai Pandan 2 First Mile Hub,115.2299,-2.455739
Singorojo Hub,110.188333,-7.07825
Singorojo First Mile Hub,110.188333,-7.07825
Singkil Kab. Aceh Singkil Hub,97.80873,2.271651
Simpang Pesak Hub,107.968111,-3.110222
Simpang Hulu Hub,110.379011,-0.528792
Simeulue Tengah Hub,95.972873,2.591158
Simeulue Tengah First Mile Hub,95.972873,2.591158
Salam First Mile Hub,110.298678,-7.601973
Petasia Timur Hub,121.422574,-2.078777
Pasar Rebo 2 Hub,106.864164,-6.34971
Pasar Rebo 2 First Mile Hub,106.864164,-6.34971
Panyipatan Hub,114.710247,-3.942364
Pagerbarang Hub,109.070316,-7.015742
Pagerbarang First Mile Hub,109.070316,-7.015742
Nibung Hub,102.974442,-2.500302
Nibung First Mile Hub,102.974442,-2.500302
Morotai Selatan 2 Hub,128.305657,2.062219
Laubaleng Hub,98.064812,3.150198
Koto XI Tarusan Hub,100.487229,-1.238487
Katingan Hilir 2 Hub,113.282131,-1.903163
Gido First Mile Hub,97.732289,1.109781
Cikupa First Mile Hub,106.537606,-6.241223
Carenang Hub,106.310046,-6.110061
Carenang First Mile Hub,106.310046,-6.110061
Bruno Hub,109.927011,-7.575229
Bruno First Mile Hub,109.928921,-7.573203
Bontoa Hub,119.588502,-4.934276
Bodeh Hub,109.495861,-6.979083
Bodeh First Mile Hub,109.495861,-6.979083
Belik Hub,109.324139,-7.175773
Belik First Mile Hub,109.324139,-7.175773
Bandar Negeri Suoh Hub,104.282374,-5.20338
Tegallalang 2 Hub,115.279687,-8.421206
MH 1 Enrekang Hub,119.771308,-3.566537
Virtual Solo DC,110.786861,-7.590774
Tirto First Mile Hub,109.640621,-6.890351
Muncar Hub,114.315221,-8.455043
Tanah Abang First Mile Hub,106.806678,-6.190104
Kalibening Hub,109.661002,-7.216499
Tungkal Ilir Kab. Banyuasin Hub,104.238232,-2.484563
Plakat Tinggi (Pelakat Tinggi) Hub,103.56912,-2.977592
Rangkah Kidul 2 First Mile Hub,112.695846,-7.477402
MH 6 Putussibau Hub,112.929711,0.71128
MH 1 Arjawinangun Hub,108.389032,-6.563029
Bunguran Tengah Hub,108.298191,3.873507
Padang Jaya Hub,102.106544,-3.360784
MH 1 Pujer Hub,113.926881,-7.968648
MH 1 Kendari Hub,122.502966,-3.976938
MH 1 Brebes Hub,109.041277,-6.936494
Singkawang Tengah 2 Hub,109.007456,0.932019
MH 1 Pulau Panggung Hub,104.85057,-5.349771
Wates Kediri 2 Hub,112.16342,-7.931357
MH 1 Satui Hub,115.412753,-3.772422
MH 1 Bluto Hub,113.826273,-7.0846
MH 4 Banggae Timur Hub,118.885894,-3.450535
MH 3 Banggae Timur Hub,118.858025,-3.014458
Ciemas Hub,106.468761,-7.197478
MH 3 Pangkalan Kerinci Hub,102.11788,0.210873
MH 3 Mentaya Hilir Selatan Hub,112.904201,-2.750568
MH 1 Teluk Bayur Hub,117.439417,2.160016
Barangin Hub,100.740047,-0.603263
Putri Hijau 2 Hub,101.722601,-3.178358
Padang Ratu 2 Hub,104.965171,-5.083135
Rambatan Hub,100.555669,-0.500512
Kintap 2 Hub,115.314229,-3.845334
MH 1 Karang Tinggi Hub,102.38362,-3.808191
MH 1 Betara Hub,103.335627,-1.160754
Nawangan Hub,111.184927,-8.008324
Sungai Melayu Rayak Hub,110.45575,-1.775389
MH 5 Topoyo Hub,119.396341,-1.779082
MH 3 Marisa Hub,121.454268,0.504541
Belimbing Hub,111.603475,-0.288389
MH 2 Aikmel Hub,116.530053,-8.567509
Sembalun Hub,116.542383,-8.389939
MH 5 Palibelo Hub,118.702307,-8.650813
MH 1 Ungaran Hub,110.42174,-7.236237
Ulubelu Hub,104.55468,-5.310663
MH 1 Kebon Jeruk 5 Hub,106.786107,-6.251049
Tilango Hub,123.033056,0.571667
Tenggulun Hub,97.981474,4.114168
Tegal Buleud Hub,106.782652,-7.422326
Tanah Merah Kab. Indragiri Hilir Hub,103.384172,-0.507918
Tambang Hub,101.294401,0.425328
Talawi Hub,99.560121,3.181737
Talawi First Mile Hub,99.560121,3.181737
Sukun First Mile Hub,112.619788,-8.001015
Seyegan Hub,110.308472,-7.722056
Seyegan First Mile Hub,110.308472,-7.722056
Riau Silip Hub,105.859917,-1.737167
Praya Tengah Hub,116.304992,-8.725834
Praya Tengah First Mile Hub,116.304992,-8.725834
Poleang Hub,121.579265,-4.776413
Pesanggaran Hub,114.064412,-8.564458
Pesanggaran First Mile Hub,114.064412,-8.564458
Pabuaran Kab. Sukabumi Hub,106.834715,-7.205124
Pabuaran Kab. Sukabumi First Mile Hub,106.834715,-7.205124
Pabelan Hub,110.556268,-7.334084
Pabelan First Mile Hub,110.556268,-7.334084
Mario Riawa Hub,119.888993,-4.19632
Lebong Selatan Hub,102.306406,-3.197096
Kurau Hub,114.652375,-3.640017
Kuala Batee Hub,96.75245,3.83454
Kongbeng 2 Hub,116.922818,1.096798
Klapanunggal First Mile Hub,106.977806,-6.446222
Kesesi Hub,109.511763,-7.016163
Keluang Hub,103.974831,-2.64381
Keluang First Mile Hub,103.940278,-2.61825
Jerowaru Hub,116.478833,-8.779767
Jangkat Hub,101.817667,-2.533139
Jangkat First Mile Hub,101.817667,-2.533139
Jampang Tengah Hub,106.809103,-7.060263
Jampang Tengah First Mile Hub,106.809103,-7.060263
Gondang 2 Hub,112.006656,-7.537557
Gondang 2 First Mile Hub,112.006656,-7.537557
Cikakak Hub,106.484986,-6.95499
Cikakak First Mile Hub,106.484986,-6.95499
Cengkareng 9 First Mile Hub,106.748627,-6.151443
Bumi Nabung Hub,105.570333,-4.709773
Bumi Nabung First Mile Hub,105.570333,-4.709773
Bonto Bahari Hub,120.363501,-5.528875
Blang Jerango Hub,97.13811,4.061843
Batu Ampar 2 Hub,109.536006,-0.753902
Batang Alai Utara Hub,115.464503,-2.547018
Anjatan Hub,107.936293,-6.395042
Anjatan First Mile Hub,107.936293,-6.395042
Virtual Sunter DC,106.977135,-6.196874
Margaasih 2 First Mile Hub,107.561161,-6.957975
Tigaraksa 3 First Mile Hub,106.47659,-6.2612
Bandung Kulon First Mile Hub,107.565716,-6.926701
Palembang Liq Center,104.7704,-2.915007
Maximos,106.94521,-6.170425
Panongan 3 First Mile Hub,106.545361,-6.267444
Buaran 2 First Mile Hub,109.65697,-6.924282
Cikancung First Mile Hub,107.824611,-6.992528
Cikancung Hub,107.824615,-6.992603
Toroh Hub,110.910811,-7.136241
MH 1 Sepaku Hub,116.739392,-0.951912
MH 1 Cempaga Hulu Hub,113.151862,-1.938412
MH 2 Sungguminasa Hub,119.453719,-5.20689
MH 1 Tamalate Hub,119.412334,-5.179054
MH 1 Paloh Hub,109.220904,1.630378
MH 2 Jelai Hulu Hub,110.75165,-2.009133
Semanu Hub,110.67526,-7.999655
Tempuran Hub,110.166514,-7.542541
MH 3 Towuti Hub,121.578106,-2.589728
Cerdas Kehidupan,106.619143,-6.06268
Beauty Cosmetic,108.558333,-6.757778
TAIYO SHOP INDO,107.692913,-6.927418
SPX Express Seller AnekaBenang,107.607683,-6.931897
Followers Ku,109.012555,-6.934375
Benjieee12345,112.684288,-7.27794
SPX Express Seller HOOLIGANS Official Shop,107.690342,-6.927411
Yosowilangun Hub,113.294821,-8.230106
Wonggeduku Hub,122.188974,-3.944494
Wonggeduku First Mile Hub,122.188974,-3.944494
Teweh Selatan Hub,114.953577,-1.133261
Tanete Rilau Hub,119.604583,-4.489528
Tambusai Hub,100.254167,1.075361
Sungai Limau Hub,100.057051,-0.518858
Sukau Hub,104.022738,-4.923981
Sukamulya 2 First Mile Hub,106.43034,-6.161156
Sragi First Mile Hub,109.554556,-6.958056
Slogohimo 2 First Mile Hub,111.172784,-7.810163
Sinjai Selatan Hub,120.169797,-5.234662
Singkup Hub,110.597798,-2.329503
Simpang Hilir Hub,109.963017,-1.113803
Semarang Utara First Mile Hub,110.40619,-6.95325
Sangir Jujuan Hub,101.359041,-1.431034
Runjung Agung Hub,103.888281,-4.435349
Rao Selatan Hub,100.040444,0.471528
Rantau Selamat Hub,97.908619,4.587811
Pengabuan Hub,103.212064,-0.849595
Pengabuan First Mile Hub,103.212064,-0.849595
Pekalongan Selatan Hub,109.675864,-6.931323
Pekalongan Selatan First Mile Hub,109.675864,-6.931323
Patrol Hub,107.993066,-6.314141
Patrol First Mile Hub,107.993066,-6.314141
Nusawungu First Mile Hub,109.302515,-7.657484
Ngapa Hub,121.005575,-3.299697
Ngapa First Mile Hub,121.006385,-3.298953
Moramo Hub,122.658857,-4.163631
Moramo First Mile Hub,122.658857,-4.163631
Merlung Hub,103.054519,-1.268245
Merlung First Mile Hub,103.054519,-1.268245
Maniis Hub,107.315968,-6.702218
Manding First Mile Hub,113.866861,-6.94575
Lasalimu Selatan Hub,123.162998,-5.323421
Lasalimu Selatan First Mile Hub,123.162998,-5.323421
Kwanyar Hub,112.869056,-7.151639
Kwanyar First Mile Hub,112.869056,-7.151639
Koto Parik Gadang Diateh Hub,100.998306,-1.410972
Kongbeng Hub,116.887611,1.077194
Kencong First Mile Hub,113.379898,-8.28278
Kelapa Gading 3 Hub,106.911302,-6.181314
Kelapa Gading 3 First Mile Hub,106.911302,-6.181314
Kaubun Hub,117.841315,1.025017
Katibung 2 Hub,105.423696,-5.540257
Karanggede Hub,110.636753,-7.373258
Karanggede First Mile Hub,110.636753,-7.373258
Karang Tengah Hub,106.722139,-6.198444
Jeruklegi Hub,109.030389,-7.632306
Jeruklegi First Mile Hub,109.030389,-7.632306
Hatonduhan Hub,99.177226,2.814813
Ganda Pura Hub,96.900361,5.235694
Ganda Pura First Mile Hub,96.900361,5.235694
Denpasar Selatan 2 Hub,115.233174,-8.707742
Deli Tua Hub,98.686241,3.494532
Cibitung 2 Hub,107.090254,-6.22261
Cibitung 2 First Mile Hub,107.090898,-6.222611
Bukit Kapur Hub,101.386472,1.556806
Buaran 3 Hub,109.640953,-6.93854
Buaran 3 First Mile Hub,109.640953,-6.93854
Batang Kapas Hub,100.597276,-1.455829
Batang Kapas First Mile Hub,100.596903,-1.458319
Balikpapan Utara 3 Hub,116.862781,-1.230973
Babakan Ciparay 3 First Mile Hub,107.572083,-6.951914
Pekalongan DC,109.709527,-6.903912
Sliyeg Hub,108.320262,-6.477342
MH 3 Tanjung Selor Hub,117.370659,2.849695
MH 2 Tanjung Selor Hub,117.370659,2.849695
MH 5 Tanjung Redeb Hub,117.468332,2.146913
MH 2 Lembor Hub,120.166808,-8.710904
MH 1 Lembor Hub,120.166808,-8.710904
MH 1 Lape Hub,117.591036,-8.620412
MH 1 Taraju Hub,107.986015,-7.459836
MH 1 Blambangan Umpu Hub,104.494391,-4.577297
MH 4 Pasar Muara Bungo Hub,102.1231,-1.464099
MH 1 Koto Kampar Hulu Hub,100.598615,0.301705
MH 4 Gunung Sitoli Hub,97.601112,1.320725
MH 3 Johan Pahlawan Hub,96.137439,4.154709
Benowo DC,112.63324,-7.198473
Service Point Ngaglik,110.370528,-7.752722
Service Point Depok,110.422306,-7.763194
Service Point Medan Tembung,98.701692,3.622469
Service Point Denpasar Timur,115.219538,-8.658383
Service Point Buaran,109.675827,-6.916818
Service Point Pesantren,112.017268,-7.820018
Service Point Kasihan,110.337389,-7.800333
Muara Sabak Timur First Mile Hub,103.859181,-1.125272
Rantau Rasau First Mile Hub,104.078655,-1.185491
MH 1 Banjar Margo Hub,105.243833,-4.264306
MH 3 Loli Hub,119.408329,-9.639576
MH 2 Loli Hub,119.408329,-9.639576
MH 1 Bunut Hulu Hub,112.702713,0.478787
Muara Sabak Timur Hub,103.859181,-1.125272
Rantau Rasau Hub,104.078655,-1.185491
Minas Hub,101.451902,0.724614
Talisayan Hub,118.190944,1.585722
MH 3 Palangka Raya Hub,113.870912,-2.174556
MH 2 Toili Hub,122.333268,-1.457532
MH 1 Toili Hub,122.333268,-1.457532
MH 2 Kota Curup Hub,102.51429,-3.472107
MH 4 Blang Kejeren Hub,97.34262,3.991449
MH 3 Blang Kejeren Hub,97.34262,3.991449
MH 1 Sungai Kakap Hub,109.226544,-0.066622
MH 6 Aesesa Hub,121.333228,-8.579363
MH 5 Aesesa Hub,121.520947,-8.615174
Virtual Kudus DC,110.876548,-6.83287
Tangerang First Mile Hub,106.656056,-6.166222
MH 4 Tenggarong Hub,116.998,-0.45116
MH 4 Amurang Barat Hub,124.507981,1.184501
MH 2 Mawasangka Tengah Hub,122.370145,-5.329954
MH 1 Mantikulore Hub,119.877902,-0.807288
MH 1 Malili Hub,121.112976,-2.611339
MH 5 Barru Hub,119.6224,-4.39702
MH 4 Barru Hub,119.6224,-4.39702
MH 2 Marisa Hub,121.947309,0.462554
MH 3 Tilamuta Hub,122.334913,0.525948
MH 1 Seririt Hub,115.002034,-8.312578
MH 2 Dabuk Rejo Hub,104.98666,-3.962907
MH 1 Simpang Pematang Hub,105.251322,-4.024539
MH 3 Porsea Hub,99.151662,2.452769
MH 8 Dolok Sanggul Hub,98.74857,2.251991
MH 1 Sungai Pagu Hub,100.88403,-1.25032
MH 2 Pasaman Hub,99.82447,0.096198
MH 2 Mandiangin Hub,102.985571,-1.994545
MH 5 Pasar Muara Bungo Hub,102.1015,-1.50111
MH 1 Muara Tembesi Hub,103.133964,-1.727412
MH 3 Ujung Batu Hub,100.534085,0.709547
MH 2 Peranap Hub,101.976861,-0.524779
MH 1 Kateman Hub,103.605466,0.29376
MH 1 Bengkalis Hub,102.1177,1.472241
MH 2 Blang Kejeren Hub,97.34262,3.991449
MH 2 Babussalam Hub,97.819118,3.474432
MH 3 Karang Baru Hub,98.05129,4.289345
Kelapa Kampit Hub,108.065881,-2.692158
Tembilahan 2 Hub,103.17095,-0.289459
Namang Hub,106.197124,-2.321242
Jatiroto Hub,113.355349,-8.120342
Service Point Banjarmasin Selatan,114.619884,-3.34804
Service Point Puri,112.444861,-7.537944
Cakung 2 DC,106.945601,-6.173069
Bogor 2 DC,106.82761,-6.533703
MH 2 Talang Ubi Hub,103.850439,-3.29654
PT. Happy Momo Indonesia,106.7881,-6.128887
Service Point Buduran,112.702515,-7.433097
Service Point Karangdadap,109.67743,-6.971523
Service Point Grogol,110.804611,-7.621583
Service Point Tembalang,110.440591,-7.065174
Service Point Ilir Timur I,104.756966,-2.980317
Service Point Sako,104.785455,-2.935407
Service Point Medan Johor,98.690787,3.532158
Service Point ​Panakkukang,119.454091,-5.16231
Service Point Wonoayu,112.596941,-7.434992
Service Point Medan Sunggal,98.642925,3.579722
Service Point Ngaliyan,110.376669,-7.012015
Service Point Kudus Kota,110.855742,-6.803593
Service Point Pondok Aren,106.681039,-6.259859
Kedungwuni 3 First Mile Hub,109.650395,-6.968861
Losari First Mile Hub,108.769446,-6.906892
Nguter Hub,110.862916,-7.71751
Pinggir Hub,101.262379,1.178149
Pulau Laut Barat Hub,116.082091,-3.985224
Losari Hub,108.769446,-6.906892
Tanon Hub,110.919687,-7.393254
Gamping Hub,110.33057,-7.796971
Banyudono Hub,106.826432,-6.230541
Talang Hub,109.152074,-6.921031
Balikpapan Barat Hub,116.817205,-1.234273
Kosambi 2 First Mile Hub,106.691147,-6.079839
Medan Amplas DC,98.726414,3.538292
Tanon First Mile Hub,110.919687,-7.393254
Sawit First Mile Hub,110.690869,-7.535402
Andong Hub,110.759758,-7.372934
Talang First Mile Hub,109.152074,-6.921031
MH 3 Hulu Gurung Hub,112.356876,0.440593
MH 2 Hulu Gurung Hub,112.356876,0.440593
MH Tuminting Hub,124.849556,1.495189
MH Asembagus Hub,114.393312,-7.98429
Panyileukan 4 First Mile Hub,107.707308,-6.940088
WH Avia HLP,106.88599,-6.264758
Rajeg 2 First Mile Hub,106.484401,-6.130252
MH Ketapang Kalbar Hub,109.969232,-1.839961
MH Kalukku 3 Hub,119.136944,-2.448658
MH Kalukku Hub,119.136944,-2.448658
Tambun Selatan 2 Hub,107.078148,-6.240907
Dukuhturi First Mile Hub,109.014389,-7.232139
Karangdadap 2 First Mile Hub,109.680119,-6.971256
Pedan First Mile Hub,110.698197,-7.703779
Kendawangan 2 Hub,110.209389,-2.533306
Gamping First Mile Hub,110.33057,-7.796971
Cipeundeuy Kab. Bandung Barat Hub,107.380079,-6.727351
Gunung Kaler Hub,106.404498,-6.105326
Sekernan Hub,103.506018,-1.487133
Ngoro First Mile Hub,112.237887,-7.644879
MH Kalukku 2 Hub,119.136944,-2.448658
MH Sipora Utara Hub,99.585367,-2.032358
MH Sengah Temila 2 Hub,109.673034,0.326112
Muara Kaman Hub,116.884333,-0.197626
Tanjung Sakti Pumi Hub,103.039,-4.131333
Bolo Hub,118.624292,-8.507428
Purwokerto Barat Hub,109.225665,-7.418511
Ngemplak First Mile Hub,110.448868,-7.71176
Wanadadi Hub,109.64126,-7.365243
Seulimeum Hub,95.564441,5.369165
Tapos 2 Hub,106.890459,-6.407346
Margorejo First Mile Hub,111.014397,-6.758065
Pulau Beringin Hub,103.70554,-4.51029
Terbanggi Besar 2 Hub,105.214548,-4.944948
ASM,106.880653,-6.143564
Sparepart Fleet,106.880653,-6.143564
MH Nanga Tayap 2 Hub,110.567102,-1.534029
MH Parindu Hub,110.446911,0.197064
MH Nanga Tayap Hub,110.567102,-1.534029
MH 2 Towuti Hub,121.393889,-2.646
MH Arjosari 3 Hub,111.155005,-8.124318
MH Arjosari 2 Hub,111.155005,-8.124318
MH Tapung Hub,101.209986,0.659975
MH 1 Jelai Hulu Hub,110.75165,-2.009133
MH Babat Supat 2 Hub,104.07648,-2.762329
MH Pendopo Hub,102.986736,-3.759505
Ngawen First Mile Hub,111.313556,-7.001417
Lembor Hub,120.166808,-8.710904
Kerek First Mile Hub,111.864056,-6.956417
Jumo First Mile Hub,110.122855,-7.237179
Parakan First Mile Hub,110.092222,-7.285639
Baguala 2 Hub,128.244974,-3.625444
Randublatung First Mile Hub,111.39186,-7.201573
Kabuh First Mile Hub,112.215556,-7.401333
Tanjung Raja Hub,104.772798,-3.347255
Muara Lawa Hub,115.756989,-0.468574
Gunung Talang Hub,100.641975,-0.87954
Kuta Makmur Hub,97.082897,5.110416
Bengkunat Hub,104.261778,-5.520389
Muara Uya Hub,115.592639,-1.994917
Widodaren Hub,111.223525,-7.401537
Tanjung Pandan 2 Hub,107.703338,-2.756719
Kembangbahu First Mile Hub,112.362251,-7.257638
Pecangaan First Mile Hub,110.709722,-6.678722
Kedungjati Hub,110.651917,-7.110361
Kedungjati First Mile Hub,110.651917,-7.110361
Sawoo Hub,111.493931,-7.959218
MH Sipirok Hub,99.273173,1.601671
Tersono Hub,109.965,-7.027944
Tambak Adi First Mile Hub,112.755214,-7.24109
Toili Hub,122.333165,-1.457994
Hero Lange Lange Hub,120.362619,-5.396789
Dua Boccoe Hub,120.242574,-4.291719
Koto Kampar Hulu Hub,100.598615,0.301705
Taraju Hub,108.009528,-7.452361
MH Babussalam Hub,97.819118,3.474432
MH Tempe 5 Hub,120.032698,-4.122613
MH Tahunan Hub,110.664881,-6.611319
MH Soe 8 Hub,124.27051,-9.861021
MH Larantuka Hub,123.001988,-8.329201
MH Atambua Kota 5 Hub,124.897906,-9.107663
MH Atambua Kota 4 Hub,124.897906,-9.107663
MH Atambua Kota 3 Hub,124.897906,-9.107663
MH Atambua Kota 2 Hub,124.897906,-9.107663
MH Atambua Kota Hub,124.897906,-9.107663
MH Alok 3 Hub,122.202321,-8.619444
MH Tanjung Enim Hub,103.801996,-3.769101
MH 5 Sako Hub,104.769621,-2.916695
MH Tebing Tinggi Jambi 4 Hub,103.081719,-1.018338
MH Tanjung Pinang Barat Hub,104.420366,0.928138
MH Tanjung Jabung Timur 4 Hub,103.81583,-1.219101
MH Tabir 4 Hub,102.292973,-1.864684
MH Tabir 3 Hub,102.292973,-1.864684
MH Sinembah Tanjung Muda Hilir Hub,98.718393,3.385034
MH Sidikalang Hub,98.336148,2.734772
MH Rupat Hub,101.445542,1.670919
MH Porsea 2 Hub,99.148383,2.460902
MH Porsea Hub,99.148383,2.460902
MH Halongonan 2 Hub,99.823011,1.588181
MH Halongonan Hub,99.823011,1.588181
MH Barumun 3 Hub,99.733957,1.051352
MH Barumun 2 Hub,99.733957,1.051352
MH Samofa Hub,136.091138,-1.175908
MH Kolaka 3 Hub,121.631571,-4.077846
MH 2 Tenggarong Hub,116.99769,-0.451176
MH 3 Tanjung Redeb Hub,117.46407,2.147919
MH Sangkulirang 3 Hub,117.973711,0.997515
MH Nunukan 3 Hub,117.338143,4.25699
MH Malinau Kota 5 Hub,116.629241,3.58783
MH Malinau Kota 4 Hub,116.629241,3.58783
MH Katingan Tengah Hub,113.100273,-1.436601
MH Jekan Raya Hub,113.932237,-1.618427
MH Bulik 5 Hub,111.448584,-2.185483
MH Bulik 4 Hub,111.448584,-2.185483
MH Bulik 3 Hub,111.448584,-2.185483
MH Sintang Hub,111.457136,-0.027838
MH Sekayam 3 Hub,110.427972,0.823833
MH Sekayam 2 Hub,110.427972,0.823833
MH Sorong Utara 2 Hub,131.302986,-0.88139
MH Sorong Utara Hub,131.302986,-0.88139
MH Weda 2 Hub,127.874924,0.327243
MH Weda Hub,127.874924,0.327243
MH Ternate Selatan Hub,127.372461,0.76807
MH Pagimana 4 Hub,122.657343,-0.796445
MH Pagimana 3 Hub,122.657343,-0.796445
MH Luwuk 6 Hub,122.785765,-0.976414
Virtual Semarang 2 DC,110.448741,-6.953498
GH Destinasi,116.9352,-1.2445
GH Origin,106.463554,-6.214025
WH PBI Surabaya,112.691963,-7.245741
Paranginan DC,98.961986,2.287721
Sidoarjo DC,112.681811,-7.361315
RA Vendor,107.1728,-6.3953
Transit Point Bogor DC,106.828148,-6.533781
Transit Point Neglasari DC,106.637338,-6.152205
Warehouse Lionel Express,106.665148,-6.125181
Transit Point Sunter DC,106.879722,-6.132848
WH SMI Surabaya,112.73361,-7.220182
WH DHS Surabaya,112.767812,-7.372283
WH RA Gatrans Kab. Tangerang,106.665185,-6.12504
Bekasi 2 DC,106.977135,-6.196874
WH CKL Surabaya 2 Romokalisari,112.642711,-7.195605
WH RA BST Kab. Tangerang,106.668995,-6.124265
WH ESP Surabaya,112.764072,-7.371894
Kosambi 2 DC,106.674891,-6.094429
Virtual Cakung 5 DC,106.941112,-6.189042
WH Avatar,106.664826,-6.125661
Cinambo DC,107.69334,-6.931662
Ngawi 2 DC,111.428604,-7.485107
Transit Point Kalideres DC,106.70264,-6.152381
Balikpapan Barat DC,116.846881,-1.175899
Cakung 5 DC,106.941112,-6.189042
Transit Point Neglasari 2 DC,106.637351,-6.152178
Virtual Bekasi DC,106.976762,-6.198416
SBS Palembang DC,104.734809,-2.845282
WH AB Cargo Surabaya,112.753334,-7.443565
Mataram 2 DC,116.124988,-8.633055
Transit Point Sunter 2 DC,106.879653,-6.132917
Medan Labuhan DC,98.705184,3.683255
Virtual Sunter 2 DC,106.879822,-6.132086
WH SMI,106.900865,-6.109371
Surabaya RDC,112.690845,-7.243738
DM Cirebon DC,108.558453,-6.741006
SBS Pekanbaru DC,101.378185,0.501792
Sidoarjo 2 DC,112.604879,-7.384131
Ketapang Kalbar DC,109.958411,-1.794426
Maros DC,119.502996,-5.043207
Daily Rent,110.735293,-7.615162
Transit Point Bekasi DC,106.977427,-6.197401
Tanah Pinem Hub,98.154422,2.9851
Biringkanaya 2 Hub,119.502669,-5.097924
MH Surade 2 Hub,106.583942,-7.319146
MH Surade Hub,106.583942,-7.319146
MH Sukanagara 2 Hub,107.134407,-7.092471
MH Sukanagara Hub,107.134407,-7.092471
MH Purabaya Hub,106.877371,-7.109705
MH Pangalengan Hub,107.507348,-7.29707
MH Nusaherang 2 Hub,108.4329,-7.01199
MH Nusaherang Hub,108.4329,-7.01199
MH Manonjaya Hub,108.3062,-7.35067
MH Mangunreja Hub,108.050689,-7.376787
MH Luragung Hub,108.580123,-6.999888
MH Kawali 3 Hub,108.366,-7.1685
MH Kawali 2 Hub,108.366,-7.1685
MH Kawali Hub,108.366,-7.1685
MH Karangnunggal 3 Hub,108.156,-7.6034
MH Karangnunggal 2 Hub,108.156,-7.6034
MH Karangnunggal Hub,108.156,-7.6034
MH Jampang Kulon Hub,106.62389,-7.273558
MH Cibinong Cianjur 3 Hub,107.122738,-7.2675
MH Cibinong Cianjur 2 Hub,107.122738,-7.2675
MH Cibinong Cianjur Hub,107.122738,-7.2675
MH Bungbulang 3 Hub,107.598376,-7.457958
MH Bungbulang 2 Hub,107.598376,-7.457958
MH Bungbulang Hub,107.598376,-7.457958
MH Wanayasa Hub,109.748592,-7.251275
MH Temanggung Hub,106.8057,-6.22416
MH Simo 2 Hub,110.6686,-7.43837
MH Simo Hub,110.6686,-7.43837
MH Purwodadi Hub,110.8809,-7.07063
MH Matesih Hub,111.121949,-7.668782
MH Madukara Hub,109.746023,-7.388826
MH Karanganyar Pekalongan Hub,109.619294,-7.027029
MH Kajen Hub,109.593964,-7.03266
MH Godong Hub,110.759717,-7.198055
MH Comal Hub,109.513717,-6.902384
MH Cepogo Hub,110.532039,-7.51617
MH Bojong Hub,109.607943,-6.943033
MH Bawang Hub,109.653873,-7.400466
MH Bantarsari Hub,108.862677,-7.531759
MH Tutur Hub,112.815951,-7.890323
MH Trenggalek Hub,111.714727,-8.049126
MH Pakusari Hub,113.793465,-8.171841
MH Pacitan Hub,111.1143,-8.17895
MH Ngrambe Hub,111.199006,-7.512946
MH Ngadirojo Hub,111.304204,-8.253224
MH Candipuro Hub,113.110437,-8.203917
MH Bondowoso Hub,113.812,-7.93245
MH Binangun Hub,112.36564,-8.225663
MH Batu Hub,112.4606,-7.84337
MH Bangorejo Hub,114.1765,-8.48864
MH Arjosari Hub,111.155005,-8.124318
MH Ambulu Hub,113.5617,-8.34059
MH Cibaliung 2 Hub,105.706204,-6.718896
MH Cibaliung Hub,105.706204,-6.718896
MH Wolowaru 5 Hub,121.885784,-8.782817
MH Wolowaru 4 Hub,121.885784,-8.782817
MH Wolowaru 3 Hub,121.885784,-8.782817
MH Wolowaru 2 Hub,121.885784,-8.782817
MH Wolowaru Hub,121.885784,-8.782817
MH Woha Hub,118.697683,-8.570849
MH Teluk Mutiara 5 Hub,124.761279,-8.179873
MH Teluk Mutiara 4 Hub,124.540987,-8.219603
MH Teluk Mutiara 3 Hub,124.540987,-8.219603
MH Teluk Mutiara 2 Hub,124.4081,-8.26775
MH Teluk Mutiara Hub,124.528633,-8.254006
MH Taliwang 2 Hub,116.8196,-8.76182
MH Taliwang Hub,116.8196,-8.76182
MH Sumbawa 2 Hub,117.4206,-8.49478
MH Sumbawa Hub,117.4206,-8.49478
MH Soe 10 Hub,124.27051,-9.861021
MH Soe 9 Hub,124.27051,-9.861021
MH Soe 5 Hub,124.27051,-9.861021
MH Soe 7 Hub,124.27051,-9.861021
MH Soe 6 Hub,124.27051,-9.861021
MH Soe 4 Hub,124.27051,-9.861021
MH Soe 3 Hub,124.27051,-9.861021
MH Soe 2 Hub,124.27051,-9.861021
MH Soe Hub,124.27051,-9.861021
MH Sakra Barat Hub,116.464913,-8.716017
MH Plampang 3 Hub,117.783905,-8.795342
MH Plampang 2 Hub,117.783905,-8.795342
MH Plampang Hub,117.783905,-8.795342
MH 4 Palibelo Hub,118.694984,-8.55014
MH 3 Palibelo Hub,118.694984,-8.55014
MH 2 Palibelo Hub,118.694984,-8.55014
MH 1 Palibelo Hub,118.694984,-8.55014
MH Pajo Hub,118.491313,-8.61176
MH Oebobo Hub,123.60277,-10.167028
MH Nubatukan Hub,123.419225,-8.371185
MH 1 Mpunda Hub,118.92431,-8.340585
MH Menggelewa 5 Hub,118.281232,-8.370589
MH Menggelewa 4 Hub,118.307476,-8.516821
MH Menggelewa 3 Hub,118.307476,-8.516821
MH Menggelewa 2 Hub,118.307476,-8.516821
MH Menggelewa Hub,118.307476,-8.516821
MH Maulafa 3 Hub,123.673883,-10.190864
MH Maulafa 2 Hub,123.6126,-10.185973
MH Maulafa Hub,123.673015,-10.269965
MH Malaka Tengah 5 Hub,124.923814,-9.535262
MH Malaka Tengah 4 Hub,124.923814,-9.535262
MH Malaka Tengah 3 Hub,124.923814,-9.535262
MH Malaka Tengah 2 Hub,124.923814,-9.535262
MH Malaka Tengah Hub,124.923814,-9.535262
MH Loura (Laura) 8 Hub,119.226908,-9.411793
MH Loura (Laura) 7 Hub,119.226908,-9.411793
MH Loura (Laura) 6 Hub,119.226908,-9.411793
MH Loura (Laura) 5 Hub,119.226908,-9.411793
MH Loura (Laura) 4 Hub,119.226908,-9.411793
MH Loura (Laura) 3 Hub,119.226908,-9.411793
MH Loura (Laura) 2 Hub,119.226908,-9.411793
MH Loura (Laura) Hub,119.226908,-9.411793
MH 1 Loli Hub,119.408329,-9.639576
MH Lobalain 2 Hub,123.030932,-10.773333
MH Lobalain Hub,123.030932,-10.773333
MH Langke Rembong 3 Hub,120.437015,-8.587036
MH Langke Rembong 2 Hub,120.437015,-8.587036
MH Langke Rembong Hub,120.437015,-8.587036
MH Labuhan Bajo Hub,119.898948,-8.486337
MH Labuhan Badas Hub,117.392143,-8.477294
MH Kupang Timur 3 Hub,123.793291,-10.105302
MH Kota Kefamenanu 5 Hub,124.480318,-9.463604
MH Kota Kefamenanu 4 Hub,124.480318,-9.463604
MH Kota Kefamenanu 3 Hub,124.480318,-9.463604
MH Kota Kefamenanu 2 Hub,124.480318,-9.463604
MH Kota Kefamenanu Hub,124.038377,-9.369522
MH Katikutana Hub,119.563217,-9.591977
MH Gianyar Hub,115.310752,-8.548315
MH Ende Tengah 3 Hub,121.656821,-8.8447
MH Ende Tengah 2 Hub,121.656821,-8.8447
MH Ende Tengah Hub,121.656821,-8.8447
MH Dompu Hub,118.583367,-8.436414
MH Borong 3 Hub,120.606253,-8.813367
MH Borong 2 Hub,120.606253,-8.813367
MH Borong Hub,120.606253,-8.813367
MH Bajawa 7 Hub,120.9699,-8.788176
MH Bajawa 6 Hub,120.9699,-8.788176
MH Bajawa 5 Hub,120.9699,-8.788176
MH Bajawa 4 Hub,120.9699,-8.788176
MH Bajawa 3 Hub,120.9699,-8.788176
MH Bajawa 2 Hub,120.9699,-8.788176
MH Bajawa Hub,120.9699,-8.788176
MH Alok 2 Hub,122.202321,-8.619444
MH Alok Hub,122.202321,-8.619444
MH 1 Aikmel Hub,116.548488,-8.598477
MH 4 Aesesa Hub,121.274121,-8.565073
MH 3 Aesesa Hub,121.274121,-8.565073
MH 2 Aesesa Hub,121.274121,-8.565073
MH 1 Aesesa Hub,121.274121,-8.565073
MH Tebing Tinggi Hub,103.08772,-3.59563
MH Tanjung Pandan 2 Hub,107.627177,-2.736718
MH Tanjung Pandan Hub,107.627177,-2.736718
MH Talang Ubi Hub,103.85046,-3.296291
MH Sungkai Utara Hub,104.845672,-4.769984
MH Sungai Lilin Hub,104.11106,-2.596205
MH Sukajadi Baturaja Timur 2 Hub,104.167313,-4.106392
MH Sukajadi Baturaja Timur Hub,104.167313,-4.106392
MH Sirah Pulau Padang 3 Hub,104.89259,-3.257684
MH Sirah Pulau Padang 2 Hub,104.89259,-3.257684
MH Sirah Pulau Padang Hub,104.89259,-3.257684
MH Sekincau 3 Hub,104.310042,-5.055651
MH Sekincau 2 Hub,104.310042,-5.055651
MH Sekincau Hub,104.310042,-5.055651
MH 4 Sako Hub,104.769621,-2.916695
MH 3 Sako Hub,104.769621,-2.916695
MH 2 Sako Hub,104.769621,-2.916695
MH 1 Sako Hub,104.769621,-2.916695
MH Plaju Hub,104.867847,-3.063941
MH Pesisir Tengah 3 Hub,103.935961,-5.183939
MH Pesisir Tengah 2 Hub,103.935961,-5.183939
MH Pesisir Tengah Hub,103.935961,-5.183939
MH Pakuan Ratu Hub,104.703224,-4.533934
MH Pagar Alam 3 Hub,103.073256,-4.153124
MH Pagar Alam 2 Hub,103.263133,-3.964526
MH Pagar Alam Hub,103.192305,-3.946752
MH Musi Rawas Hub,102.956507,-3.184157
MH 2 Pulau Beringin Hub,103.51859,-4.48557
MH 1 Pulau Beringin Hub,103.56233,-4.45125
MH Muara Dua 3 Hub,103.921331,-4.550532
MH Makale Utara 3 Hub,119.767137,-3.161127
MH Makale Utara 2 Hub,119.823666,-3.042839
MH Dusun Timur 3 Hub,115.16311,-2.10822
MH Dusun Timur 2 Hub,115.16311,-2.10822
MH Dusun Timur Hub,115.16311,-2.10822
MH Bontang Hub,117.409502,-0.090643
MH Muara Dua 2 Hub,104.0709,-4.51757
MH Muara Dua Hub,104.0709,-4.51757
MH Muara Beliti Hub,102.989852,-3.257066
MH Muara Bangkahulu Hub,102.376034,-3.63697
MH 1 Martapura Hub,104.3351,-4.2986
MH Manggar 2 Hub,108.2423,-2.88096
MH Manggar Hub,108.2423,-2.88096
MH Lahat Hub,103.5564,-3.75176
MH Kota Manna 2 Hub,102.811491,-4.246467
MH 1 Kota Manna Hub,102.9182,-4.46205
MH 1 Kota Curup Hub,102.283883,-3.170097
MH Kota Argamakmur Hub,102.1925,-3.43377
MH Koba 4 Hub,106.3587,-2.5287
MH Koba 3 Hub,106.173063,-2.80714
MH Koba 2 Hub,106.151485,-2.620692
MH Koba Hub,106.3587,-2.5287
MH Ketahun Hub,101.86066,-3.312157
MH Kelapa Hub,105.6827,-1.88528
MH Kayu Agung 2 Hub,104.8316,-3.39523
MH Kayu Agung Hub,104.8316,-3.39523
MH Kaur Selatan 2 Hub,103.351004,-4.795442
MH Kaur Selatan Hub,103.351004,-4.795442
MH Gelumbang 2 Hub,104.4329,-3.24603
MH Gelumbang Hub,104.4329,-3.24603
MH Gedong Tataan Hub,105.086929,-5.375219
MH Gabek Hub,106.085247,-2.107622
MH Dabuk Rejo Hub,104.98588,-3.963936
MH Bukit Intan Hub,106.145821,-2.144278
MH Buay Madang Hub,104.457773,-4.221545
MH Bengkulu 2 Hub,102.3479,-3.87876
MH Bengkulu Hub,102.3479,-3.87876
MH Belinyu Hub,105.7979,-1.64302
MH Banyuasin 2 Hub,104.422037,-2.918862
MH Banyuasin Hub,104.422037,-2.918862
MH Banding Agung Hub,103.952,-4.78378
MH Babat Toman Hub,103.607247,-2.761461
MH Babat Supat Hub,104.07648,-2.762329
MH Air Kumbang 3 Hub,104.974146,-2.943436
MH Air Kumbang 2 Hub,105.213806,-2.609016
MH Air Kumbang Hub,104.974146,-2.943436
MH Ujung Tanjung Hub,101.031942,1.625444
MH Ujung Batu 2 Hub,100.534005,0.709631
MH Ujung Batu Hub,100.534005,0.709631
MH Tualang Hub,101.592,0.676844
MH 3 Tembilahan Hub,103.1527,-0.31985
MH 2 Tembilahan Hub,103.1527,-0.31985
MH 1 Tembilahan Hub,103.1527,-0.31985
MH Teluk Dalam 2 Hub,97.820339,0.562113
MH Teluk Dalam Hub,97.820339,0.562113
MH Tebo Ilir 2 Hub,102.49878,-1.676796
MH 1 Tebo Ilir Hub,102.708455,-1.532481
MH Tebing Tinggi Riau 3 Hub,102.707471,1.01061
MH Tebing Tinggi Riau 2 Hub,102.707471,1.01061
MH Tebing Tinggi Riau Hub,102.707471,1.01061
MH Tebing Tinggi Jambi 3 Hub,103.0775,-1.01185
MH Tebing Tinggi Jambi 2 Hub,103.0775,-1.01185
MH Tebing Tinggi Jambi Hub,103.0775,-1.01185
MH Tarutung 3 Hub,98.9777,2.021631
MH Tarutung 2 Hub,98.9777,2.021631
MH Tarutung Hub,98.9777,2.021631
MH Tapian Nauli Hub,98.748486,1.778786
MH Tapan Hub,101.073,-2.16562
MH Tapak Tuan Hub,97.287582,3.172859
Biringkanaya 2 First Mile Hub,119.502669,-5.097924
Genuk First Mile Hub,110.472089,-6.980869
MH Tanjung Jabung Timur 3 Hub,103.8168,-1.24558
MH Tanjung Jabung Timur 2 Hub,103.8168,-1.24558
MH Tanjung Jabung Timur Hub,103.8168,-1.24558
MH 1 Tanjung Jabung Barat Hub,103.4612,-0.82359
MH Tanjung Balai Hub,99.79837,2.965987
MH Tandun Hub,100.589962,0.648854
MH Tanah Sepenggal Lintas 3 Hub,102.027081,-1.398819
MH Tanah Sepenggal Lintas 2 Hub,102.027081,-1.398819
MH Tanah Sepenggal Lintas Hub,102.027081,-1.398819
MH Tanah Merah Hub,102.314893,-0.359312
MH Tanah Jawa 2 Hub,106.674109,-6.097836
MH Tanah Jawa Hub,99.12196,2.878452
MH Tabir 2 Hub,102.292973,-1.864685
MH Tabir Hub,102.292973,-1.864685
MH Stabat Hub,98.46027,3.75438
MH Sinunukan Hub,99.267044,0.466222
MH Singkut 2 Hub,101.394331,0.497632
MH Singkut Hub,101.394331,0.497632
MH Singingi Hub,101.3469,-0.3902
MH Simpangkiri Hub,97.989549,2.647894
MH Simpang Empat Hub,99.622112,2.821709
MH Simeulue Timur 2 Hub,96.37846,2.452575
MH Simeulue Timur Hub,96.37846,2.452575
MH Sijunjung Hub,100.913,-0.65236
MH Siborong - Borong Hub,98.966442,2.185746
MH Siak 3 Hub,102.0537,0.801453
MH Siak 2 Hub,102.085294,1.199964
MH 1 Siak Hub,102.0537,0.801453
MH Setia Hub,96.872892,3.703031
MH Seberida Hub,102.409479,-0.562392
MH Sarolangun Hub,102.7003,-2.30369
MH Sangir 2 Hub,101.247983,-1.54541
MH Sangir Hub,101.247983,-1.54541
MH Salapian 2 Hub,98.298593,3.477169
MH Salapian Hub,98.298593,3.477169
MH Rimbo Bujang 3 Hub,102.1096,-1.30573
MH Rimbo Bujang 2 Hub,102.1096,-1.30573
MH Rimbo Bujang Hub,102.1096,-1.30573
MH Rao 2 Hub,100.020234,0.559562
MH Rao Hub,100.020234,0.559562
MH Rantau Utara Hub,99.82572,2.087714
MH Rambah 2 Hub,100.2971,0.882044
MH Rambah Hub,99.997022,0.883464
MH Punjung 2 Hub,101.544048,-0.986381
MH Punjung Hub,101.544048,-0.986381
MH Pulau Rakyat Hub,106.674109,-6.097836
MH 2 Madidir Hub,125.20363,1.431574
MH Penyengat Rendah Hub,103.555138,-1.587843
MH 3 Pasar Muara Bungo Hub,102.1015,-1.50111
MH 2 Pasar Muara Bungo Hub,102.1015,-1.50111
MH Pasaman Hub,99.82447,0.096198
MH Pangururan 5 Hub,98.690156,2.638865
MH Pangururan 4 Hub,98.690156,2.638865
MH Pangururan 3 Hub,98.690156,2.638865
MH Pangururan 2 Hub,98.690156,2.638865
MH Pangururan Hub,98.690156,2.638865
MH Pangkalan Kuras 3 Hub,102.0661,0.123584
MH Pangkalan Kuras 2 Hub,102.0661,0.123584
MH Pangkalan Kuras Hub,102.0661,0.123584
MH Pangkalan Koto Hub,100.723469,0.089341
MH 2 Pangkalan Kerinci Hub,101.8771,0.367408
MH 1 Pangkalan Kerinci Hub,101.8771,0.367408
MH Panai Hulu Hub,100.152548,2.460553
MH Painan Hub,100.5834,-1.34175
MH Pahae Jae Hub,99.049218,1.845795
MH Padang Sidempuan 3 Hub,99.2771,1.373929
MH Padang Sidempuan 2 Hub,99.2771,1.373929
MH Padang Sidempuan Hub,99.332759,1.497018
MH Padang Bolak Hub,99.776788,1.401582
MH Natal 3 Hub,99.10945,0.579273
MH Natal 2 Hub,99.10945,0.579273
MH Natal Hub,99.10945,0.579273
MH Na IX-X 2 Hub,99.748333,-2.294778
MH Na IX-X Hub,99.748333,-2.294778
MH Muara Sipongi Hub,99.740617,0.648928
MH Mersam Hub,103.00889,-1.668382
MH Mandrehe Hub,97.599344,0.938194
MH Kuantan Tengah 5 Hub,101.555308,-0.529138
MH Kuantan Tengah 4 Hub,101.555308,-0.529138
MH Kuantan Tengah 3 Hub,101.555308,-0.529138
MH Kuantan Tengah 2 Hub,101.555308,-0.529138
MH Kuantan Tengah Hub,101.555308,-0.529138
MH Mandiangin Hub,102.988889,-2.014589
MH Mandau 2 Hub,101.016756,1.378439
MH Mandau Hub,101.1928,1.267732
MH Lubuk Sikaping Hub,100.169,0.132743
MH Lubuk Basung Hub,100.0342,-0.3141
MH Lubuk Alung Hub,100.2894,-0.6792
MH 1 Lotu Hub,97.38271,1.387855
MH Lingga 2 Hub,104.59783,-0.226795
MH Lingga Hub,104.59783,-0.226795
MH Lhoksukon 2 Hub,97.318096,5.039636
MH Lhoksukon Hub,97.318096,5.039636
MH Lembah Masurai Hub,101.997515,-2.372323
MH Lembah Gumanti 2 Hub,100.78545,-1.0791
MH Lembah Gumanti Hub,100.78545,-1.0791
MH Langsa Kota Hub,97.910103,4.551852
MH Kumpeh Ulu 2 Hub,103.67631,-1.56662
MH Kumpeh Ulu Hub,103.67631,-1.56662
MH Kualuh Selatan Hub,99.633349,2.477458
MH Krueng Sabee 2 Hub,95.588012,4.643061
MH Krueng Sabee Hub,95.588012,4.643061
MH Koto Gasib Hub,101.800388,0.60876
MH Kota Solok 2 Hub,100.897799,-0.974974
MH Kota Solok Hub,100.535688,-0.670405
MH Kota Pinang 2 Hub,100.0832,1.897467
MH Kota Pinang Hub,100.0832,1.897467
MH Kota Baru 2 Hub,103.545477,-1.762251
MH 2 Kluet Utara Hub,97.337063,3.088418
MH 1 Kluet Utara Hub,97.337063,3.088418
MH Keritang 3 Hub,102.68815,-0.67864
MH Keritang 2 Hub,102.663389,-0.702806
MH Keritang Hub,102.68815,-0.67864
MH Karang Baru 2 Hub,98.05129,4.289345
MH Karang Baru Hub,98.179288,4.241836
MH 2 Johan Pahlawan Hub,96.13795,4.155507
MH 1 Johan Pahlawan Hub,96.13795,4.155507
MH Idi Rayeuk Hub,97.7916,4.928365
MH 3 Gunung Sitoli Hub,97.538573,1.178085
MH 2 Gunung Sitoli Hub,97.852156,0.957024
MH 1 Gunung Sitoli Hub,97.887112,1.08117
MH Gunung Meriah 3 Hub,97.942589,2.382974
MH Gunung Meriah 2 Hub,97.942589,2.382974
MH Gunung Meriah Hub,97.942589,2.382974
MH Galang 2 Hub,98.796841,3.265087
MH Galang Hub,98.885389,3.437805
MH Dumai Hub,101.4341,1.669051
MH Dolok Sanggul 7 Hub,98.74857,2.251991
MH Dolok Sanggul 6 Hub,98.838826,2.121362
MH Dolok Sanggul 5 Hub,98.74857,2.251991
MH Dolok Sanggul 4 Hub,98.74857,2.251991
MH Dolok Sanggul 3 Hub,98.74857,2.251991
MH Dolok Sanggul 2 Hub,98.656353,2.527
MH Dolok Sanggul Hub,98.74857,2.251991
MH Dewantara 2 Hub,97.026986,5.235803
MH Dewantara Hub,97.026986,5.235803
MH Buntu Pane Hub,99.546175,2.916834
MH Bukit Tinggi Hub,100.3747,-0.27179
MH 1 Blang Kejeren Hub,97.34262,3.991449
MH Binjai Barat Hub,98.393538,3.513366
MH Bebesen Hub,96.834677,4.631854
MH Batang Toru 2 Hub,99.08062,1.477315
MH Batang Toru Hub,99.08062,1.477315
MH Barus 2 Hub,98.402268,2.013186
MH Barus Hub,98.402268,2.013186
MH Barumun Hub,99.733957,1.051352
MH Banuhampu Hub,100.260517,-0.422911
MH Bangko Pusaka (Pusako) Hub,100.83789,1.685142
MH 1 Bangko Hub,102.2804,-2.04974
MH Bangkinang Hub,101.0233,0.34552
MH Banda Aceh 4 Hub,95.443673,5.653252
MH Banda Aceh 3 Hub,95.35259,5.562849
MH Banda Aceh 2 Hub,95.35259,5.562849
MH Banda Aceh Hub,95.397078,5.593213
MH Balige 5 Hub,99.08325,2.333712
MH Balige 4 Hub,99.08325,2.333712
MH Balige 3 Hub,98.929814,2.325504
MH Balige 2 Hub,99.08325,2.333712
MH Balige Hub,99.08325,2.333712
MH Bagan Hulu 2 Hub,100.80752,2.149272
MH Bagan Hulu Hub,100.80752,2.149272
MH Angkola Barat Hub,99.172752,1.428974
MH Wonomulyo 4 Hub,119.214449,-3.396466
MH Walenrang 2 Hub,120.121536,-2.845037
MH Unaaha 2 Hub,122.051519,-3.860459
MH Unaaha Hub,122.051519,-3.860459
MH Tompobulu 2 Hub,119.781105,-5.458306
MH Tobelo 2 Hub,128.010402,1.729908
MH Tirawuta 2 Hub,121.90309,-4.039575
MH Tinakung 4 Hub,123.300557,-1.306904
MH Tempe 4 Hub,120.039,-4.14365
MH Tempe 3 Hub,120.039,-4.14365
MH Tempe 2 Hub,120.039,-4.14365
MH Tempe Hub,120.039,-4.14365
MH 1 Sungguminasa Hub,119.453963,-5.207017
MH 2 Sigi Biromaru Hub,119.92737,-0.954529
MH Poso Kota 3 Hub,120.751283,-1.397148
MH Poso Kota 2 Hub,120.751283,-1.397148
MH Poso Kota Hub,120.751283,-1.397148
MH Pomalaa 3 Hub,121.658732,-4.17188
MH Pomalaa 2 Hub,121.658732,-4.17188
MH Petasia 4 Hub,121.338,-1.977895
MH Parigi 6 Hub,120.16724,-0.801645
MH Pallangga 2 Hub,119.4457,-5.22088
MH Pagimana 2 Hub,122.657343,-0.796445
MH Namlea Hub,127.095967,-3.259035
MH Mimika Baru 5 Hub,136.888607,-4.562468
MH Mimika Baru 4 Hub,136.888607,-4.562468
MH Mimika Baru 3 Hub,136.888607,-4.562468
MH Mimika Baru 2 Hub,136.888607,-4.562468
MH Merauke Hub,140.387252,-8.503494
MH Masamba Hub,120.3522,-2.55031
MH Marang 2 Hub,119.548694,-4.703805
MH Makale 4 Hub,119.860703,-3.12022
MH Lasusua 3 Hub,120.881473,-3.500745
MH Lasusua 2 Hub,120.881473,-3.500745
MH Lalabata 2 Hub,119.902785,-4.362846
MH Kulisusu 3 Hub,123.17361,-4.778459
MH Kulisusu 2 Hub,123.17361,-4.778459
MH Kolaka 2 Hub,121.631571,-4.077846
MH Dua Pitue Hub,120.025339,-3.900363
MH 1 Bolano Lambunu Hub,120.969203,0.495972
MH Biau 4 Hub,121.424724,1.160034
MH 2 Barru Hub,119.6224,-4.39702
MH Bantaeng 3 Hub,119.9443,-5.54577
MH Andowia Hub,122.055335,-3.550597
MH Andoolo 6 Hub,122.24875,-4.320489
MH Tenggarong Hub,116.998,-0.45116
MH Telawang 2 Hub,112.381915,-2.707486
MH Telawang Hub,112.420393,-2.543514
MH Tarakan Barat Hub,117.544352,3.360654
MH 1 Tanjung Selor Hub,117.370659,2.849695
MH 2 Tanjung Redeb Hub,117.4885,2.147573
MH 1 Tanjung Redeb Hub,117.468332,2.146913
MH Tanjung 3 Hub,115.3894,-2.14291
MH Tanjung 2 Hub,115.3894,-2.14291
MH Tanjung Hub,115.3894,-2.14291
MH Tanah Grogot 2 Hub,116.1969,-1.91516
MH Tanah Grogot Hub,116.1969,-1.91516
MH Sungai Pinang 2 Hub,117.156846,-0.478425
MH Sungai Pinang Hub,117.156846,-0.478425
MH Sukamara 4 Hub,111.166713,-2.724195
MH Sukamara 3 Hub,111.166713,-2.724195
MH Sukamara 2 Hub,111.370609,-2.428861
MH Sukamara Hub,111.166713,-2.724195
MH Simpang Empat Tanah Bumbu Hub,115.986283,-3.403287
MH Selat 3 Hub,114.3844,-3.00675
MH Selat 2 Hub,114.3844,-3.00675
MH Selat Hub,114.3844,-3.00675
Maduran First Mile Hub,112.281242,-7.014782
Bulakamba First Mile Hub,108.931998,-6.873991
MH Sekadau Hilir 4 Hub,110.8861,0.020259
MH Sarang Halang 2 Hub,114.780973,-3.812941
MH Sarang Halang Hub,114.780973,-3.812941
MH Sangkulirang Hub,117.866442,0.875654
MH Sanggau 3 Hub,110.5949,0.122955
MH Sangatta Hub,117.297923,0.598328
MH Samarinda Seberang 2 Hub,117.234007,-0.826539
MH Samarinda Seberang Hub,117.072857,-0.632669
MH Pulau Laut Tengah 2 Hub,116.074649,-3.467094
MH Pulau Laut Tengah Hub,116.074649,-3.467094
MH Penajam 2 Hub,116.766413,-1.259242
MH Penajam Hub,116.766413,-1.259242
MH Pelaihari Hub,114.7739,-3.79531
MH Parenggean 4 Hub,112.798739,-2.026095
MH Parenggean 3 Hub,112.798739,-2.026095
MH Parenggean 2 Hub,112.798739,-2.026095
MH Parenggean Hub,112.798739,-2.026095
MH Palaran Hub,117.249938,-0.653684
MH 2 Palangka Raya Hub,113.877966,-2.178665
MH 1 Palangka Raya Hub,113.95661,-1.957508
MH Nunukan 2 Hub,117.710674,4.087903
MH Nunukan Hub,117.710674,4.087903
MH Murung 2 Hub,114.583378,-0.655728
MH Murung Hub,114.583378,-0.655728
MH Muara Teweh 6 Hub,114.9025,-0.94503
MH Muara Teweh 5 Hub,114.9025,-0.94503
MH Muara Teweh 4 Hub,114.9025,-0.94503
MH Muara Teweh 3 Hub,114.9025,-0.94503
MH Muara Teweh 2 Hub,114.9025,-0.94503
MH Muara Teweh Hub,114.9025,-0.94503
MH Marabahan Hub,106.8141,-6.21606
MH Malinau Kota 3 Hub,116.629858,3.588095
MH Malinau Kota 2 Hub,116.629858,3.588095
MH Malinau Kota Hub,116.747336,3.753286
MH Long Ikis 2 Hub,116.205503,-1.577167
MH Long Ikis Hub,116.205503,-1.577167
MH Kurun 2 Hub,113.862402,-1.11637
MH Kurun Hub,113.862402,-1.11637
MH Kota Besi Hub,112.981987,-2.405237
MH Kota Baru Kalsel 2 Hub,116.2327,-3.24002
MH Kota Baru Kalsel Hub,116.2327,-3.24002
MH Kota Bangun Hub,116.626276,-0.23575
MH Maliku Hub,114.12504,-2.971439
MH Khayan Hilir Hub,114.268292,-2.783677
MH 2 Kelam Permai Hub,111.630876,0.078933
MH 1 Kelam Permai Hub,111.630876,0.078933
MH Kasongan 2 Hub,113.3889,-1.89502
MH 1 Katingan Hilir 2 Hub,113.3889,-1.89502
MH Kapuas Murung Hub,114.532056,-2.835773
MH Kandangan Hub,115.2601,-2.80179
MH Hanau 2 Hub,112.118091,-2.492765
MH Hanau Hub,112.118091,-2.492765
MH Dusun Selatan 3 Hub,114.83657,-1.720838
MH Dusun Selatan 2 Hub,114.83657,-1.720838
MH Dusun Selatan Hub,114.83657,-1.720838
MH Bulik 2 Hub,111.211849,-2.262558
MH Bulik Hub,111.448584,-2.185483
MH Bengalon Hub,116.925037,1.100243
MH Batu Sopang 3 Hub,115.889016,-1.824302
MH Batu Sopang 2 Hub,115.889016,-1.824302
MH Batu Sopang Hub,115.889016,-1.824302
MH 1 Barong Tongkok Hub,115.710983,-0.219023
MH Arut Selatan Hub,111.6625,-2.66933
MH Kelumpang Hulu 9 Hub,115.97072,-3.093865
MH Kelumpang Hulu 8 Hub,115.97072,-3.093865
MH Kelumpang Hulu 7 Hub,115.97072,-3.093865
MH Kelumpang Hulu 6 Hub,115.97072,-3.093865
MH Kelumpang Hulu 5 Hub,115.97072,-3.093865
MH Kelumpang Hulu 4 Hub,115.97072,-3.093865
Pronojiwo Hub,112.938081,-8.215751
MH Kelumpang Hulu 3 Hub,115.97072,-3.093865
MH Kelumpang Hulu 2 Hub,115.97072,-3.093865
MH Kelumpang Hulu Hub,115.97072,-3.093865
MH Kelumpang Hilir Hub,115.994093,-3.198873
MH Binuang Hub,115.08811,-3.16363
MH Bati-bati Hub,114.70968,-3.59165
MH Barabai Hub,115.3807,-2.58367
MH Banjarmasin 2 Hub,114.674,-3.41255
MH Banjarmasin Hub,114.674,-3.41255
MH Banjarbaru Hub,115.018311,-3.50832
MH Astambul Hub,114.901274,-3.352581
MH Anjir Muara 2 Hub,114.52652,-3.177203
MH Anjir Muara Hub,114.52652,-3.177203
MH Teluk Keramat Hub,109.215598,1.473301
MH Tayan Hulu Hub,110.227461,0.288654
MH Tayan Hilir Hub,110.0926,0.035049
MH Sungai Tebelian Hub,111.457126,-0.027856
MH Sekayam Hub,110.39197,0.751014
MH Sekadau Hilir 3 Hub,110.8861,0.020259
MH Sekadau Hilir 2 Hub,110.8861,0.020259
MH Sekadau Hilir Hub,110.8861,0.020259
MH Sanggau 2 Hub,110.5949,0.122955
MH Sanggau Hub,110.5949,0.122955
MH Belitang 2 Hub,111.208565,0.23997
MH Belitang Hub,111.208565,0.23997
MH Manokwari Barat Hub,134.04786,-0.875582
MH Bintuni Hub,133.543878,-2.123666
MH Mimika Baru Hub,136.883527,-4.573092
MH Abepura Hub,140.694296,-2.567297
MH Tobelo Hub,128.010402,1.729908
MH Kota Maba Hub,128.278645,0.687974
MH Kota Masohi 3 Hub,128.141454,-3.080189
MH Kota Masohi 2 Hub,128.355645,-3.339895
MH Kota Masohi Hub,128.947233,-3.311547
MH Baguala 3 Hub,128.2382,-3.62905
MH Baguala 2 Hub,128.2382,-3.62905
MH Baguala Hub,128.024238,-3.60202
MH Wawoni Barat Hub,122.9832,-4.059866
MH Tirawuta Hub,121.897637,-4.048114
MH Rumbia Hub,122.038443,-4.765807
MH Pomalaa Hub,121.634515,-4.178598
MH Pasar Wajo 2 Hub,122.851059,-5.481461
MH Pasar Wajo Hub,122.851059,-5.481461
MH Mawasangka Tengah Hub,122.370145,-5.329954
MH Lasusua Hub,120.886117,-3.501601
MH Kulisusu Hub,123.174522,-4.778854
MH Kolaka Hub,121.642263,-4.081868
MH Batauga 2 Hub,122.606685,-5.568438
MH Batauga Hub,122.606685,-5.568438
MH BATALAIWARU (BATALAIWORU) 3 Hub,122.733444,-4.816806
MH BATALAIWARU (BATALAIWORU) 2 Hub,122.733444,-4.816806
MH BATALAIWARU (BATALAIWORU) Hub,122.733444,-4.816806
MH Andoolo 5 Hub,122.249457,-4.311877
MH Andoolo 4 Hub,122.249457,-4.311877
MH Andoolo 3 Hub,122.249457,-4.311877
MH Andoolo 2 Hub,122.249457,-4.311877
MH Andoolo Hub,122.249457,-4.311877
MH Tinakung 3 Hub,123.300557,-1.306904
MH Tinakung 2 Hub,123.300557,-1.306904
MH Tinakung Hub,123.300557,-1.306904
MH 1 Sigi Biromaru Hub,119.924265,-0.953523
MH Petasia 3 Hub,121.338,-1.977895
MH Petasia 2 Hub,121.338,-1.977895
MH Petasia Hub,121.338,-1.977895
MH Parigi 5 Hub,120.164744,-0.799247
MH Parigi 4 Hub,120.164744,-0.799247
MH Parigi 3 Hub,120.164744,-0.799247
MH 2 Bolano Lambunu Hub,120.729611,0.54475
MH Parigi Hub,120.164744,-0.799247
MH Pagimana Hub,122.657343,-0.796446
MH Luwuk 5 Hub,122.781825,-0.972692
MH Luwuk 4 Hub,122.785765,-0.976414
MH Luwuk 3 Hub,122.781825,-0.972692
MH Luwuk 2 Hub,122.781825,-0.972692
MH Luwuk Hub,122.781825,-0.972692
MH 3 Bungku Tengah Hub,121.933874,-2.477735
MH 2 Bungku Tengah Hub,121.933874,-2.477735
MH 1 Bungku Tengah Hub,121.933874,-2.477735
MH Biau 3 Hub,121.424986,1.160204
MH Biau 2 Hub,121.424986,1.160204
MH Biau Hub,121.424986,1.160204
MH Baolan 6 Hub,120.814812,1.035917
MH Baolan 5 Hub,120.814812,1.035917
MH Baolan 4 Hub,119.539047,-3.670181
MH Baolan 3 Hub,120.814812,1.035917
MH Baolan 2 Hub,120.814812,1.035917
MH Baolan Hub,120.814812,1.035917
MH Banawa 2 Hub,119.742002,-0.669738
MH Banawa Hub,119.742002,-0.669738
MH Bahodopi Hub,122.091938,-2.792244
MH Watang Sawitto Hub,119.529736,-3.5441
MH Wara 2 Hub,120.2009,-3.00311
MH Wara Hub,120.2009,-3.00311
MH Walenrang Hub,120.121536,-2.845037
MH Ujung Bulu 2 Hub,120.1927,-5.54122
MH Ujung Bulu Hub,120.1927,-5.54122
MH Turikale 3 Hub,119.5667,-5.04288
MH Turikale 2 Hub,119.5667,-5.04288
MH Turikale Hub,120.028812,-5.055646
MH 1 Towuti Hub,121.393889,-2.646
MH Tompobulu Hub,119.695777,-5.352622
MH Tinggimoncong Hub,119.85525,-5.252194
MH Tanete Riattang 3 Hub,120.3292,-4.54419
MH Tanete Riattang 2 Hub,120.3292,-4.54419
MH 1 Tanete Riattang Hub,120.3292,-4.54419
MH Sinjai Utara 2 Hub,106.824931,-6.231509
MH Sinjai Utara Hub,120.165493,-5.235514
MH Rantepao 2 Hub,119.900317,-2.970052
MH Rantepao Hub,119.900317,-2.970052
MH Patallassang 2 Hub,119.440326,-5.436148
MH Patallassang Hub,119.440326,-5.436148
MH Pallangga Hub,119.4457,-5.22088
MH Palakka Hub,120.268944,-4.515006
MH Marang Hub,119.549482,-4.703842
MH Makale Utara Hub,119.908751,-3.087548
MH Makale 3 Hub,119.861326,-3.12349
MH Makale 2 Hub,119.861326,-3.12349
MH Makale Hub,119.861326,-3.12349
MH 1 Maiwa Hub,119.848882,-3.780634
MH Libureng Hub,120.093765,-4.913845
MH Lalabata Hub,119.892858,-4.379204
MH Bulukumba Hub,120.144098,-5.356899
MH 2 Binamu Hub,119.724263,-5.650568
MH 1 Binamu Hub,119.580978,-5.618706
MH Belopa 2 Hub,120.357328,-3.373926
MH Belopa Hub,106.824931,-6.231509
MH 1 Barru Hub,119.6224,-4.39702
MH Baraka Hub,119.854745,-3.405813
MH Bantaeng 2 Hub,119.9443,-5.54577
MH Bantaeng Hub,119.876335,-5.464519
MH Bajeng Hub,119.403107,-5.300145
MH Wonomulyo 3 Hub,119.214449,-3.396466
MH Wonomulyo 2 Hub,106.824931,-6.231509
MH Wonomulyo Hub,119.214449,-3.396466
MH 4 Topoyo Hub,119.289719,-2.062123
MH 3 Topoyo Hub,119.289719,-2.062123
MH 2 Topoyo Hub,119.289719,-2.062123
MH 1 Topoyo Hub,119.289719,-2.062123
MH Simboro Dan Kepulauan 4 Hub,118.888819,-2.676629
MH Simboro Dan Kepulauan 3 Hub,118.888819,-2.676629
MH Simboro Dan Kepulauan 2 Hub,118.888819,-2.676629
MH Simboro Dan Kepulauan Hub,118.888819,-2.676629
MH Pasangkayu 3 Hub,119.37244,-1.178108
MH Pasangkayu 2 Hub,106.824931,-6.231509
MH Pasangkayu Hub,119.37244,-1.178108
MH Mamasa 3 Hub,119.368966,-2.947893
MH Mamasa 2 Hub,119.368966,-2.947893
MH Mamasa Hub,119.368966,-2.947893
MH 2 Banggae Timur Hub,118.9772,-3.545701
MH 1 Banggae Timur Hub,118.9772,-3.545701
MH Tilamuta 2 Hub,122.334913,0.525948
MH Tilamuta Hub,122.334913,0.525948
MH 1 Marisa Hub,121.947309,0.462554
MH Limboto 2 Hub,122.983566,0.623158
MH Limboto Hub,122.983566,0.623158
MH Kwandang 2 Hub,122.886791,0.80505
MH Kwandang Hub,122.886791,0.80505
MH Kota Selatan 3 Hub,123.047263,0.567263
MH Kota Selatan 2 Hub,123.075505,0.592312
MH Kota Selatan Hub,123.434347,0.331296
MH Gorontalo 3 Hub,123.103264,0.526629
MH Gorontalo 2 Hub,123.0829,0.563835
MH Gorontalo Hub,123.100515,0.545261
MH Teluk Batang Hub,109.713885,-1.056133
MH Sukadana Kalbar 2 Hub,110.090973,-1.47589
MH Sukadana Kalbar Hub,110.0926,-1.24687
MH Singkawang Hub,108.9813,0.904731
MH Silat Hilir 2 Hub,111.785286,0.258759
MH Silat Hilir Hub,111.9942,0.422855
MH Sengah Temila Hub,109.673034,0.326112
MH Semitau Hub,111.969439,0.523694
MH Sanggau Ledo 2 Hub,109.701285,1.145861
MH Sanggau Ledo Hub,109.701285,1.145861
MH Sandai 6 Hub,110.530439,-1.249812
MH Sandai 5 Hub,110.530439,-1.249812
MH Sandai 4 Hub,110.530439,-1.249812
MH Sandai 3 Hub,110.530439,-1.249812
MH Sandai 2 Hub,110.530439,-1.249812
MH Sandai Hub,110.530439,-1.249812
MH Sambas 2 Hub,109.2869,1.375052
MH Sambas Hub,109.221288,1.283158
MH 5 Putussibau Hub,112.9363,0.840051
MH 4 Putussibau Hub,112.9363,0.840051
MH 3 Putussibau Hub,112.9363,0.840051
MH 2 Putussibau Hub,112.9363,0.840051
MH 1 Putussibau Hub,112.9363,0.840051
MH Pemangkat Hub,108.974,1.17754
MH Monterado Hub,109.099625,0.865222
MH Mempawah Hulu Hub,109.372372,0.536164
MH Mempawah Hub,108.9582,0.364051
MH Melawi 4 Hub,111.6063,-0.28917
MH Melawi 3 Hub,111.6063,-0.28917
MH Melawi 2 Hub,111.6063,-0.28917
MH Melawi Hub,111.6063,-0.28917
MH Matan Hilir Selatan Hub,110.115685,-2.019608
MH Landak Hub,109.9021,0.317051
MH Hulu Gurung Hub,112.356876,0.440593
MH 1 Galing Hub,109.364472,1.532666
MH Bunut Hulu 3 Hub,112.643703,0.293838
MH Bunut Hulu 2 Hub,112.643703,0.293838
MH Bunut Hulu Hub,112.643703,0.293838
MH Bengkayang Hub,109.485616,0.83116
MH Badau 2 Hub,111.921297,1.027028
MH Badau Hub,111.921297,1.027028
MH Anjongan Hub,109.340768,0.317966
MH Air Upas Hub,110.83145,-2.3552
WH Triputra,106.664867,-6.125776
MH Tiga Binanga 2 Hub,98.463264,3.088221
MH Tiga Binanga Hub,98.463264,3.088221
MH Matuari Hub,125.119884,1.431259
MH Kalawat Hub,124.914579,1.475378
MH Tombatu Timur 4 Hub,124.716072,1.030622
MH Tombatu Timur 3 Hub,124.716072,1.030622
MH Tombatu Timur 2 Hub,124.716072,1.030622
MH Tombatu Timur Hub,124.716072,1.030622
MH Amurang Barat 3 Hub,124.507981,1.184501
MH Amurang Barat 2 Hub,124.507981,1.184501
MH Amurang Barat Hub,124.507981,1.184501
MH Tondano Selatan 5 Hub,124.883722,1.288363
MH Tondano Selatan 4 Hub,124.883722,1.288363
MH Tondano Selatan 3 Hub,124.883722,1.288363
MH Tondano Selatan 2 Hub,124.883722,1.288363
MH Tondano Selatan Hub,124.883722,1.288363
MH Beo 4 Hub,126.789855,4.226541
MH Beo 3 Hub,126.789855,4.226541
MH Beo 2 Hub,126.789855,4.226541
MH Beo Hub,126.789855,4.226541
MH Tahuna Hub,125.485123,3.60773
MH Kaidipang Hub,123.558888,0.882429
MH Tutuyan 2 Hub,124.618895,0.775113
MH Tutuyan Hub,124.618895,0.775113
MH Bolaang Uki 3 Hub,123.546017,0.324497
MH Bolaang Uki 2 Hub,123.982557,0.393968
MH Bolaang Uki Hub,123.982557,0.393968
MH Dumoga Utara 3 Hub,123.958278,0.620874
MH Dumoga Utara 2 Hub,123.958278,0.620874
MH Dumoga Utara Hub,123.958278,0.620874
Sei Sungai Kunyit Hub,108.923893,0.551151
Tabongo Hub,122.913116,0.594849
Tegal Barat First Mile Hub,109.1172,-6.870139
Taman Madiun First Mile Hub,111.509959,-7.643556
Sugihwaras First Mile Hub,111.954133,-7.288235
Sindangkerta First Mile Hub,107.413123,-6.988692
Kosambi 5 First Mile Hub,106.680915,-6.067861
Pulogadung 2 First Mile Hub,106.82348,-6.230272
Mamajang First Mile Hub,119.412139,-5.167306
Kauman Ponorogo First Mile Hub,111.408389,-7.873023
Gili Trawangan Hub,116.037881,-8.342812
Cariu First Mile Hub,107.130901,-6.502343
J-Walk,110.414375,-7.779454
MH Kupang Timur 2 Hub,123.813214,-10.09994
MH Kupang Timur Hub,123.793291,-10.105302
MH Ampana Kota Hub,121.598044,-0.860411
MH 2 Mentaya Hilir Selatan Hub,112.944208,-2.847655
MH 1 Mentaya Hilir Selatan Hub,112.944208,-2.847655
MH Cidaun Hub,107.33848,-7.464515
Tegal Barat Hub,109.1172,-6.870139
Tawang First Mile Hub,108.233843,-7.330726
Kapuas Murung Hub,114.5374,-2.83033
Pasar Minggu 2 First Mile Hub,106.825926,-6.285647
Arosbaya First Mile Hub,112.832207,-6.947214
Sungai Raya Bengkayang Hub,108.937611,0.633065
MH Berastagi 3 Hub,98.564131,3.296324
MH Siantar Hub,98.579429,2.955161
MH Girsang Sipangan Bolon Hub,98.943358,2.666585
MH Siantar Selatan 2 Hub,99.062462,2.944777
MH Siantar Selatan Hub,99.062462,2.944777
MH Dolok Masihul Hub,98.846682,3.17031
MH 7 Kabanjahe Hub,98.549583,3.087556
MH 6 Kabanjahe Hub,98.517541,2.94551
MH Sipispis Hub,98.940682,3.134184
Service Point Gunung Anyar,112.7762,-7.339712
Service Point Simpang Darmo Permai Utara,112.683806,-7.277069
Service Point Segitiga Mas Kosambi D-15,107.626774,-6.917103
Service Point Cimahi Utara,107.556954,-6.884836
Service Point Margaasih 2,107.553905,-6.966735
Service Point Raya Jendral Sudirman,107.597067,-6.919955
Service Point Kelapa Dua,106.601889,-6.21829
Service Point Penjaringan 3,106.824558,-6.135317
Service Point Jatinegara,106.864324,-6.218134
Service Point Kelapa Gading,106.909981,-6.144902
Service Point Cendrawasih Sukapura,106.923313,-6.151262
Service Point Cibinong,106.857789,-6.475029
Service Point Jendral Sudirman Tangerang,106.632582,-6.195873
Service Point Kramat Jati,106.865377,-6.262151
Service Point Ciomas,106.758818,-6.586539
Service Point Cibeureum,108.271528,-7.354746
Service Point Cipedes,108.21503,-7.317877
Service Point Plumbon,108.478219,-6.706339
Service Point Arjawinangun,108.38825,-6.634556
Service Point Paseh,107.769653,-7.049597
Service Point Bojongsari,106.823876,-6.230341
Service Point Pondok Melati,106.929558,-6.300301
Service Point Mustika Jaya,106.929558,-6.300301
Service Point Ciracas,107.017511,-6.306194
Service Point Cikupa,106.823876,-6.230341
Service Point Pondok Aren 2,106.711727,-6.293925
Service Point Pondok Aren 1,106.823876,-6.230341
Service Point Raya Sedati,112.746444,-7.388027
Service Point Klojen,112.613698,-7.968226
Service Point Gajayana 569,112.609601,-7.945328
Service Point Pucang Anom 104A,112.793952,-7.264212
Service Point Mulyosari Tengah,112.793952,-7.264212
Service Point Kalijudan Mulyorejo,112.782134,-7.255461
Service Point Alas Malang,112.640641,-7.263379
Service Point Lakarsantri 2,112.644011,-7.305174
Service Point Benowo,112.631787,-7.254511
Service Point Kedung Cowek,112.777018,-7.219072
Service Point Tambaksari,112.773653,-7.246488
Service Point Sidoarjo,112.682541,-7.443639
Service Point Tambaksari 2,112.765878,-7.254621
Service Point Kedungkandang,112.655201,-7.975488
Service Point Tenggilis Mejoyo,112.76059,-7.320121
Service Point Lakarsantri,112.652694,-7.310757
Service Point Griya Kebraon,112.70026,-7.329753
Service Point Karang Tembok,112.74807,-7.224368
Service Point Kendalsari Selatan,112.783902,-7.315581
Service Point Babatan Mukti,112.678105,-7.310857
Service Point Rungkut,112.770523,-7.325303
Service Point Karang Empat Besar,112.77002,-7.250798
Service Point Sukolilo,112.768698,-7.306774
Service Point Darmo Indah Timur,112.684169,-7.26405
Service Point Wonorejo Selatan,112.797578,-7.31269
Service Point Keputih Jaya,112.803316,-7.291462
Service Point Sawahan,112.726028,-7.279655
Service Point Pekalongan Selatan,109.661421,-6.910174
Service Point Sapugarut,109.653467,-6.935094
Service Point Banjarsari,110.816305,-7.55825
Service Point Laweyan,110.780303,-7.557251
Service Point Serengan,110.837564,-7.567621
Service Point Pasar Kliwon,110.832263,-7.575558
Service Point Ciparay,107.704216,-7.032924
Service Point Cileunyi,107.739917,-6.94028
Service Point Cicalengka,107.832044,-6.974888
Service Point Rancabolang,107.66235,-6.94801
Service Point Cibaduyut,107.594846,-6.948117
Service Point Lengkong,107.628561,-6.94103
Service Point Rajawali Timur Andir,107.582977,-6.914944
Service Point Soreang,107.530804,-7.025225
Service Point Arjasari,107.595263,-7.047797
Service Point Kutawaringin,107.533611,-6.975444
Service Point Cimahi Selatan,107.562545,-6.909629
Service Point Leuwipanjang,107.595372,-6.944706
Service Point Madani Regency,107.690314,-6.909977
Service Point Regol,107.611452,-6.932534
Service Point Margahayu Sukamenak,107.581688,-6.971556
Service Point Terusan Buah Batu,107.63831,-6.96202
Service Point Raya Pagarsih,107.587807,-6.920696
Service Point Raya Astana Anyar,107.599113,-6.924767
Service Point Arcamanik,107.679296,-6.93469
Service Point Babakan Sari,107.652582,-6.922872
Service Point Taman Kopo Indah 1,107.573574,-6.966423
Service Point Karapitan,107.616194,-6.928926
Service Point Margacinta,107.654796,-6.955528
Service Point M.Toha,107.610036,-6.950599
Service Point Gatot Subroto,107.642372,-6.931203
Service Point Terusan Jakarta,107.653546,-6.912078
Service Point Dipatiukur,107.616421,-6.89036
Service Point Sukaraja,107.574807,-6.892775
Service Point Taman Holis Indah,107.564869,-6.940551
Service Point Terusan Cibaduyut,107.592188,-6.965437
Service Point Sari Asih,107.579062,-6.876438
Service Point Raya Nanjung,107.539313,-6.933688
Service Point Gateway,107.645063,-6.906938
Service Point Babakan Ciparay,107.569188,-6.940313
Service Point Penjaringan 5,106.744647,-6.129711
Service Point Kalideres,106.721972,-6.173306
Service Point Raya Kranggan,106.91964,-6.364422
Service Point Bekasi Regency 2,107.088917,-6.24336
Service Point Pori Raya,106.882956,-6.208303
Service Point Jagakarsa,106.850317,-6.307466
Service Point Duta Sangiang Jaya,106.59615,-6.18154
Service Point Kemayoran,106.877559,-6.164733
Service Point Tamansari 2,106.823044,-6.14955
Service Point Sumur Batu,106.867774,-6.166676
Service Point Mampang Prapatan XVI,106.826924,-6.252847
Service Point Jati Utama Raya,106.940583,-6.260861
Service Point Griya Hijau,106.664605,-6.234575
Service Point Pamulang Permai,106.707233,-6.33386
Service Point Ciputat Raya,106.780357,-6.243243
Service Point Cengkareng 6,106.70826,-6.176908
Service Point Kayu Tinggi Raya,106.949182,-6.174735
Service Point Taman Asri,106.730808,-6.238363
Service Point Prepedan,106.705809,-6.111863
Service Point Taman Aster,106.970013,-6.259447
Service Point Salak Raya,106.803895,-6.400254
Service Point Tebet,106.847348,-6.239794
Service Point Moh. Kahfi,106.803292,-6.33241
Service Point Kayu Jati,106.885934,-6.187621
Service Point Laut Banda,106.911739,-6.233607
Service Point Bekasi Utara,106.997758,-6.206474
Service Point Pasar Minggu,106.841051,-6.276343
Service Point Pesanggrahan 2,106.741335,-6.226199
Service Point Tambora 3,106.798773,-6.160152
Service Point Cengkareng,106.771364,-6.149879
Service Point Gambir,106.807778,-6.163822
Service Point Pakuhaji,106.586893,-6.081251
Service Point Pademangan,106.822367,-6.130347
Service Point Tambora,106.810181,-6.147451
Service Point Tanjung Priok 2,106.88512,-6.118659
Service Point Sawah Besar,106.829164,-6.159394
Service Point Penjaringan,106.803446,-6.125242
Service Point Tanjung Priok,106.875455,-6.156551
Service Point Tamansari,106.813507,-6.153117
Service Point Tambora 2,106.805778,-6.135889
Service Point Hidup Baru,106.836182,-6.139981
Service Point Pinangsia Raya,106.815371,-6.142213
Service Point Rajeg Gardenia,106.527086,-6.111625
Service Point Karang Satria,107.03795,-6.223256
Service Point Pos Pengumben,106.772022,-6.216122
Service Point Babakan Legok,106.587128,-6.296988
Service Point Setu 2,107.040692,-6.328495
Service Point Ecopolis,106.525175,-6.248589
Service Point Terrace,106.497582,-6.174008
Service Point Pondok Ungu Permai,107.005727,-6.177488
Service Point Sawangan Permai B3C,106.771925,-6.4034
Service Point Pakansari,106.834976,-6.488061
Service Point Teluk Naga Arcadia,106.647573,-6.066818
Service Point Bojong Pondok Terong,106.785602,-6.432366
Service Point Jembatan Tinggi,106.81322,-6.188983
Service Point Cikupa C22,106.517773,-6.228947
Service Point Penjaringan 2,106.793589,-6.137474
Service Point Bintara Barat,106.954642,-6.229054
Service Point Pemuda,106.799003,-6.570061
Service Point Raya Batu Tulis,106.808102,-6.621222
Service Point Paledang,106.789928,-6.597819
Service Point Lingkar Selatan,106.669811,-6.345291
Service Point Kembang Beji,106.815701,-6.384927
Service Point Cilodong,106.834451,-6.438168
Service Point Gusti Ngurah Rai,106.962856,-6.220348
Service Point Cinere,106.786993,-6.334724
Service Point Pasar Kemis,106.568865,-6.158228
Service Point Kalibata City,106.853602,-6.257416
Service Point Jatinegara Indah,106.924973,-6.201292
Service Point Grand Harmoni,106.78251,-6.638032
Service Point Batu Ampar III,106.860838,-6.275313
Service Point Lingkar Duren Sawit,106.917109,-6.222432
Service Point Blok M Square,106.800649,-6.244385
Service Point Prambanan Raya,106.603612,-6.207132
Service Point Wisma Asri,107.026765,-6.204801
Service Point Taruma Jaya,106.985206,-6.153291
Service Point Kosambi,106.663505,-6.073614
Service Point Raya Ciledug 85,106.717791,-6.226757
Service Point Villa Taman Bandara,106.693334,-6.091664
Service Point Karawaci,106.615136,-6.20996
Service Point Batu Ceper,106.66253,-6.16028
Service Point Raden Saleh,106.714165,-6.207639
Service Point Raya Bubulak,106.751501,-6.572961
Service Point Sukmajaya,106.84837,-6.391648
Service Point Matraman,106.858438,-6.205691
Service Point Kebagusan Raya,106.825165,-6.317186
Service Point Supratman,106.747967,-6.296594
Service Point Crystal 2,106.637381,-6.244319
Service Point Beji,106.80641,-6.363305
Service Point Bogor Utara,106.823295,-6.547404
Service Point JMG Senen,106.842985,-6.173169
Service Point Setiabudi,106.821699,-6.218349
Service Point Penjaringan 4,106.777174,-6.110879
Service Point Curug,106.561882,-6.254935
Service Point Bekasi Selatan,106.991777,-6.243381
Service Point Duren Sawit,106.929063,-6.227115
Service Point Cengkareng 5,106.73321,-6.139337
Service Point Curug 2,106.592038,-6.228971
Service Point Medan Satria,106.995362,-6.179396
Service Point Bekasi Timur,107.022032,-6.232212
Service Point Kelapa Gading 3,106.905665,-6.166115
Service Point Penjaringan 6,106.738143,-6.123902
Service Point Kalideres 4,106.691183,-6.130169
Service Point Cempaka Putih,106.86341,-6.173281
Service Point Ulujami,106.763231,-6.247847
Service Point Kembangan 3,106.737508,-6.21792
Service Point Cengkareng 4,106.738073,-6.162292
Service Point Kalideres 2,106.708305,-6.130915
Service Point Kebon Jeruk 2,106.772984,-6.185986
Service Point Cipondoh,106.697694,-6.183598
Service Point Ciomas 2,106.778828,-6.630041
Service Point Kembangan,106.744226,-6.17727
Service Point Kembangan 2,106.738091,-6.19808
Service Point Tangerang,106.657949,-6.177428
Service Point Tanjung Priok 3,106.879743,-6.151096
Service Point Palmerah,106.801981,-6.183355
Service Point Tanjung Priok 4,106.865794,-6.134403
Service Point Kelapa Gading 2,106.91773,-6.15366
Service Point Kalideres 3,106.703739,-6.132066
Service Point Cengkareng 2,106.7355,-6.13138
Service Point Cengkareng 3,106.724027,-6.138495
Service Point Benda,106.680312,-6.144567
Service Point Penjaringan 7,106.781123,-6.135921
Service Point Kebon Jeruk,106.769381,-6.169667
Service Point Cipondoh 2,106.670272,-6.183598
Service Point Johar Baru,106.856008,-6.180886
Service Point Grogol Petamburan,106.785387,-6.144378
Service Point Tambora 4,106.794593,-6.152757
Service Point Empang Bahagia,106.790199,-6.159073
Service Point Gambir 3,106.802652,-6.166511
Service Point Sawah Besar 2,106.828478,-6.138835
Service Point Grogol Petamburan 2,106.77745,-6.156559
Service Point Pademangan Timur,106.843216,-6.13665
Service Point Gambir 2,106.806818,-6.168734
Banjarbaru DC,114.755466,-3.413068
Kasihan 2 Hub,110.350112,-7.781557
Pondok Kopi First Mile Hub,106.824312,-6.230716
Curug Sangereng First Mile Hub,106.824312,-6.230716
Sukmajaya 2 Hub not,106.824312,-6.230716
Pondok Kopi Hub,106.824312,-6.230716
Curug Sangereng Hub,106.824312,-6.230716
Pulogebang Hub,106.824312,-6.230716
Papar First Mile Hub,112.07773,-7.700229
Bungbulang Hub,107.599836,-7.457766
Sobo Hub,114.360223,-8.23658
Tanah Merah Bangkalan First Mile Hub,112.892626,-7.089933
Sinduharjo Hub,110.41264,-7.704897
Gunung Putri 2 Hub,106.955377,-6.363778
Sayung Hub,110.544951,-6.958997
Sukakarya First Mile Hub,107.204062,-6.172645
Lebong Atas Hub,102.20103,-3.126239
Blang Kejeren Hub,97.344567,3.984658
Genteng Surabaya First Mile Hub,112.750796,-7.247968
MH Batu Aji Hub,103.96632,1.056548
MH Bintan Utara Hub,104.23418,1.058998
MH Bintan Timur Hub,104.58721,0.88567
MH Tanjung Pinang Timur Hub,104.62223,0.982388
Sei Sungai Kanan Hub,99.925386,1.708872
Pekat Hub,117.760088,-8.186441
Sipahutar Hub,99.089106,2.086748
Karangmoncol Hub,109.496027,-7.291137
Dramaga Hub,106.819048,-6.230431
Bandar Pulau Hub,99.53266,2.681465
Manggar Balikpapan Hub,106.819048,-6.230431
Salam Hub,110.298678,-7.601973
Klego Hub,106.819048,-6.230431
Wedung Hub,110.616324,-6.79242
Semende Darat Laut Hub,103.627398,-4.10269
Bahorok Hub,98.19947,3.502968
Ngawen Hub,111.313556,-7.001417
Mekar Baru Hub,106.391556,-6.069238
Muara Gembong Hub,106.819048,-6.230431
Galis First Mile Hub,113.567943,-7.13542
Kamal Madura First Mile Hub,112.712985,-7.117338
Bangkalan Kota First Mile Hub,112.761063,-7.043367
Bunut Hulu Hub,112.702713,0.478787
Bakung Hub,112.122306,-8.232278
Sibolga Hub,106.819048,-6.230431
Mungkid Hub,110.211687,-7.577391
Ngampel Hub,110.157786,-6.9658
Trangkil Hub,111.072982,-6.674158
Cipunagara Hub,107.878761,-6.465833
Muara Kelingi Hub,103.209323,-3.094034
Paleteang Hub,119.656028,-3.792194
Nguntoronadi Hub,106.819048,-6.230431
placeholder again,106.819048,-6.230431
Duampanua Hub,119.538943,-3.670407
Wuryantoro Hub,110.850305,-7.912149
Sambit Hub,106.819048,-6.230431
Simpang Katis Hub,106.064954,-2.283752
Sengeti Hub,106.819048,-6.230431
Pracimantoro Hub,110.818353,-8.072594
Cakung Timur Hub,106.819048,-6.230431
Sidamanik Hub,99.015385,2.901727
Punung Hub,111.00951,-8.135865
Sungai Kerawang Hub,109.760296,-0.839046
Raya Hub,98.88051,2.950802
Parindu Hub,110.446976,0.197054
Medan Polonia Hub,106.819048,-6.230431
Kembangan 2 Hub not,106.819048,-6.230431
Cipanas Cianjur Hub,106.819048,-6.230431
Palu Timur Hub,119.885778,-0.897293
Kabila Hub,123.106248,0.572352
Ponrang Hub,120.297475,-3.228197
Warungkondang Hub,107.10054,-6.87332
NGGA DIPAKE-2,106.819048,-6.230431
Logas Tanah Darat Hub,101.52611,-0.285334
Cikalong Wetan Hub,106.819048,-6.230431
Simpang Rimba Hub,106.002229,-2.560958
Lebakgedong Hub,106.819048,-6.230431
Empang Hub,118.001326,-8.763286
Batang Gansal Hub,102.509809,-0.728513
Sirapit Hub,98.349991,3.578833
Pekaitan Hub,100.841444,1.985194
Merawang Hub,106.10275,-2.043634
Mendo Barat Hub,106.011083,-2.115778
Cileunyi Hub,107.752972,-6.945639
Sumbersuko Hub,113.166974,-8.147041
Cikatomas Hub,108.260219,-7.616445
Pademangan Barat Hub,106.819048,-6.230431
Bukitkerman Hub,101.413262,-2.259075
Sanga Desa Hub,103.423947,-2.744452
Malangke Hub,120.382728,-2.781104
Gili Air Hub,116.084139,-8.36393
Telaga Hub,123.003975,0.599253
Pondok Pinang Hub,107.078223,-6.240771
Aralle Hub,119.176267,-2.942253
Kayangan Hub,116.265056,-8.252083
Tibawa Hub,122.856751,0.654243
Bongomeme Hub,122.75994,0.569434
Sindang Hub,108.303405,-6.363343
Kalukku Hub,119.0502,-2.558443
Gunung Timang Hub,115.028,-1.245141
Manding Hub,113.866861,-6.94575
Ulujadi Hub,119.840943,-0.887473
Wenang Hub,106.819048,-6.230431
Sungai Siring Hub,106.819048,-6.230431
Sungai Bangkong Hub,106.819048,-6.230431
SPX Express Seller irmarahmah354,107.966913,-7.206696
Simpang Tiga Hub,106.819048,-6.230431
Selili Hub,106.819048,-6.230431
Romangpolong Hub,106.819048,-6.230431
Rijali Hub,106.819048,-6.230431
Rawa Makmur Hub,106.819048,-6.230431
Rakumpit Hub,113.648521,-1.741811
Pattallassang Takalar Hub,106.819048,-6.230431
Paccerakkang Hub,106.819048,-6.230431
Muara Wahau Hub,106.819048,-6.230431
Masale Hub,106.819048,-6.230431
Mamajang Luar Hub,106.819048,-6.230431
Lamasi Hub,120.192114,-2.813839
Placeholder 12,106.819048,-6.230431
Grobogan Hub,110.920675,-7.031598
Gaddong Hub,106.819048,-6.230431
Biringngala Hub,106.819048,-6.230431
Benua Melayu Darat Hub,106.819048,-6.230431
Ciomas 3 Hub,106.758778,-6.601861
Bangkala Hub,119.581002,-5.602958
Air Hitam Samarinda Hub,106.819048,-6.230431
Batang Natal Hub,99.378306,0.682179
Namorambe Hub,98.654432,3.4727
Pringgabaya Hub,116.62224,-8.56392
Pancung Soal Hub,101.000473,-2.050444
Siempat Nempu Hub,98.201677,2.819637
Bakam Hub,105.933861,-2.008694
Simpang Teritip Hub,105.376058,-1.91343
Lubuk Besar Hub,106.645117,-2.562526
Banyuasin I Hub,104.864111,-2.980778
Nusaniwe Hub,106.819048,-6.230431
Sindangbarang Hub,107.126756,-7.449089
Badau Belitung Hub,106.819048,-6.230431
Tinambung Hub,119.032616,-3.502118
Alla Hub,119.817725,-3.325863
Polewali Hub,119.308263,-3.407551
Tebo Ulu Hub,102.247139,-1.247128
Bandar Jaya Hub,106.819048,-6.230431
Parigi Muna Hub,106.819048,-6.230431
Monta Hub,118.694082,-8.65923
Kepenuhan Hulu Hub,100.546958,1.088664
Sosa Hub,99.943158,1.039672
Pangkalan Lada Hub,111.776073,-2.506322
Semarang Utara Hub,110.40619,-6.95325
Dawe Hub,110.869813,-6.733203
Tekad Hub,104.749504,-5.318803
Sinembah Tanjung Muda Hilir Hub,98.718393,3.385034
Muara Badak Hub,117.419671,-0.321688
Baki Hub,110.78673,-7.591641
Tambak Adi Hub,112.755214,-7.24109
Seluma Hub,102.575256,-4.076099
Anggana Hub,117.258879,-0.56981
Losari Brebes Hub,108.65421,-6.83853
Cigombong Hub,106.7595,-6.735272
Kendawangan Kanan Hub,110.18808,-2.563565
Arosbaya Hub,112.832207,-6.947214
Taman Madiun Hub,111.509959,-7.643556
Manisrenggo Hub,110.505982,-7.706834
Tempursari Hub,112.8884,-8.288518
Rasanae Barat Hub,118.704326,-8.471961
Maluk Hub,116.752792,-8.916413
Kubu Riau Hub,106.830234,-6.22592
Bojonggambir Hub,106.830234,-6.22592
Sebulu Hub,116.971658,-0.171307
Sorkam Hub,98.596278,1.90475
Simpang Empat Karo Hub,106.830234,-6.22592
Tambusai Utara Hub,100.270753,1.209899
Kampung Rakyat Hub,100.097476,2.027765
Madukara Hub,109.746023,-7.388826
Samarinda Ilir Hub,117.163974,-0.516846
Torgamba Hub,106.830234,-6.22592
Kemuning Riau Hub,102.637063,-0.863226
Maliku Hub,114.12504,-2.971439
Tenggarong Seberang Hub,117.109177,-0.344144
Tabir Hub,102.290582,-1.857597
Bontang Selatan Hub,117.473542,0.127241
Rimba Melintang Hub,101.005111,1.808611
Dente Teladas Hub,105.816021,-4.471334
XIII Koto Kampar Hub,100.736306,0.319139
Lintau Buo Utara Hub,100.74229,-0.429572
Makale Hub,119.861326,-3.12349
Halongonan Hub,99.823011,1.588181
Tanah Merah Bangkalan Hub,112.892626,-7.089933
Sagaranten Hub,106.890309,-7.218978
Buay Madang Hub,104.474087,-4.243765
Sukarami Hub,104.738788,-2.90845
Tambang Ulang Hub,114.704575,-3.643349
Maros 2 DC,119.509278,-5.042377
Madiun 2 DC,111.546,-7.571611
SBS Balikpapan DC,116.852062,-1.180424
SBS Medan DC,98.714474,3.604733
IDE DC,106.87541,-6.132412
Bontang Utara Hub,117.466988,0.163805
Sukakarya Hub,107.204062,-6.172645
Bolano Lambunu Hub,120.966484,0.511113
Kupang Timur Hub,123.793287,-10.105262
Long Ikis Hub,116.20118,-1.581644
Air Periukan Hub,102.406308,-3.956654
Sambalia Hub,116.708041,-8.414097
Sarang Halang Hub,114.780973,-3.812941
Lais Hub,102.049027,-3.529899
Tapin Selatan Hub,115.124556,-3.032
Tamalatea Hub,119.685722,-5.630631
Sudiang Raya Hub,119.5083,-5.105084
Sinjai Timur Hub,120.275993,-5.176616
Simpang Empat Banjar Hub,115.035667,-3.283472
Selakau Hub,108.972837,1.061769
Somba Opu 3 Hub,119.477482,-5.199407
Palu Barat Hub,119.850505,-0.90079
Larompong Hub,120.368502,-3.526289
Petang Hub,115.218833,-8.391926
Herlang Hub,120.32742,-5.406156
Gambut Hub,114.673111,-3.412722
Diwek First Mile Hub,112.24283,-7.572107
Cendana Hub,119.44787,-5.15851
Bontomarannu Hub,119.512748,-5.232306
Beruntung Baru Hub,114.591944,-3.422056
Baras Hub,119.347261,-1.541435
Bara Hub,120.182952,-2.941318
Ajangale Hub,120.104487,-4.275929
Wirokerten First Mile Hub,110.40999,-7.812799
Cikeusal Lor Hub,108.876807,-7.052469
Cibaliung Hub,105.708037,-6.714598
Balaraja 2 First Mile Hub,106.440909,-6.208132
Depok Cirebon Hub,108.442667,-6.726583
Wiyung 2 Hub,106.830234,-6.22592
Weda Tengah Hub,127.904664,0.47693
Wawonii Tenggara Hub,106.830234,-6.22592
Waikabubak Hub,106.830234,-6.22592
Placeholder 2,106.830234,-6.22592
Tuhemberua Hub,97.452139,1.470472
Tuan Tuan Hub,106.830234,-6.22592
Torue Hub,120.181267,-1.045256
Tonjong Hub,106.830234,-6.22592
Tolitoli Utara Hub,106.830234,-6.22592
Toapaya Hub,104.566101,0.978659
Tinanggea Hub,122.230191,-4.441139
Tegalsari Hub,112.726163,-7.263568
Tasikmadu Hub,106.830234,-6.22592
Tambolaka Hub,106.830234,-6.22592
Tamako Hub,125.54771,3.43869
Talango Hub,106.830234,-6.22592
Talaga 2 Hub,106.830234,-6.22592
Takkalalla Hub,120.242546,-4.196077
Sungai Ulin Hub,106.830234,-6.22592
Sumawe Hub,106.830234,-6.22592
Sukawati Hub,115.268548,-8.600037
Sorong Hub,106.830234,-6.22592
Solor Hub,106.830234,-6.22592
Sojol Utara Hub,106.830234,-6.22592
Sojol Hub,106.830234,-6.22592
Sirenja Hub,106.830234,-6.22592
Sinjai Tengah Hub,106.830234,-6.22592
Sedau Hub,106.830234,-6.22592
Sarmi Selatan Hub,106.830234,-6.22592
Sampolawa Hub,106.830234,-6.22592
Sampara Hub,106.830234,-6.22592
Saigon Hub,106.830234,-6.22592
Ruteng Hub,106.830234,-6.22592
Rupat Hub,101.522205,1.719032
Runtu Hub,106.830234,-6.22592
Reteh Hub,103.208655,-0.72386
Rembang 2 Hub,112.783226,-7.611761
Rangsang Hub,103.075556,0.841778
Raas Hub,106.830234,-6.22592
Punduh Pidada (Pedada) Hub,105.176833,-5.703222
Pulogadung 2 Hub,106.830234,-6.22592
Pulau Pulau Batu Timur Hub,106.830234,-6.22592
Pulau Pulau Batu Hub,106.830234,-6.22592
Pulau Pulau Batu Barat Hub,106.830234,-6.22592
Pulau Malan Hub,106.830234,-6.22592
Placeholder 6,106.830234,-6.22592
Pulau Laut Tanjung Selayar Hub,106.830234,-6.22592
Pulau Laut Selatan Hub,106.830234,-6.22592
Pulau Banyak Hub,106.830234,-6.22592
Prafi Hub,106.830234,-6.22592
Ponorogo 2 Hub,106.830234,-6.22592
Pinolosian Timur Hub,106.830234,-6.22592
Peukan Bada Hub,106.830234,-6.22592
Pekapuran Raya Hub,106.830234,-6.22592
Pattallassang Gowa Hub,119.51667,-5.210073
Panji Hub,114.034304,-7.68727
Paleleh Barat Hub,106.830234,-6.22592
Pakisaji Hub,112.613294,-8.034313
Pakenjeng Hub,107.664945,-7.462751
Pagimana Hub,122.657343,-0.796445
Padas Hub,111.547778,-7.441917
Onohazumba Hub,106.830234,-6.22592
Onan Runggu Hub,106.830234,-6.22592
Ogo Deide Hub,106.830234,-6.22592
Oba Hub,106.830234,-6.22592
Nuha Hub,121.391944,-2.530306
Nuangan Hub,106.830234,-6.22592
Nonggunong Hub,106.830234,-6.22592
Nimboran Hub,106.830234,-6.22592
Ngantru Hub,106.830234,-6.22592
Placeholder 3,106.830234,-6.22592
Nanga Tayap Hub,110.567102,-1.534029
Namohalu Esiwa Hub,106.830234,-6.22592
Moutong Hub,106.830234,-6.22592
Merbau Hub,102.439833,1.049694
Mepanga Hub,120.735794,0.550452
Mentawa Baru Hulu Hub,106.830234,-6.22592
Mbay Hub,106.830234,-6.22592
Matakali Hub,106.830234,-6.22592
Masama Hub,106.830234,-6.22592
Markati Jaya Hub,106.830234,-6.22592
Manokwari Hub,106.830234,-6.22592
Mancak Hub,106.830234,-6.22592
Malili Hub,121.105973,-2.618058
Malang Nengah Hub,106.830234,-6.22592
Malaka Hub,106.830234,-6.22592
Majene Hub,106.830234,-6.22592
Majalaya Karawang Hub,106.830234,-6.22592
Lowokwaru 2 Hub,112.627726,-7.929371
Lolak Hub,124.005305,0.872791
Likupang Selatan Hub,106.830234,-6.22592
Lepar Pongok Hub,106.830234,-6.22592
Lengkenat Hub,106.830234,-6.22592
Lappariaja Hub,106.830234,-6.22592
Langkai Hub,106.830234,-6.22592
Lamaru Hub,106.830234,-6.22592
Lahusa Hub,97.881529,0.756142
Laeya Hub,106.830234,-6.22592
Ladongi Hub,106.830234,-6.22592
Kubu Babussalam Hub,100.628122,2.044732
Kotabaru Hub,106.830234,-6.22592
Cimahi Tengah 2 Hub,107.555481,-6.888576
Keragilan Hub,106.830234,-6.22592
Kemang Parung Hub,106.830234,-6.22592
Kelimutu Hub,106.830234,-6.22592
Kebomas 2 Hub,106.830234,-6.22592
Karangtengah Hub,106.831235,-6.223898
Karamat Hub,106.830234,-6.22592
Kapontori Hub,122.816056,-5.218778
Kalimanah Hub,106.830234,-6.22592
Kab. Pemalang Hub,106.830234,-6.22592
Kab. Banjarnegara Hub,106.830234,-6.22592
Jayapura Hub,106.830234,-6.22592
Jatiuwung Hub,106.830234,-6.22592
Jaten Hub,110.908799,-7.579416
Jambe Hub,106.479601,-6.306388
Jabung Hub,105.736909,-5.482507
Iwoimendaa Hub,106.830234,-6.22592
Puspo Hub,112.863277,-7.806991
Padaherang Hub,106.830234,-6.22592
Dente Teladas 2 Hub,105.817417,-4.576722
Hili Serangkai Hub,106.830234,-6.22592
Hibala Hub,106.830234,-6.22592
Gunung Sari Rappocini Hub,106.830234,-6.22592
Guntungmanggis Hub,106.830234,-6.22592
Girian Hub,106.830234,-6.22592
Gili Ginting Hub,106.830234,-6.22592
Gido Hub,97.732289,1.109781
Galesong Hub,119.367461,-5.334684
Diwek Hub,112.24283,-7.572107
Derawan Hub,118.086139,2.275139
Dampal Selatan Hub,106.830234,-6.22592
Cisoka Hub,106.831235,-6.223898
Ciomas Serang Hub,106.830234,-6.22592
Cinere Hub,106.792389,-6.337833
Buranga Hub,106.830234,-6.22592
Bunta Hub,122.164094,-0.828811
Mantikulore 3 Hub,119.869333,-0.774446
Bukit Tunggal Hub,106.830234,-6.22592
Bualemo (Boalemo) Hub,106.830234,-6.22592
Sirimau 2 Hub,128.180173,-3.69686
Bintauna Hub,123.546405,0.88045
Besusu Hub,106.830234,-6.22592
Beriwit Hub,106.830234,-6.22592
Belitung Selatan Hub,106.830234,-6.22592
Bekasi Selatan Hub,106.980726,-6.271
Bawolato Hub,106.830234,-6.22592
Batu Putih Hub,118.430339,1.37028
Batang Merangin Hub,101.520055,-2.224264
Balantak Hub,106.830234,-6.22592
Bajeng Barat Hub,106.830234,-6.22592
Ngga dipake,106.830234,-6.22592
Arjasa Hub,113.773191,-8.119312
Aramo Hub,106.830234,-6.22592
Ambulu 2 Hub,113.607649,-8.337795
Amahai Hub,106.830234,-6.22592
Alasa Talumuzoi Hub,106.830234,-6.22592
Aimas Hub,106.830234,-6.22592
Afulu Hub,106.830234,-6.22592
Sukasari First Mile Hub,107.588082,-6.863039
Pontianak First Mile Hub,106.830234,-6.22592
Overflow Gedangan First Mile Hub,112.728123,-7.394507
Maphar First Mile Hub,106.830234,-6.22592
Kotabaru First Mile Hub,106.830234,-6.22592
Overflow Tirto First Mile Hub,109.640612,-6.890203
Kapuk Muara First Mile Hub,106.830234,-6.22592
Kapasari First Mile Hub,106.830234,-6.22592
Kemayoran 5 First Mile Hub,106.849848,-6.166722
Johar Baru 2 First Mile Hub,106.830234,-6.22592
Jatiwaringin First Mile Hub,106.830234,-6.22592
Jatinegara First Mile Hub,106.830234,-6.22592
Gambir 2 First Mile Hub not,106.830234,-6.22592
Candi First Mile Hub,106.830234,-6.22592
Bekasi Selatan 2 First Mile Hub,106.961373,-6.278218
Virtual Cirebon DC,108.395518,-6.644104
Lubuk Linggau DC,102.924339,-3.273268
Jogonalan First Mile Hub,110.555843,-7.724307
Tangse Hub,95.918014,5.017614
Tarub Hub,109.188015,-6.912957
Ampek Nagari Hub,100.029369,-0.177857
Damai Hub,116.871526,-1.251361
Plumpang Hub,112.092477,-7.030246
Bati-bati Hub,114.70968,-3.59165
Tiga Binanga Hub,98.243043,3.072493
Rasau Jaya Hub,109.379996,-0.23587
Boyolangu Hub,111.868312,-8.159625
IDP DC,104.734856,-2.845695
IDG DC,106.87913,-6.131174
Padang 2 DC,100.397288,-0.972872
Kosambi DC,106.673396,-6.094646
PBI WH Jabo,106.879436,-6.107511
DHS-Sea,106.681129,-6.067821
CKL-Sea,106.89982,-6.163
Kota Bangun Hub,116.626278,-0.235728
Jakenan Hub,111.153346,-6.770203
Jakenan First Mile Hub,111.153346,-6.770203
Telukbetung Utara Hub,105.268896,-5.439718
Virtual Banyumas 2 DC,109.26319,-7.447473
Siantan Hulu Hub,109.370584,-0.015652
Lubuk Raja Hub,104.315332,-4.142549
Bekasi 3 DC,106.976762,-6.198416
Tamalanrea DC,119.465682,-5.086431
Cimahi Utara Hub,107.561099,-6.866836
Virtual Tasikmalaya DC,108.1882,-7.28928
Kramatjati 2 Hub,106.87019,-6.26218
Tanjunganom First Mile Hub,112.01975,-7.695361
Virtual Sidoarjo DC,112.604889,-7.384153
Virtual Kediri DC,112.044832,-7.859522
Virtual Rungkut DC,112.755885,-7.329684
MH 1 Pasar Muara Bungo Hub,102.10745,-1.489119
Karang Tinggi Hub,102.39335,-3.76935
Darul Imarah DC,95.323763,5.512766
Pahandut DC,113.94716,-2.27509
Kampung Melayu DC,102.313176,-3.873544
Sungai Tebelian Hub,111.456306,-0.026972
Slogohimo Hub,111.172784,-7.810163
Praya Barat Hub,116.247083,-8.739905
Pende Hub,108.853829,-6.9784
Pende First Mile Hub,108.853829,-6.9784
Panca Rijang Hub,119.819676,-3.840554
Paguyangan Hub,109.032137,-7.292411
Kelumpang Hilir Hub,115.994093,-3.198873
Gambir 4 First Mile Hub,106.810453,-6.161271
Dua Pitue Hub,119.984121,-3.907655
Daha Selatan Hub,115.108183,-2.635988
Banjar Hub,114.971655,-8.188457
Angsana Hub,115.589415,-3.71009
Angkola Barat Hub,99.183394,1.422422
Adu Manis Hub,104.66261,-3.913411
MH Singkep Hub,104.46781,-0.340824
MH Kundur Hub,103.49555,0.718791
MH Banjar Margo Hub,105.22129,-4.286642
Bosar Maligas Hub,99.34194,3.079055
Cilincing 2 Hub,106.95665,-6.122536
Salem Hub,108.788183,-7.171895
MH Karimun Hub,103.43428,0.990614
Virtual Depok DC,106.861297,-6.411225
IDR DC,110.341824,-7.010698
IDDPR1 DC,115.198224,-8.622655
Lingga Hub,104.597834,-0.226674
Marang Hub,119.551,-4.702444
Meliau Hub,110.286009,-0.11384
Tamban Hub,114.4807,-3.3157
Benteng Hub,120.463438,-6.120293
IDS DC,112.660231,-7.222337
IDBGR DC,106.827877,-6.533418
Ternate Utara Hub,127.381734,0.817058
Teluk Batang Hub,109.774934,-1.000393
Tanah Jawa Hub,99.11875,2.880778
Tambaksari Hub,112.780093,-7.248783
Sukomanunggal Hub,112.701335,-7.28671
Singajaya Hub,107.9021,-7.460339
Silih Nara Hub,96.73036,4.636008
Sidotopo Wetan Hub,112.758457,-7.232317
Siantar Sitalasari Hub,99.043316,2.951142
Selupu Rejang Hub,102.582222,-3.457833
Puloampel Hub,106.085972,-5.963056
Pamulang 2 Hub,106.753333,-6.351555
Muara Sipongi Hub,99.716428,0.663221
Kota Besi Hub,112.981128,-2.398966
Jepara Kota Hub,110.683483,-6.592876
Gemuh Hub,110.126578,-6.946258
Cepu First Mile Hub,111.594823,-7.149143
Bantimurung Hub,119.645348,-5.009217
MH Toboali Hub,107.020666,-2.876512
Mejobo First Mile Hub,110.876567,-6.83333
Pagelaran Lampung Hub,104.935861,-5.365972
Sukamaju Hub,120.484077,-2.59687
Bandar Bener Meriah Hub,96.909078,4.752477
Tiganderket Hub,98.354491,3.136987
Cempaka Putih 2 Hub,106.870145,-6.185722
MH Pangkajene Hub,119.550636,-4.836588
Makasar Hub,106.909234,-6.252704
Sukaraja Tasikmalaya Hub,108.195306,-7.465728
Majalaya Hub,107.755372,-7.038647
MH Bunguran Timur Hub,108.384017,3.940198
Wates Kediri First Mile Hub,112.108093,-7.900338
Sidotopo Wetan First Mile Hub,112.758457,-7.232317
Sawahan First Mile Hub,112.713676,-7.268406
Sambung Macan Hub,111.053995,-7.406343
Salomekko Hub,120.273531,-5.05152
Mulyorejo 2 Hub,112.767143,-7.263525
Mulyorejo 2 First Mile Hub,112.767143,-7.263525
Kenjeran 2 First Mile Hub,112.772702,-7.234181
Karanganyar Pekalongan Hub,109.603024,-7.032125
Grogol First Mile Hub,111.971098,-7.748335
Cipanas Lebak Hub,106.390534,-6.541783
Cidahu Hub,108.641317,-6.981431
Bengo Hub,120.027014,-4.607503
Arjawinangun 2 First Mile Hub,108.402379,-6.643168
Transit Point Karawaci DC,106.621081,-6.190917
DM Cengkareng DC,106.70264,-6.152381
MH Siantan Hub,106.20757,3.22614
MH Kateman Hub,103.54402,0.428727
Sungai Kakap DC,109.282621,-0.006825
Virtual FM Penyengat Rendah Hub,103.5552,-1.587693
Tutur Hub,112.815951,-7.890323
Sidomukti Hub,110.492611,-7.341917
Pinang Sori Hub,98.908296,1.567694
Kebayoran Lama First Mile Hub,106.782915,-6.213234
Jatiuwung First Mile Hub,106.556701,-6.19412
Kramatwatu Hub,106.109167,-6.071806
Virtual FM Batauga Hub,122.616595,-5.6454
Virtual FM Murung Hub,114.582893,-0.654944
Transit Point Serang DC,106.167194,-6.103111
MH Sumenep 3 Hub,113.946627,-7.058326
MH Wangi-Wangi Selatan 3 Hub,123.909358,-5.758425
MH Wangi-Wangi Selatan 2 Hub,124.039565,-5.910244
MH Wangi-Wangi Selatan 1 Hub,123.750078,-5.500175
Virtual Balikpapan DC,116.846892,-1.175582
Pontianak 2 DC,109.384355,-0.058779
Virtual FM Kelumpang Hulu Hub,115.973225,-3.098911
Kalitidu First Mile Hub,111.7255,-7.136083
Kalitidu Hub,111.7255,-7.136083
Setu Kota Tangerang Selatan Hub,106.687069,-6.342112
Weda First Mile Hub,127.874197,0.329827
MH Sekupang Hub,103.893243,1.153821
Weda Hub,127.874197,0.329827
Tapian Nauli Hub,98.752013,1.769473
Kuala Ledong (Kualuh Leidong) Hub,99.937128,2.771312
Simpang Empat Tanah Bumbu Hub,116.010056,-3.423781
Banjarmasin Barat Hub,114.567305,-3.313706
Cakung 3 Hub,106.917828,-6.20086
Menganti First Mile Hub,112.564637,-7.307128
Sungguminasa Hub,119.453719,-5.20689
Sungai Rengas Hub,109.27751,-0.006294
Koto Gasib Hub,101.804532,0.59493
Babat Supat Hub,104.07575,-2.760583
Air Kumbang Hub,105.030106,-2.91043
Air Kumbang First Mile Hub,105.003978,-2.939796
Warungkiara Hub,106.715561,-6.979861
Wampu Hub,98.406413,3.772793
Walenrang Hub,120.121536,-2.845037
Walantaka Hub,106.218338,-6.15987
Ureifasei Hub,136.414795,-2.210102
Ureifasei First Mile Hub,136.414795,-2.210102
Tubo Hub,106.82419,-6.230675
Tayan Hulu Hub,110.227444,0.288444
Tapung Hub,101.068318,0.634823
Tanjung Priok 5 Hub,106.886809,-6.110101
Tanjung Pinang Timur Hub,104.515791,0.925792
Tandun Hub,100.589574,0.648911
Tanah Sepenggal Lintas Hub,102.027081,-1.398819
Tanah Jawa First Mile Hub,99.11875,2.880778
Tanah Jambo Aye Hub,97.44079,5.129658
Penjaringan 3 Hub,106.788937,-6.139422
Tambelang Hub,107.121357,-6.139389
Tambaksari 2 First Mile Hub,112.762391,-7.25114
Tajurhalang Hub,106.760489,-6.467779
Susukan First Mile Hub,108.380017,-6.631475
Sungai Tabuk Hub,114.693777,-3.333996
Sungai Keruh Hub,103.756716,-3.07384
Sungai Apit Hub,102.155134,1.119726
Sulang First Mile Hub,111.375412,-6.798854
Sukaraja 2 First Mile Hub,106.84187,-6.525916
Serang Baru 2 Hub,107.120208,-6.415654
Sukamakmur Hub,107.012126,-6.581398
Sukajadi Baturaja Timur Hub,104.168707,-4.106536
Soe First Mile Hub,124.26901,-9.86002
Siulak Hub,101.334063,-1.946423
Sipirok Hub,99.273173,1.601671
Sinunukan Hub,99.267044,0.466222
Simpang Pematang Hub,105.251322,-4.024539
Silangkitang Hub,99.904556,1.85175
Sijuk Hub,107.695295,-2.565207
Siantar Barat Hub,106.82419,-6.230675
Siantan Pontianak Hub,109.197181,0.068155
Seunagan Timur Hub,96.34388,4.262481
Sebangau Hub,113.925619,-2.273767
Sawan Hub,115.144391,-8.081204
Sambikerep Hub,112.659944,-7.274452
Sambikerep First Mile Hub,112.659944,-7.274452
Samarinda Kota Hub,117.154526,-0.495262
Renon Hub,106.82419,-6.230675
Rembang Pasuruan Hub,112.782879,-7.592459
Pulau Laut Tengah Hub,116.074659,-3.46709
Pujud Hub,100.672384,1.433631
Porong First Mile Hub,106.82419,-6.230675
Pondok Ranggon Hub,106.911702,-6.351373
Pondok Kelapa Hub,106.94261,-6.242456
Pondok Cabe Hub,106.82419,-6.230675
Pinang Hub,106.684525,-6.206597
Pendopo Hub,102.97315,-3.787977
Penarik Hub,101.302457,-2.61135
Pemogan Hub,106.82419,-6.230675
Pemayung Hub,103.339583,-1.632778
Pecatu Hub,115.118549,-8.831255
Pecangaan Hub,110.707361,-6.68816
Patumbak Hub,98.716639,3.501722
Pasar Kliwon Hub,110.822988,-7.590964
Pasar Kliwon First Mile Hub,110.822988,-7.590964
Parlilitan Hub,98.45677,2.325367
Baleendah 3 First Mile Hub,107.630881,-7.003697
Panongan 2 Hub,106.519714,-6.287658
Pangkalan Banteng Hub,111.903829,-2.470723
Palaran Hub,117.151988,-0.553926
Pakumbulan First Mile Hub,106.82419,-6.230675
Pakuhaji Hub,106.619654,-6.058498
Pakuhaji First Mile Hub,106.619654,-6.058498
Pahae Jae Hub,99.125389,1.77915
Pagedangan First Mile Hub,106.596232,-6.277434
Pademangan Timur Hub,106.82419,-6.230675
Padangsambian Hub,106.82419,-6.230675
Padang Selatan Hub,100.36931,-0.958336
Padang Cermin Hub,105.230045,-5.564294
Muara Beliti Hub,102.989852,-3.257066
Mranggen Hub,110.5117,-7.02498
Monterado Hub,109.10977,0.850914
Mojoanyar Hub,112.467877,-7.496732
Mojoanyar First Mile Hub,112.467877,-7.496732
Medan Petisah Hub,98.662444,3.598333
Medan Perjuangan Hub,106.82419,-6.230675
Placeholder 10,106.82419,-6.230675
Medan Johor First Mile Hub,106.82419,-6.230675
Medan Deli Hub,98.669451,3.65242
Medan Baru Hub,106.82419,-6.230675
Medan Barat Hub,98.672874,3.606793
Matur Hub,106.82419,-6.230675
Manulai II Hub,123.547699,-10.179243
Manis Mata Hub,111.030632,-2.459104
Lunang Hub,101.122056,-2.230361
Lumbir Hub,108.954724,-7.444286
Lenteng Agung Hub,106.82419,-6.230675
Lemahwungkuk Hub,106.82419,-6.230675
Virtual Purbalingga First Mile Hub,109.390811,-7.44417
Klapanunggal Hub,106.977276,-6.44672
Kintap Hub,115.198813,-3.874897
Kendari Barat Hub,122.55331,-3.966067
Kemiri Muka Hub,106.82419,-6.230675
Kembayan Hub,110.422372,0.553651
Kemayoran 2 Hub,106.844347,-6.157302
Kelapa Gading 2 First Mile Hub,106.91166,-6.18106
Kediri Tabanan Hub,115.143049,-8.550775
Kebomas First Mile Hub,112.620946,-7.152673
Kandis Hub,101.233197,0.898808
Kampar Kiri Hilir Hub,101.375248,0.232407
Kambu Hub,122.533619,-3.991975
Kaliwedi First Mile Hub,108.386056,-6.595833
Kalideres 2 Hub,106.82419,-6.230675
Julok Hub,97.620245,5.044038
Jelutung Hub,106.82419,-6.230675
Jamblang Hub,106.82419,-6.230675
Ilir Timur I Hub,104.735977,-2.956078
Hanau Hub,112.118091,-2.492765
Gunung Kencana Hub,106.062875,-6.583249
Girsang Sipangan Bolon Hub,98.94544,2.668617
Genuk Hub,110.472089,-6.980869
Geger Kalong Hub,106.82419,-6.230675
Gabus Hub,111.039275,-6.831208
Gabus First Mile Hub,111.039275,-6.831208
Dongko Hub,111.572401,-8.189711
Danau Sipin Hub,103.597092,-1.618683
Citangkil Hub,106.001245,-6.016772
Cipageran Hub,106.82419,-6.230675
Cimahi Selatan First Mile Hub,107.540096,-6.902959
Cengkareng Timur First Mile Hub,106.82419,-6.230675
Cengkareng Hub,106.82419,-6.230675
Caturtunggal Hub,106.82419,-6.230675
Cariu Hub,107.130901,-6.502343
Bukit Hub,106.82419,-6.230675
Placeholder 15,106.82419,-6.230675
Bone-bone Hub,106.82419,-6.230675
Bojongsari Depok Hub,106.738087,-6.406358
Bojonegara Hub,106.82419,-6.230675
Bogor Selatan 2 Hub,106.809372,-6.615745
Bogor Selatan First Mile Hub,106.809372,-6.615745
Betara Hub,103.378342,-0.935708
Benoa Hub,106.82419,-6.230675
Bengalon Hub,117.571974,0.753306
Kelapa Dua 3 Hub,106.600366,-6.218301
Bayongbong Hub,107.825335,-7.259718
Bayongbong First Mile Hub,107.825335,-7.259718
Baureno Hub,112.111778,-7.126861
Batu Sopang Hub,115.897197,-1.817742
Batu Ampar Batam Hub,106.82419,-6.230675
Batu Ampar Balikpapan Utara Hub,106.82419,-6.230675
Batang Toru Hub,99.08062,1.477315
Batang Serangan Hub,98.253412,3.748794
Batang Cenaku Hub,102.277278,-0.660169
Baru Ilir Hub,106.82419,-6.230675
Baros Serang Hub,106.131103,-6.2209
Bangko Pusaka (Pusako) Hub,100.774292,1.668999
Balikpapan Tengah 2 Hub,106.82419,-6.230675
Bajawa Hub,120.97875,-8.788
Bajawa First Mile Hub,120.9699,-8.788176
Astambul Hub,114.940358,-3.352503
Arjasari Hub,107.67938,-7.074849
Alas Hub,116.981833,-8.515694
Alalak Hub,114.596316,-3.275435
Ajibarang Hub,109.075264,-7.413101
Ajibarang First Mile Hub,109.075264,-7.413101
Air Joman Hub,99.713114,2.995092
Air Gegas Hub,106.391444,-2.689778
Teluk Bayur Hub,117.301482,2.062491
Telawang Hub,112.454491,-2.399056
Tegineneng Hub,105.115386,-5.176066
Tegineneng First Mile Hub,105.115386,-5.176066
Paringin Timur Hub,115.476594,-2.338826
Padang Sidempuan Tenggara Hub,99.319545,1.312763
Padang Sidempuan Selatan Hub,99.277067,1.373611
Padang Sidempuan Batunadua Hub,99.28106,1.406299
Jeunieb Hub,96.50719,5.18572
Woha Hub,118.696934,-8.560682
Tulus Ayu Hub,104.652485,-4.084408
Tebet First Mile Hub,106.858852,-6.222605
Tarakan Timur Hub,117.600007,3.29555
Tapian Dolok Hub,99.084392,3.033012
Tampan Pekanbaru Hub,101.402799,0.454571
Sungai Pagu Hub,101.033898,-1.480115
Sungai Loban Hub,115.760228,-3.64914
Sulang Hub,111.372056,-6.794278
Sukamara Hub,111.166596,-2.724513
Soko Hub,111.971556,-7.086127
Soe Hub,124.272458,-9.863031
Siak Hulu Hub,101.46209,0.431432
Sengah Temila Hub,109.659761,0.321482
Sei Beremas Hub,99.446179,0.239825
Sayur Matinggi Hub,99.441622,1.133814
Sarmi Hub,138.750386,-1.870672
Samboja (Semboja) Hub,117.111042,-1.023424
Rawas Ulu Hub,102.75024,-2.596409
Ransiki Hub,134.144073,-1.486515
Ransiki First Mile Hub,133.54384,-2.123631
Putri Hijau Hub,101.651284,-3.249906
Prabumulih Barat Hub,104.25065,-3.432015
Porsea Hub,99.151672,2.452626
Ponggok Hub,112.100719,-8.064889
Penjaringan 2 Hub,106.722016,-6.109815
Pantai Cermin Hub,98.981312,3.641232
Pangkalan Hub,107.215484,-6.492396
Na IX-X Hub,99.748349,2.294892
Mersam Hub,103.008444,-1.672667
Meral Hub,103.383268,1.015229
Meraksa Aji Hub,105.415041,-4.274139
Mentaya Hilir Selatan Hub,112.944208,-2.847655
Menggelewa Hub,118.309387,-8.516916
Medan Marelan First Mile Hub,98.656061,3.690354
Medan Maimun Hub,98.689381,3.553354
Matan Hilir Selatan Hub,110.121845,-2.028918
Mandiangin Hub,102.985571,-1.994545
Leuwisadeng First Mile Hub,106.55692,-6.56322
Labuan Amas Selatan Hub,115.367902,-2.588921
Kuta Alam Hub,95.318945,5.565661
Kumpeh Ulu Hub,103.67631,-1.56662
Kualuh Selatan Hub,99.636307,2.475875
Kluet Utara Hub,97.331094,3.087356
Kinali Hub,99.925333,-0.058299
Kesugihan Hub,109.088536,-7.62333
Kempas Hub,102.926947,-0.517715
Kemiri Hub,109.909083,-7.674833
Kasemen Hub,106.159308,-6.051949
Karanganyar Pekalongan First Mile Hub,109.603024,-7.032125
Kampar Kiri Hub,101.20804,0.035959
Jampang Kulon Hub,106.62389,-7.273558
Giriwoyo Hub,110.936786,-8.030181
Cepu Hub,111.587207,-7.136558
Cempaga Hulu Hub,112.994528,-2.032056
Cabangbungin Hub,107.180052,-6.088188
Bukit Batu Hub,102.149611,1.312528
Blambangan Umpu Hub,104.540083,-4.597917
Bintan Utara Hub,104.234856,1.064752
Betung Hub,104.223049,-2.839962
Besitang Hub,98.20222,4.021475
Barangka Hub,122.520556,-4.825889
Barangka First Mile Hub,122.551104,-4.877006
Bantarkawung Hub,108.922493,-7.216458
Bangunrejo Hub,105.070917,-5.108639
Bajubang Hub,103.332108,-1.772137
Babat Toman Hub,103.660913,-2.759855
Virtual FM Ampana Kota Hub,121.598044,-0.860411
Maulafa Hub,123.613964,-10.182991
Maulafa First Mile Hub,123.613964,-10.182991
Ende Tengah Hub,121.655427,-8.844288
Ende Tengah First Mile Hub,121.656821,-8.8447
Wolowaru Hub,121.885784,-8.782817
Wolowaru First Mile Hub,121.885732,-8.782127
Wasile Timur Hub,128.149944,1.08275
Wasile Timur First Mile Hub,128.149944,1.08275
Wanea Hub,124.837802,1.459927
Wanea First Mile Hub,124.837802,1.459927
Wamena Hub,138.934336,-4.101358
Wamena First Mile Hub,138.941502,-4.093882
Towuti Hub,121.393889,-2.646
Towuti First Mile Hub,121.393889,-2.646
Tompobulu Hub,119.839137,-5.436994
Tompobulu First Mile Hub,119.841422,-5.430986
Tirawuta Hub,121.897637,-4.048114
Tirawuta First Mile Hub,121.899372,-4.04557
Tiom Hub,138.454927,-3.928803
Tiom First Mile Hub,138.454927,-3.928803
Timpah Hub,114.474519,-1.723864
Timpah First Mile Hub,114.420913,-1.729505
Teminabuan Hub,132.033611,-1.465583
Teminabuan First Mile Hub,132.022567,-1.447251
Teluk Pakedai Hub,109.151551,-0.312451
Teluk Pakedai First Mile Hub,109.151551,-0.312451
Teluk Mutiara Hub,124.545901,-8.216896
Teluk Mutiara First Mile Hub,124.540987,-8.219603
Taliabu Barat Hub,124.37969,-1.940724
Taliabu Barat First Mile Hub,124.408115,-1.940552
Sinjai Barat Hub,120.009317,-5.209077
Sinjai Barat First Mile Hub,120.009317,-5.209077
Silat Hilir Hub,111.785818,0.240859
Silat Hilir First Mile Hub,111.785286,0.258759
Siau Timur Hub,125.414323,2.732984
Siau Timur First Mile Hub,125.404225,2.757527
Seram Utara Timur Seti Hub,129.92712,-2.989618
Seram Utara Timur Seti First Mile Hub,129.924112,-2.990316
Semau Hub,123.462354,-10.180699
Semau First Mile Hub,123.454857,-10.148283
Sanana Hub,125.982785,-2.06424
Sanana First Mile Hub,125.982371,-2.065076
Sabu Barat Hub,121.878071,-10.45582
Sabu Barat First Mile Hub,121.890403,-10.439329
Penajam Hub,116.756816,-1.270158
Penajam First Mile Hub,116.766413,-1.259242
Panai Hulu Hub,100.152548,2.460553
Panai Hulu First Mile Hub,100.152778,2.460104
Oba Utara Hub,127.579301,0.740652
Oba Utara First Mile Hub,127.579204,0.74123
Nubatukan Hub,123.43852,-8.370078
Nubatukan First Mile Hub,123.419225,-8.371185
Nimbokrang Hub,140.111621,-2.557052
Nimbokrang First Mile Hub,140.106114,-2.550992
Namlea Hub,127.094359,-3.260069
Namlea First Mile Hub,127.095967,-3.259035
Morotai Selatan Hub,128.306948,2.057267
Morotai Selatan First Mile Hub,128.306948,2.057267
Menukung Hub,112.233177,-0.42138
Menukung First Mile Hub,112.250128,-0.407404
Mandobo Hub,140.310653,-6.103966
Mandobo First Mile Hub,140.335674,-6.088256
Maiwa Hub,119.848882,-3.780634
Maiwa First Mile Hub,119.848882,-3.780634
Loli Hub,119.38923,-9.642687
Loli First Mile Hub,119.408329,-9.639576
Larantuka Hub,123.001988,-8.329201
Larantuka First Mile Hub,123.001988,-8.329201
Langke Rembong Hub,120.437015,-8.587036
Langke Rembong First Mile Hub,120.450429,-8.599602
Kota Kefamenanu Hub,124.476005,-9.4601
Kota Kefamenanu First Mile Hub,124.491668,-9.510687
Katikutana Hub,119.563556,-9.591861
Katikutana First Mile Hub,119.525808,-9.611056
Kaliori Hub,111.263711,-6.713024
Kaliori First Mile Hub,111.263711,-6.713024
Fakfak Hub,132.276275,-2.929109
Fakfak First Mile Hub,132.2713,-2.926722
Borong Hub,120.606253,-8.813367
Borong First Mile Hub,120.606963,-8.815701
Baraka Hub,119.845907,-3.399851
Baraka First Mile Hub,119.855,-3.406639
Banjarbaru Utara Hub,114.831438,-3.423499
Banjarbaru Utara First Mile Hub,114.831438,-3.423499
Banggae Timur Hub,118.978139,-3.545722
Banggae Timur First Mile Hub,118.978139,-3.545722
Atambua Kota Hub,124.897906,-9.107663
Atambua Kota First Mile Hub,124.897906,-9.107663
Arso Hub,140.762817,-2.871206
Arso First Mile Hub,140.858663,-2.86725
Amurang Barat Hub,124.507981,1.184501
Amurang Barat First Mile Hub,124.507981,1.184501
Agats Hub,138.134571,-5.548397
Agats First Mile Hub,138.137442,-5.53476
Adonara Timur Hub,123.160669,-8.389057
Adonara Timur First Mile Hub,123.160669,-8.389057
Sorong Utara DC,131.302986,-0.88139
Sorong Utara First Mile Hub,131.302986,-0.88139
Sorong Utara Hub,131.302986,-0.88139
Merauke Hub,140.400967,-8.490854
Merauke First Mile Hub,140.387252,-8.503494
Merauke DC,140.400967,-8.490854
Gunung Sindur First Mile Hub,106.724722,-6.3995
Sepaku First Mile Hub,116.844221,-0.916017
Sepaku Hub,116.844221,-0.916017
Tinakung First Mile Hub,123.300557,-1.306904
Tinakung Hub,123.300557,-1.306904
Seruyan Hilir First Mile Hub,112.54994,-3.383775
Seruyan Hilir Hub,112.547546,-3.382842
Mandrehe First Mile Hub,97.489304,1.07567
Mandrehe Hub,97.489804,1.049401
Baturiti First Mile Hub,115.193765,-8.376031
Baturiti Hub,115.193765,-8.376031
Bantarbolang First Mile Hub,109.381277,-7.036694
Bantarbolang Hub,109.381277,-7.036694
Pesantren First Mile Hub,112.026052,-7.829992
Pesantren Hub,112.026052,-7.829992
Manyar First Mile Hub,112.582028,-7.092167
Manyar Hub,112.582028,-7.092167
Kiaracondong First Mile Hub,107.654606,-6.932973
Kiaracondong Hub,107.654606,-6.932973
Setu Kota Tangerang Selatan 2 First Mile Hub,106.681889,-6.347668
MH Sumenep 2 Hub,113.855245,-7.024922
MH Sumenep 1 Hub,113.855474,-7.010936
Virtual FM Parenggean Hub,112.789268,-2.021473
Virtual FM Setia Hub,96.872892,3.70303
Solor Timur Hub,123.072632,-8.4348
Solor Timur First Mile Hub,123.075943,-8.437328
Slawi First Mile Hub,109.140414,-6.98659
Sentani Hub,140.535855,-2.569996
Sentani First Mile Hub,140.535859,-2.569983
Sambutan Hub,117.200722,-0.517861
Padang Ulak Tanding Hub,102.820912,-3.342757
Padang Ulak Tanding First Mile Hub,102.820944,-3.342516
Nusapenida Hub,115.487904,-8.68122
Nusapenida First Mile Hub,115.487904,-8.68122
Nabire Hub,135.511964,-3.37767
Nabire First Mile Hub,135.506577,-3.381046
Malaka Tengah Hub,124.907361,-9.561144
Malaka Tengah First Mile Hub,124.923814,-9.535262
Loura (Laura) Hub,119.237472,-9.427917
Loura (Laura) First Mile Hub,119.226908,-9.411793
Lobalain Hub,123.036053,-10.759091
Lobalain First Mile Hub,123.036053,-10.759091
Lembah Masurai Hub,102.007847,-2.375442
Lembah Masurai First Mile Hub,102.007847,-2.375442
Kota Waisai Hub,130.820745,-0.426248
Kota Waisai First Mile Hub,130.820745,-0.426248
Kelam Permai Hub,111.644472,0.058889
Kelam Permai First Mile Hub,111.630876,0.078933
Jetis Mojokerto First Mile Hub,112.431417,-7.422
Imogiri Hub,110.377611,-7.918806
Bintuni Hub,133.543878,-2.123666
Bintuni First Mile Hub,133.533245,-2.116238
Alok Hub,122.206277,-8.641592
Alok First Mile Hub,122.202321,-8.619444
Aesesa Hub,121.3327,-8.57958
Aesesa First Mile Hub,121.274121,-8.565073
Batuceper Hub,106.686691,-6.159261
Wonomulyo First Mile Hub,119.214449,-3.396466
Trenggalek Hub,111.701611,-8.073444
Kelapa Dua First Mile Hub,106.59781,-6.269407
MH Teluknaga Hub,106.583287,-5.928655
MH 1 Penjaringan 4 Hub,106.523553,-5.803911
Wawoni Barat Hub,122.987444,-4.045972
Wawoni Barat First Mile Hub,122.9832,-4.059866
Teluk Dalam Hub,97.808662,0.563491
Teluk Dalam First Mile Hub,97.820339,0.562113
Tanjung Lombok Utara Hub,116.13588,-8.364238
Tanjung Lombok Utara First Mile Hub,116.145833,-8.36006
Tahuna Hub,125.485123,3.60773
Tahuna First Mile Hub,125.485123,3.60773
Siantan Hub,106.222778,3.227146
Siantan First Mile Hub,106.211318,3.225034
Sepauk Hub,111.185002,0.001776
Sepauk First Mile Hub,111.216005,0.010417
Semitau Hub,111.961147,0.537812
Semitau First Mile Hub,111.969439,0.523694
Samofa Hub,136.091138,-1.175908
Samofa First Mile Hub,136.090146,-1.172384
Pomalaa Hub,121.634515,-4.178598
Pomalaa First Mile Hub,121.634515,-4.178598
Mawasangka Tengah Hub,122.370145,-5.329954
Mawasangka Tengah First Mile Hub,122.371211,-5.329276
Kuala Behe Hub,109.620808,0.591056
Kuala Behe First Mile Hub,109.620808,0.591056
Kota Masohi Hub,128.947233,-3.311547
Kota Masohi First Mile Hub,128.947233,-3.311547
Katingan Tengah Hub,113.100273,-1.436601
Katingan Tengah First Mile Hub,113.100273,-1.436601
Jelai Hulu Hub,110.759496,-1.993872
Jelai Hulu First Mile Hub,110.83145,-2.355268
Hulu Gurung Hub,112.295176,0.371863
Hulu Gurung First Mile Hub,112.356876,0.440593
Bulik Hub,111.444546,-2.18972
Bulik First Mile Hub,111.448584,-2.185483
Binjai Hulu Hub,111.471103,0.200224
Binjai Hulu First Mile Hub,111.471103,0.200224
Beo Hub,126.791278,4.215528
Beo First Mile Hub,126.789855,4.226541
BATALAIWARU (BATALAIWORU) Hub,122.724919,-4.819327
BATALAIWARU (BATALAIWORU) First Mile Hub,122.733444,-4.816806
Badau Hub,111.885186,1.021489
Badau First Mile Hub,111.885186,1.021489
Bacan Hub,127.48235,-0.629391
Bacan First Mile Hub,127.48235,-0.629391
Anjongan Hub,109.17236,0.356416
Anjongan First Mile Hub,109.223683,0.362828
Kepulauan Seribu Selatan Hub,106.523553,-5.803911
Ternate First Mile Hub,127.385185,0.781544
Topoyo First Mile Hub,119.289719,-2.062123
Kepulauan Seribu Selatan First Mile Hub,106.523553,-5.803911
Tombatu Timur First Mile Hub,124.730838,1.022759
Ternate Selatan First Mile Hub,127.372461,0.76807
Tomohon First Mile Hub,124.829531,1.301362
Mamajang Hub,119.424631,-5.155131
Wonomulyo Hub,119.214449,-3.396466
Manokwari Barat Hub,134.04786,-0.875582
Mimika Baru First Mile Hub,136.883527,-4.573092
Bintan Timur Hub,104.587196,0.895492
Baolan Hub,120.814787,1.036192
Baolan First Mile Hub,120.81481,1.036152
Kamang Baru First Mile Hub,101.387093,-0.858688
Glagah Hub,112.456105,-7.054062
Kalawat Hub,124.914454,1.475555
Kalawat First Mile Hub,124.914454,1.475555
Malingping First Mile Hub,106.01775,-6.785806
Medan Timur Hub,98.676377,3.607272
Kamang Baru Hub,101.387093,-0.858688
Bunguran Timur Hub,108.394894,3.955833
Bunguran Timur First Mile Hub,108.386458,3.940609
Tobelo First Mile Hub,128.010402,1.729908
Airmadidi First Mile Hub,124.98336,1.424057
Mandonga First Mile Hub,122.511724,-3.961147
Plampang First Mile Hub,117.70215,-8.875281
Pajo First Mile Hub,118.491313,-8.61176
Lape First Mile Hub,117.591036,-8.620412
Sape First Mile Hub,119.013542,-8.572469
Belopa First Mile Hub,120.357328,-3.373926
Palibelo First Mile Hub,118.694804,-8.549467
Tomoni First Mile Hub,120.814333,-2.5265
Dompu First Mile Hub,118.455598,-8.5311
Masamba First Mile Hub,120.350193,-2.551496
Putussibau First Mile Hub,112.922579,0.869557
Utan First Mile Hub,117.134031,-8.413472
Labuhan Badas First Mile Hub,117.392143,-8.477294
Mendoyo First Mile Hub,114.770129,-8.401436
Makale Utara First Mile Hub,119.870934,-3.044075
Selat Bali First Mile Hub,115.466555,-8.434138
Narmada First Mile Hub,116.190901,-8.598232
Barru First Mile Hub,119.621996,-4.397454
Wara First Mile Hub,120.210014,-3.021082
Batam 2 Hub,104.033432,1.110982
Simeulue Timur Hub,96.378845,2.459514
Simeulue Timur First Mile Hub,96.378845,2.459514
Lasusua Hub,120.886117,-3.501601
Lasusua First Mile Hub,120.881473,-3.500745
Kota Maba Hub,128.288397,0.701066
Kota Maba First Mile Hub,128.288397,0.701066
Abepura Hub,140.694296,-2.567297
Abepura First Mile Hub,140.684113,-2.661859
Virtual FM Topoyo Hub,119.29743,-2.066105
Virtual FM Luwuk Hub,122.785765,-0.976414
Sangkulirang Hub,117.985376,0.984307
Sangkulirang First Mile Hub,117.973711,0.997515
Tobelo Hub,128.009935,1.713755
Lotu Hub,97.378571,1.390554
Kejajar Hub,109.948466,-7.264114
Galing Hub,109.356744,1.529946
Parigi First Mile Hub,120.144225,-0.776144
Luwuk First Mile Hub,122.743373,-1.069262
Sinjai Utara First Mile Hub,120.257739,-5.122886
Baguala First Mile Hub,128.221049,-3.628572
Tondano Selatan First Mile Hub,124.883955,1.288383
Patallassang First Mile Hub,119.440326,-5.436148
Ujung Bulu First Mile Hub,120.195911,-5.555798
Binamu First Mile Hub,119.7623,-5.681725
Pangkajene First Mile Hub,119.553407,-4.84145
Manado First Mile Hub,124.887026,1.470305
Kintamani First Mile Hub,115.325873,-8.24232
Palakka First Mile Hub,120.268944,-4.515006
Siborong - Borong First Mile Hub,98.965066,2.122842
Lotu First Mile Hub,97.38271,1.387855
Kejajar First Mile Hub,109.948466,-7.264114
Galing First Mile Hub,109.356744,1.529946
Watang Sawitto First Mile Hub,119.65202,-3.807122
Kopang First Mile Hub,116.345126,-8.663308
Bayah First Mile Hub,106.2303,-6.925236
Gerung Utara First Mile Hub,116.119112,-8.681827
Cipeucang First Mile Hub,106.024396,-6.366187
Pabuaran Serang First Mile Hub,106.048317,-6.212478
Gerokgak First Mile Hub,114.790497,-8.191287
Tempe First Mile Hub,120.032995,-4.122617
Warunggunung First Mile Hub,106.177306,-6.340667
Pandeglang First Mile Hub,106.119633,-6.317911
Padang Utara Hub,100.357775,-0.914114
Tanah Sareal Hub,106.77822,-6.558375
Bandung Kulon Hub,107.573762,-6.928235
Menes First Mile Hub,105.921322,-6.388005
Bungus Teluk Kabung Hub,100.412967,-1.033639
Sawahan Hub,112.713676,-7.268406
Libureng First Mile Hub,120.094001,-4.914471
Pujut First Mile Hub,116.296434,-8.825418
Jailolo Hub,127.468777,1.071181
Jailolo First Mile Hub,127.468777,1.071181
Cidaun Hub,107.353798,-7.48935
Cidaun First Mile Hub,107.353798,-7.48935
Sirimau First Mile Hub,128.205046,-3.68138
Kelumpang Hulu First Mile Hub,115.973225,-3.098911
Palangka Raya First Mile Hub,113.870912,-2.174556
Sandai First Mile Hub,110.531113,-1.247134
Mpunda First Mile Hub,118.737668,-8.459603
Bantaeng First Mile Hub,119.94966,-5.548375
Bulukumba First Mile Hub,120.147417,-5.364678
Lau First Mile Hub,119.569832,-4.966909
Sakra Barat First Mile Hub,116.459287,-8.688298
Sumbawa First Mile Hub,117.433506,-8.498464
Pitumpanua First Mile Hub,120.323709,-3.822063
Taliwang First Mile Hub,116.830841,-8.748914
Abang First Mile Hub,115.614065,-8.33345
Jonggat First Mile Hub,116.240274,-8.68501
Solear First Mile Hub,106.403011,-6.289185
Penebel First Mile Hub,115.144798,-8.428159
Gerung First Mile Hub,116.129982,-8.651823
Gunungsari Serang First Mile Hub,106.021471,-6.143143
Poasia First Mile Hub,122.546946,-4.013812
Anyar First Mile Hub,105.924269,-6.049503
Dungingi First Mile Hub,123.034995,0.593415
Mantikulore First Mile Hub,119.883865,-0.824503
Panimbang First Mile Hub,105.755028,-6.523396
Cipocok Jaya First Mile Hub,106.173708,-6.141038
Maritengngae First Mile Hub,119.768561,-3.93458
Palu First Mile Hub,119.855934,-0.91294
Kibin First Mile Hub,106.303776,-6.135928
Purwakarta Kota Cilegon First Mile Hub,106.062452,-5.986737
Lalabata First Mile Hub,119.902785,-4.362846
Ciruas First Mile Hub,106.242139,-6.12625
Palu Selatan First Mile Hub,119.879171,-0.922289
Medan Tuntungan Hub,98.635179,3.523498
Gunung Maligas Hub,99.100305,3.001073
Medan Denai Hub,98.710802,3.568346
Marpoyan Damai Hub,101.432056,0.443806
Binjai Selatan Hub,98.494349,3.574724
Pauh Hub,100.432203,-0.935168
Tebas Hub,109.13308,1.217935
Tebas First Mile Hub,109.111521,1.203748
Paloh Hub,109.219319,1.623314
Paloh First Mile Hub,109.220904,1.630378
Mempawah Hulu Hub,109.375792,0.542747
Mempawah Hulu First Mile Hub,109.372372,0.536164
Kubu Hub,109.376802,-0.496463
Kubu First Mile Hub,109.378899,-0.48376
Kaidipang Hub,123.269092,0.910516
Kaidipang First Mile Hub,123.271879,0.905094
Jawai Hub,109.056052,1.331432
Jawai First Mile Hub,109.056052,1.331432
Bungku Tengah Hub,121.933874,-2.477734
Bungku Tengah First Mile Hub,121.933874,-2.477734
Bolaang Uki Hub,123.982557,0.393968
Bolaang Uki First Mile Hub,123.982632,0.383376
Belitang Hub,111.189471,0.187049
Belitang First Mile Hub,111.208565,0.23997
Bahodopi Hub,122.101047,-2.795427
Bahodopi First Mile Hub,122.007767,-2.679259
Andowia Hub,122.112791,-3.519846
Andowia First Mile Hub,122.138262,-3.537474
Parakan Hub,110.092222,-7.285639
Penjaringan 7 First Mile Hub,106.76788,-6.136902
Marpoyan Damai First Mile Hub,101.440196,0.427267
Medan Labuhan Hub,98.67488,3.749037
Cilodong 2 First Mile Hub,106.85751,-6.42026
Tolangohula Hub,122.561103,0.701186
Tolangohula First Mile Hub,122.574917,0.695806
Kasongan First Mile Hub,113.408414,-1.884597
Tanete Riattang First Mile Hub,120.32625,-4.545213
WH Air Asia Teleport Jabo,106.663023,-6.125216
Kulisusu Hub,123.180388,-4.772368
Kulisusu First Mile Hub,123.17361,-4.778459
Petasia Hub,121.338,-1.977895
Petasia First Mile Hub,121.338,-1.977895
Pasar Wajo Hub,122.853014,-5.478731
Pasar Wajo First Mile Hub,122.853014,-5.478731
Mamasa Hub,119.366719,-2.950003
Mamasa First Mile Hub,119.368966,-2.947893
Gunung Meriah Hub,97.956509,2.381816
Gunung Meriah First Mile Hub,97.950048,2.375276
Dumoga Utara Hub,123.983129,0.570729
Dumoga Utara First Mile Hub,123.958278,0.620874
Banggai Hub,123.501428,-1.593675
Banggai First Mile Hub,123.501428,-1.593675
Singaran Pati Hub,102.285781,-3.802847
Oebobo First Mile Hub,123.60277,-10.167028
Singaran Pati First Mile Hub,102.285781,-3.802847
Lombok Timur First Mile Hub,116.51713,-8.651773
Turikale First Mile Hub,119.522336,-5.050447
Malalayang First Mile Hub,124.82762,1.462697
Tutuyan Hub,124.611405,0.752747
Tutuyan First Mile Hub,124.618895,0.775113
Sigi Biromaru Hub,119.881639,-0.959694
Sigi Biromaru First Mile Hub,119.92737,-0.954529
Sebuku Hub,116.995694,3.98775
Sebuku First Mile Hub,117.150005,4.006398
Virtual FM Sipispis Hub,99.034,3.193112
Virtual FM Parigi Hub,120.16724,-0.801645
Virtual FM Airmadidi Hub,124.983988,1.423189
Virtual FM Simpangkiri Hub,97.987092,2.648617
Virtual FM Barong Tongkok Hub,115.738643,-0.21318
Anjir Muara First Mile Hub,114.52652,-3.177203
Batauga First Mile Hub,122.606911,-5.56914
Batauga Hub,122.606911,-5.56914
Air Upas First Mile Hub,110.83145,-2.355268
Kota Agung Lahat First Mile Hub,103.430511,-4.031522
Mukomuko First Mile Hub,101.100348,-2.553155
Ipuh First Mile Hub,101.493687,-2.993077
Kaur Selatan First Mile Hub,103.354128,-4.795216
Ketahun First Mile Hub,101.839758,-3.360258
Pakuan Ratu First Mile Hub,104.703704,-4.532292
Peninjauan First Mile Hub,104.384099,-3.867063
Rangkasbitung First Mile Hub,106.269831,-6.351588
Kendari First Mile Hub,122.512233,-3.987518
Serengan Hub,110.819595,-7.57604
Sanggau Ledo Hub,109.687246,1.110424
Sanggau Ledo First Mile Hub,109.701796,1.14548
Mimika Baru Hub,136.889063,-4.553158
Tempilang First Mile Hub,105.666903,-2.105382
Tebing Tinggi First Mile Hub,103.087529,-3.595625
Sungkai Utara First Mile Hub,104.845672,-4.769984
Pesisir Tengah First Mile Hub,103.939949,-5.172129
Semendawai Barat First Mile Hub,104.724092,-4.023393
Jebus First Mile Hub,105.507035,-1.667759
Belinyu First Mile Hub,105.783433,-1.649612
Manggar First Mile Hub,108.263222,-2.870944
Kota Argamakmur First Mile Hub,102.199161,-3.433161
Bayung Lencir First Mile Hub,103.679694,-2.07075
Sekincau First Mile Hub,104.304669,-5.046786
Murung Hub,114.56105,-0.652258
Murung First Mile Hub,114.583378,-0.655728
Matuari First Mile Hub,125.113366,1.42972
Kotamobagu Timur First Mile Hub,124.064142,0.687099
Suku Tengah First Mile Hub,102.81896,-3.039507
Simpang Blimbing First Mile Hub,104.023761,-3.451927
Gunung Terang First Mile Hub,105.063028,-4.326445
Musi Rawas Utara First Mile Hub,102.907857,-2.705175
Tungkal Jaya First Mile Hub,103.94015,-2.3875
Kumai First Mile Hub,111.703917,-2.755776
Kelapa First Mile Hub,105.671648,-1.875765
Teluk Gelam First Mile Hub,104.808975,-3.493404
Banding Agung First Mile Hub,104.017167,-4.79925
Talang Ubi First Mile Hub,103.850439,-3.29654
Batukliang First Mile Hub,116.316854,-8.61684
Bangli First Mile Hub,115.363759,-8.430307
Ampenan First Mile Hub,116.103439,-8.564299
Pontianak Utara First Mile Hub,109.339048,-0.014434
Sikur First Mile Hub,116.453835,-8.631436
Landak First Mile Hub,109.951126,0.395837
Mataram First Mile Hub,116.123816,-8.614842
Muara Teweh First Mile Hub,114.902229,-0.947929
Tabanan First Mile Hub,115.111014,-8.552222
Sekadau Hilir First Mile Hub,110.907884,0.010182
Aikmel First Mile Hub,116.537704,-8.57236
Karangasem First Mile Hub,115.581564,-8.444995
Kubutambahan First Mile Hub,115.192811,-8.074223
Kubu Raya First Mile Hub,109.369029,-0.064858
Praya First Mile Hub,116.279248,-8.689352
Kelapa Lima First Mile Hub,123.626044,-10.145533
Trucuk First Mile Hub,110.697861,-7.743728
Negara First Mile Hub,114.620291,-8.363243
Kelapa Gading Hub,106.914412,-6.140586
Peranap Hub,101.977899,-0.525545
Peranap First Mile Hub,101.976745,-0.524741
Wajo Hub,119.409883,-5.121822
Sukadana Kalbar First Mile Hub,109.959278,-1.239177
Bengkayang First Mile Hub,109.485616,0.83116
Tayan Hilir First Mile Hub,110.11142,-0.031506
Wangi-Wangi Selatan Hub,123.541678,-5.343277
Wangi-Wangi Selatan First Mile Hub,123.541699,-5.343335
Unaaha Hub,122.06775,-3.866361
Unaaha First Mile Hub,122.050802,-3.867316
Tilamuta Hub,122.334913,0.525948
Tilamuta First Mile Hub,122.334913,0.525948
Rumbia Hub,122.039966,-4.766848
Rumbia First Mile Hub,122.048762,-4.775689
Marisa Hub,121.94857,0.466671
Marisa First Mile Hub,121.947373,0.462859
Andoolo Hub,122.293639,-4.345972
Andoolo First Mile Hub,122.056563,-4.354094
Tinggimoncong First Mile Hub,119.861378,-5.244537
Tinggimoncong Hub,119.855252,-5.251958
Pujer First Mile Hub,113.876944,-7.965222
Tapen First Mile Hub,113.932692,-7.854875
Binangun First Mile Hub,112.365675,-8.225528
Pondok Salam First Mile Hub,107.48383,-6.600117
Palenga'an First Mile Hub,113.473851,-7.116805
Gapura First Mile Hub,113.982992,-7.003952
Sukanagara First Mile Hub,107.119725,-7.103992
Luragung First Mile Hub,108.580123,-6.999888
Kalipucang First Mile Hub,108.727694,-7.617
Telukjambe Barat First Mile Hub,107.241268,-6.337947
Sukatani First Mile Hub,107.428029,-6.679049
Purabaya First Mile Hub,106.880019,-7.105024
Ngantang First Mile Hub,112.38075,-7.853694
Karangampel First Mile Hub,108.450214,-6.458978
Bluto First Mile Hub,113.721225,-7.113439
Maja First Mile Hub,108.299962,-6.875693
Nusaherang First Mile Hub,108.445972,-7.004083
Sampang First Mile Hub,113.240079,-7.208178
Cikijing First Mile Hub,108.350597,-7.01036
Surade First Mile Hub,106.550421,-7.354765
Kepung First Mile Hub,112.283858,-7.753886
Lemahabang Karawang First Mile Hub,107.465939,-6.278413
Karangnunggal First Mile Hub,108.132514,-7.633447
Rengasdengklok First Mile Hub,107.299293,-6.20076
Bungursari First Mile Hub,107.479944,-6.479361
Cibadak First Mile Hub,106.794765,-6.894267
Telagasari First Mile Hub,107.397667,-6.289222
Ciledug Kulon First Mile Hub,108.749038,-6.894584
Ketapang Sampang First Mile Hub,113.276546,-6.91304
Ganding First Mile Hub,113.700644,-7.039225
Sukaraja Sukabumi First Mile Hub,106.982429,-6.90684
Tumpang First Mile Hub,112.750592,-8.012317
Rubaru First Mile Hub,113.785759,-6.953787
Sangkapura Hub,112.64164,-5.845086
Lubai Ulu Hub,104.168826,-3.819658
Sungai Gelam First Mile Hub,103.740448,-1.707
Sungai Lilin First Mile Hub,104.110764,-2.546835
Koba First Mile Hub,106.390927,-2.513974
Gedung Aji Baru First Mile Hub,105.486972,-4.188278
Muara Dua First Mile Hub,104.061499,-4.563079
Melinting First Mile Hub,105.78967,-5.487176
Balik Bukit First Mile Hub,104.081954,-5.01687
Abung Timur First Mile Hub,105.024408,-4.702003
Mentok First Mile Hub,105.182969,-2.045507
Kikim Timur First Mile Hub,103.372179,-3.698016
Jrengik First Mile Hub,113.194337,-7.150843
Gabek First Mile Hub,106.109099,-2.1038
Martapura First Mile Hub,104.349276,-4.32632
Pasean First Mile Hub,113.557737,-6.895341
Sekayu First Mile Hub,103.868708,-2.878624
Toboali First Mile Hub,106.465975,-3.000402
Muara Enim First Mile Hub,103.778359,-3.633209
Majalaya Kab. Karawang First Mile Hub,107.368732,-6.280547
Parakan Salak First Mile Hub,106.732143,-6.821461
Manonjaya First Mile Hub,108.289857,-7.353044
Sokobanah First Mile Hub,113.440384,-6.891725
Plered First Mile Hub,107.365628,-6.649646
Sangkapura First Mile Hub,112.64164,-5.845086
Lubai Ulu First Mile Hub,104.203786,-3.737092
Muntilan First Mile Hub,110.287486,-7.58085
Kepahiang First Mile Hub,102.559212,-3.628631
Mangunreja First Mile Hub,108.060132,-7.375616
Cilaku First Mile Hub,107.123967,-6.920016
Banjarsari First Mile Hub,108.621337,-7.491795
Sumenep First Mile Hub,113.876373,-7.02094
Klungkung First Mile Hub,115.405505,-8.542651
Haurgeulis First Mile Hub,107.946159,-6.44038
Bogor DC,106.827866,-6.533656
Kedungkandang First Mile Hub,112.637386,-8.118353
Tirtajaya First Mile Hub,107.283304,-6.05809
Jalancagak First Mile Hub,107.680024,-6.676601
Leuwimunding First Mile Hub,108.328382,-6.736083
Kandanghaur First Mile Hub,108.118044,-6.366925
Plaju Hub,104.811473,-2.995079
Kwandang First Mile Hub,122.890639,0.805025
Kwandang Hub,122.886791,0.80505
Mapanget First Mile Hub,124.920936,1.515083
Mapanget Hub,124.920936,1.515083
Setu Kota Tangerang Selatan 5 Hub,106.686859,-6.334188
Manokwari Barat DC,134.04786,-0.875582
Makassar Liq Center,119.465722,-5.086083
Abepura DC,140.694296,-2.567297
Jailolo DC,127.468764,1.071041
Transit Point Depok DC,106.86126,-6.411157
Sukajaya Hub,95.333741,5.879777
Sukajaya First Mile Hub,95.333741,5.879777
Batu Ampar Hub,109.257278,-0.696083
Batu Ampar First Mile Hub,109.266758,-0.690782
Kota Waingapu Hub,120.2483,-9.661646
Kota Waingapu First Mile Hub,120.2483,-9.661646
Cimarga Hub,106.223574,-6.432503
WH AB Cargo Jabo II,106.66233,-6.121329
WH AB Cargo Jabo I,106.979835,-6.21421
WH Avia Cargo Jabo,106.68427,-6.130755
WH ESP Jabo,106.715495,-6.103623
WH CKL Jabo,106.686368,-6.124803
Astanajapura Hub,108.619475,-6.784045
Pasangkayu First Mile Hub,119.360269,-1.176074
Buntu Pane First Mile Hub,99.546175,2.916834
Buntu Pane Hub,99.551084,2.919412
Bumijawa First Mile Hub,109.13593,-7.170693
Bumijawa Hub,109.151011,-7.153945
Kendawangan First Mile Hub,110.193062,-2.505231
Kendawangan Hub,110.195033,-2.510312
Barong Tongkok First Mile Hub,115.738643,-0.21318
Barong Tongkok Hub,115.711054,-0.248222
Kateman First Mile Hub,103.607976,0.2968
Kateman Hub,103.63853,0.31379
Mertoyudan First Mile Hub,110.192421,-7.542418
Kundur Hub,103.464861,0.656778
Kundur First Mile Hub,103.463508,0.658766
Krueng Sabee Hub,95.591258,4.631799
Krueng Sabee First Mile Hub,95.590587,4.635886
Keritang Hub,102.93294,-0.743271
Keritang First Mile Hub,102.93294,-0.743271
Setia Hub,96.872892,3.70303
Setia First Mile Hub,96.872892,3.70303
Dusun Timur Hub,115.150222,-2.094528
Dusun Timur First Mile Hub,115.16311,-2.10822
Dusun Tengah Hub,115.166264,-1.811465
Dusun Tengah First Mile Hub,115.14905,-1.779245
Dusun Selatan Hub,114.83657,-1.720838
Dusun Selatan First Mile Hub,114.83657,-1.720838
Semaka First Mile Hub,104.495326,-5.507572
Katibung First Mile Hub,105.366986,-5.544109
Limboto First Mile Hub,122.983566,0.623158
Babussalam First Mile Hub,97.805726,3.491137
Muara Lakitan First Mile Hub,103.314488,-2.865027
Bondowoso First Mile Hub,113.813975,-7.932391
Barus Hub,98.430725,2.007646
Barus First Mile Hub,98.430725,2.007646
Tanah Pinoh Hub,111.559916,-0.786371
Tanah Pinoh First Mile Hub,111.561735,-0.795734
Biau First Mile Hub,121.424724,1.160034
Biau Hub,121.419638,1.161164
Tulang Bawang Tengah Hub,105.104943,-4.571563
Tulang Bawang Tengah First Mile Hub,105.104943,-4.571563
Sipora Utara Hub,99.584333,-2.065889
Sipora Utara First Mile Hub,99.585742,-2.031155
Singkep Hub,104.554101,-0.482842
Singkep First Mile Hub,104.554101,-0.482842
Simpangkiri Hub,97.990182,2.646848
Simpangkiri First Mile Hub,97.987092,2.648617
Semaka Hub,104.494404,-5.506697
Katibung Hub,105.366986,-5.544109
Rappocini Hub,119.430492,-5.147826
Dayeuhkolot 2 Hub,107.619779,-6.972918
Pajo Hub,118.488753,-8.59953
Limboto Hub,122.983566,0.623158
Babussalam Hub,97.805726,3.491137
Muara Lakitan Hub,103.314488,-2.865027
Parenggean Hub,112.799735,-2.026777
Parenggean First Mile Hub,112.798481,-2.024461
Malinau Kota Hub,116.629241,3.58783
Malinau Kota First Mile Hub,116.629241,3.58783
Jorong First Mile Hub,114.923222,-3.969778
Teluk Keramat Hub,109.215917,1.471741
Teluk Keramat First Mile Hub,109.22622,1.47841
Kota Selatan Hub,123.049377,0.554241
Topoyo Hub,119.289639,-2.062
Airmadidi Hub,124.985949,1.413966
Pontianak Kota First Mile Hub,109.332037,-0.045445
Peureulak First Mile Hub,97.891951,4.801955
Kembangan 3 First Mile Hub,106.732223,-6.196549
Cipondoh First Mile Hub,106.68372,-6.198143
Pacet First Mile Hub,107.705918,-7.09728
Virtual FM Ngantang Hub,112.36507,-7.883149
Semarang RDC,110.448754,-6.953487
Sirah Pulau Padang First Mile Hub,104.89259,-3.257684
Sirah Pulau Padang Hub,104.89259,-3.257684
Sekayam First Mile Hub,110.391959,0.751223
Sekayam Hub,110.427961,0.823951
Tuminting First Mile Hub,124.849556,1.495189
Tuminting Hub,124.849556,1.495189
Banawa First Mile Hub,119.741085,-0.671091
Banawa Hub,119.741085,-0.671091
Khayan Hilir First Mile Hub,114.268292,-2.783677
Khayan Hilir Hub,114.268292,-2.783677
Sagulung Hub,103.930937,1.049035
Pasangkayu Hub,119.367201,-1.178634
Cengkareng 6 Hub,106.76581,-6.15435
Kalideres 5 Hub,106.716759,-6.113211
Tanjung Priok 4 Hub,106.891479,-6.122568
Kejayan First Mile Hub,112.902859,-7.701244
Virtual FM Air Upas Hub,110.83145,-2.3552
Gedangan Malang Hub,112.658445,-8.302038
Mijen Hub,110.310825,-7.061615
Parigi Hub,120.164744,-0.799247
Matuari Hub,125.149375,1.442746
Batujajar Hub,107.502566,-6.897248
Manokwari Barat First Mile Hub,134.048213,-0.875504
Ngasem First Mile Hub,111.760955,-7.289919
Tebing Tinggi Riau Hub,102.707667,1.011931
Tebing Tinggi Riau First Mile Hub,102.707667,1.012083
Tahunan Hub,110.664881,-6.611319
Kumai Hub,111.703917,-2.755776
Simboro Dan Kepulauan Hub,118.888819,-2.676629
Simboro Dan Kepulauan First Mile Hub,118.889389,-2.677277
Galis Hub,113.567943,-7.13542
Wolio Hub,122.633931,-5.468159
Wolio First Mile Hub,122.633931,-5.468159
Wua-Wua Hub,122.505988,-4.007704
Wua-Wua First Mile Hub,122.499742,-4.01572
Ampana Kota First Mile Hub,121.598044,-0.860411
Ampana Kota Hub,121.598044,-0.860411
MH Sidikalang 6 Hub,98.302597,2.646682
MH Sidikalang 5 Hub,97.925538,2.773164
MH Sidikalang 4 Hub,98.015614,2.634561
MH Sidikalang 3 Hub,97.942942,2.382995
MH Sidikalang 2 Hub,98.266627,2.770232
MH 5 Kabanjahe Hub,98.680019,3.038465
MH 4 Kabanjahe Hub,98.416391,2.743188
MH 3 Kabanjahe Hub,98.416391,2.743188
MH 2 Kabanjahe Hub,98.139318,2.982276
MH Berastagi 2 Hub,98.71429,3.261489
MH 2 Bagan Sinembah Hub,100.740787,1.67934
Tanjung Pinang First Mile Hub,104.504617,0.916079
Nunukan First Mile Hub,117.653815,4.132381
Nunukan Hub,117.653815,4.132381
Kepung Hub,112.283858,-7.753886
Jatinangor Hub,107.78401,-6.926145
Cicurug Hub,106.777885,-6.797262
Peureulak Hub,97.893722,4.817495
Sei Ambawang Hub,109.403242,-0.038749
Sei Ambawang First Mile Hub,109.403242,-0.038749
Virtual FM Binuang Hub,115.08153,-3.171174
Kurun Hub,113.85862,-1.104774
Kurun First Mile Hub,113.859295,-1.119385
Bojongloa Kaler Hub,107.584155,-6.942632
Hamparan Perak Hub,98.619222,3.72575
Hamparan Perak First Mile Hub,98.619222,3.72575
Pontianak Timur Hub,109.357155,-0.03902
Sunter DC,106.876901,-6.13357
Ulujami First Mile Hub,109.554588,-6.886126
Kalinyamatan Hub,110.709824,-6.728356
Ngaglik 3 Hub,110.382712,-7.731124
Virtual FM Anjir Muara Hub,114.52964,-3.18073
MH Malingping 2 Hub,106.063009,-6.582708
MH Bayah 3 Hub,106.327731,-6.833542
MH Bayah 2 Hub,106.333158,-6.70103
Virtual FM Pitumpanua Hub,120.39825,-3.666273
Virtual FM Patallassang Hub,119.437904,-5.433501
Virtual FM Palakka Hub,120.292534,-4.534567
Virtual FM Libureng Hub,120.082596,-4.875219
Virtual FM Lau Hub,119.578735,-4.947541
Virtual FM Tondano Selatan Hub,124.88634,1.288301
Virtual FM Palenga'an Hub,113.474785,-7.115077
Guntur First Mile Hub,110.60614,-6.989276
Pringapus Hub,110.438137,-7.185355
Lasem Hub,111.448968,-6.708732
Kedungmenjangan Hub,109.390802,-7.444274
Luwuk Hub,122.781915,-0.972727
Tenjo Hub,106.859045,-6.178369
Karawaci 2 Hub,106.625689,-6.190507
Benda 3 Hub,106.6893,-6.081694
Kembang Janggut Hub,116.391343,0.129279
Legok 2 Hub,106.586222,-6.308389
Matraman 2 Hub,106.85838,-6.212303
Kebakkramat Hub,110.935926,-7.574675
Poso Kota First Mile Hub,120.751283,-1.397148
Poso Kota Hub,120.761306,-1.387359
Air Upas Hub,110.815153,-2.314441
Kotamobagu Timur Hub,124.298472,0.741472
Kolaka Hub,121.631571,-4.077846
Kolaka First Mile Hub,121.631571,-4.077846
Kersana First Mile Hub,108.88842,-6.930604
Kebakkramat First Mile Hub,110.911693,-7.515669
Tamalanrea Hub,119.48121,-5.10331
Ngaliyan First Mile Hub,110.336194,-7.018159
Pujer Hub,113.873783,-7.975831
Glenmore Hub,114.042332,-8.308525
Dukuhturi Hub,109.014389,-7.232139
Trucuk Hub,110.697861,-7.743728
Panimbang Hub,105.755028,-6.523396
Gununghalu Hub,107.305867,-7.019147
Gemolong First Mile Hub,110.824222,-7.403278
Gesi First Mile Hub,111.061812,-7.326619
Tapak Tuan First Mile Hub,97.287582,3.172859
Tapak Tuan Hub,97.194961,3.260436
Transit Point Tangerang 1 DC,106.675242,-6.094398
Karangawen Hub,110.59185,-7.048062
Dabuk Rejo Hub,105.023182,-3.984631
Bantarsari Hub,108.862546,-7.531882
Darul Makmur First Mile Hub,96.537404,3.997845
Tebo Ilir First Mile Hub,102.708455,-1.532481
Sungai Manau First Mile Hub,102.013056,-2.115049
Matesih First Mile Hub,111.054348,-7.654105
Bantarsari First Mile Hub,108.862546,-7.531882
Tarutung First Mile Hub,98.977626,2.022242
Alak Hub,123.574917,-10.213972
Alak First Mile Hub,123.549689,-10.178568
Kesamben First Mile Hub,112.374863,-8.142546
Maduran Hub,112.281242,-7.014782
Kragan Hub,111.596088,-6.676729
Loano Hub,110.026651,-7.65322
Tanjung Selor Hub,117.37223,2.84749
Rejotangan First Mile Hub,112.033754,-8.10559
Tanjung Selor First Mile Hub,117.370659,2.849695
Sangatta First Mile Hub,117.519511,0.50169
Karangmalang First Mile Hub,111.023435,-7.449151
Triharjo First Mile Hub,110.16938,-7.835966
Kulon Progo First Mile Hub,110.151722,-7.895444
Loano First Mile Hub,110.026651,-7.65322
Kaliwiro First Mile Hub,109.845909,-7.469617
Karangsambung First Mile Hub,109.681065,-7.563925
Kebumen DC,109.591656,-7.651529
Sungai Gelam Hub,103.740448,-1.707
Taman Sari Jakarta Barat 3 Hub,106.826342,-6.153959
Penjaringan 6 Hub,106.746545,-6.154733
Solear Hub,106.403011,-6.289185
Panarukan First Mile Hub,114.006713,-7.709877
Sanggau First Mile Hub,110.574279,0.122609
Marabahan First Mile Hub,114.771154,-2.98413
Kusan Hilir First Mile Hub,115.931724,-3.604419
Melawi First Mile Hub,111.750528,-0.343694
Arut Selatan First Mile Hub,111.621333,-2.697183
Martapura Kalimantan First Mile Hub,114.886476,-3.436868
Sitinjau Laut First Mile Hub,101.457788,-2.091514
Pagar Alam First Mile Hub,103.242557,-4.034911
Lahat First Mile Hub,103.557169,-3.770137
Tanjung Enim First Mile Hub,103.814243,-3.765175
Lempuing First Mile Hub,104.897566,-3.844941
Banyuasin First Mile Hub,104.422037,-2.918862
Musi Rawas First Mile Hub,102.955278,-3.184861
Tanjung Bintang First Mile Hub,105.389184,-5.400029
Banjar Margo First Mile Hub,105.243833,-4.264306
Singkut First Mile Hub,102.713168,-2.511661
Penyengat Rendah First Mile Hub,103.5552,-1.587693
Sungai Bahar First Mile Hub,103.416518,-1.964613
Simpang Empat First Mile Hub,99.801983,2.964201
Kota Pinang First Mile Hub,100.084404,1.896903
Dolok Sanggul First Mile Hub,98.723389,2.257417
Barumun First Mile Hub,99.733957,1.051352
Pematang Bandar First Mile Hub,99.284042,3.077446
Padang Bolak First Mile Hub,99.617045,1.492233
Natal First Mile Hub,99.10945,0.579273
Dolok Batu Nanggar First Mile Hub,99.147104,3.119925
Pangururan First Mile Hub,98.690396,2.674481
Air Putih First Mile Hub,99.370312,3.28124
Virtual FM Tomoni Hub,120.801075,-2.513076
Virtual FM Tomohon Hub,124.836125,1.310043
Virtual FM Plampang Hub,117.783905,-8.795342
Virtual FM Sinjai Utara Hub,120.259927,-5.120155
Virtual FM Balapulang Hub,109.083572,-7.085514
Virtual FM Kaur Selatan Hub,103.347279,-4.793135
Virtual FM Sape Hub,119.010132,-8.57813
Virtual FM Kota Argamakmur Hub,102.199021,-3.433276
Virtual FM Tombatu Timur Hub,124.716072,1.030622
Virtual FM Bulukumba Hub,120.144098,-5.356899
Sipispis Hub,99.034,3.193112
Galang Hub,98.896466,3.46861
Pandeyan Hub,110.381682,-7.816195
Tumpang Hub,112.750592,-8.012317
Selat First Mile Hub,114.383361,-2.984639
Tapan First Mile Hub,101.067348,-2.167095
Lembah Gumanti First Mile Hub,100.785504,-1.079115
Dolok Masihul First Mile Hub,99.015063,3.342802
Ayah First Mile Hub,109.404153,-7.659091
Tempel First Mile Hub,110.320414,-7.658914
Ngadirojo Kidul First Mile Hub,111.030411,-7.81771
Lebaksiu First Mile Hub,109.13496,-7.045904
Balapulang First Mile Hub,109.086932,-7.079525
Gombong First Mile Hub,109.540986,-7.610464
Jiken First Mile Hub,111.517969,-7.011629
Singkawang Tengah First Mile Hub,108.984911,0.92789
Ciwidey First Mile Hub,107.444943,-7.1153
Bukit Kemuning First Mile Hub,104.570806,-4.860528
Siantar Selatan First Mile Hub,99.061255,2.946636
Galang First Mile Hub,98.884832,3.437893
Rao First Mile Hub,100.020234,0.559562
Seberida First Mile Hub,102.409506,-0.562255
Punggur First Mile Hub,105.275342,-5.049821
Muara Tembesi First Mile Hub,103.13657,-1.726634
Tebing Tinggi Jambi First Mile Hub,103.081719,-1.018338
Gelumbang First Mile Hub,104.433253,-3.246537
Belitang Madang Raya First Mile Hub,104.646261,-4.116753
Kayu Agung First Mile Hub,104.831591,-3.395525
Baturaja Timur First Mile Hub,104.184778,-4.137861
Kota Curup First Mile Hub,102.51429,-3.472107
Kota Manna First Mile Hub,102.920056,-4.458116
Lubuk Linggau Selatan First Mile Hub,102.94414,-3.267456
Air Hitam First Mile Hub,104.362158,-5.049305
Pulau Panggung First Mile Hub,104.780264,-5.365465
Way Kanan First Mile Hub,104.54265,-4.731352
Kota Agung First Mile Hub,104.627577,-5.494053
Gedong Tataan First Mile Hub,105.087051,-5.375165
Ketapang First Mile Hub,105.782189,-5.678615
Sidomulyo First Mile Hub,105.522068,-5.620878
Metro First Mile Hub,105.297996,-5.134806
Bandar Mataram First Mile Hub,105.489831,-4.828912
Sungai Liat First Mile Hub,106.096444,-1.8685
Pubian First Mile Hub,104.955686,-5.089608
Gerunggang First Mile Hub,106.097576,-2.110977
Bukit Intan First Mile Hub,106.146776,-2.164532
Yosodadi Hub,105.336401,-5.108408
Yosodadi First Mile Hub,105.336401,-5.108408
Labuhan Bajo First Mile Hub,119.898948,-8.486337
Siak First Mile Hub,102.054805,0.803514
Salapian First Mile Hub,98.298593,3.477168
Rantau Selatan First Mile Hub,99.84714,2.088178
Payaraman First Mile Hub,104.621608,-3.349131
Sumpiuh First Mile Hub,109.282988,-7.591822
Patikraja First Mile Hub,109.21986,-7.487644
Tanjung Redeb First Mile Hub,117.46819,2.146748
Tanjung Pandan First Mile Hub,107.627177,-2.736718
Nanggulan First Mile Hub,110.221722,-7.722278
Punjung First Mile Hub,101.544048,-0.986381
Lubuk Linggau First Mile Hub,102.864752,-3.284984
Muara Bangkahulu First Mile Hub,102.265106,-3.758146
Bengkulu First Mile Hub,102.331452,-3.826289
Talang Kelapa First Mile Hub,104.658404,-2.913399
Prabumulih First Mile Hub,104.2656,-3.3953
Pangkal Pinang First Mile Hub,106.122312,-2.147567
Indralaya First Mile Hub,104.632235,-3.207272
Sukadana First Mile Hub,105.660615,-5.103958
Bandar Sribawono First Mile Hub,105.741315,-5.313067
Terbanggi Besar First Mile Hub,105.211065,-4.902952
Kotabumi First Mile Hub,104.893266,-4.85363
Natar First Mile Hub,105.189957,-5.296465
Sungai Kakap First Mile Hub,109.257939,-0.06148
Purworejo First Mile Hub,110.026694,-7.725528
Wanareja First Mile Hub,108.691382,-7.33516
Sidareja First Mile Hub,108.801385,-7.485742
Cilacap Utara First Mile Hub,109.041985,-7.665806
Tanjung Jabung Timur First Mile Hub,103.796003,-1.213194
Kayu Aro First Mile Hub,101.310328,-1.756165
Tebo Tengah First Mile Hub,102.423304,-1.463258
Dumai Timur First Mile Hub,101.455313,1.663848
Pangkalan Kuras First Mile Hub,102.067071,0.147843
Rengat First Mile Hub,102.532955,-0.36954
Pulau Rakyat First Mile Hub,99.620518,2.709581
Ujung Padang First Mile Hub,99.52618,3.073106
Sangir First Mile Hub,101.247983,-1.54541
Guguak First Mile Hub,100.573506,-0.161453
Lembah Melintang First Mile Hub,99.567406,0.255449
Painan First Mile Hub,100.583241,-1.352209
Mijen Demak Hub,110.718237,-6.847388
Anjir Muara Hub,114.545,-3.197694
Labuhan Bajo Hub,119.898948,-8.486337
Jebres Hub,110.842864,-7.537202
Gorontalo First Mile Hub,123.082834,0.564
Tlogowungu First Mile Hub,111.015818,-6.711712
Juwana First Mile Hub,111.147465,-6.712509
Tuntang First Mile Hub,110.484568,-7.264755
Tanah Grogot First Mile Hub,116.198453,-1.906112
Pangkalan Koto First Mile Hub,100.723469,0.089341
Kambang First Mile Hub,100.697365,-1.678358
Silungkang First Mile Hub,100.7979,-0.70977
Lubuk Sikaping First Mile Hub,100.169074,0.132471
Kalianda First Mile Hub,105.59295,-5.729425
Kayen First Mile Hub,110.993339,-6.880615
Cilongok First Mile Hub,109.171998,-7.414248
Majenang First Mile Hub,108.771231,-7.300863
Baamang First Mile Hub,112.949563,-2.517848
Batubara First Mile Hub,99.469903,3.194484
Panyabungan First Mile Hub,99.571943,0.843393
Rimbo Bujang First Mile Hub,102.130864,-1.273192
Sarolangun First Mile Hub,102.691592,-2.302896
Karang Baru First Mile Hub,98.050099,4.290395
Darul Imarah First Mile Hub,95.355834,5.509326
Bebesen First Mile Hub,96.834549,4.637131
Sungai Pinang First Mile Hub,117.156846,-0.478425
Samarinda Seberang First Mile Hub,117.14999,-0.526595
Gunung Sitoli First Mile Hub,97.600887,1.320127
Virtual FM Bayah Hub,106.242134,-6.931421
Virtual FM Ipuh Hub,101.49257,-2.996775
Virtual FM Ketahun Hub,101.83524,-3.361775
Virtual FM Ternate Selatan Hub,127.37558,0.774094
Virtual FM Dolok Masihul Hub,99.012474,3.332864
Virtual FM Gedong Tataan Hub,105.08806,-5.375278
Virtual FM Pesisir Tengah Hub,103.93572,-5.184528
Virtual FM Purabaya Hub,106.87887,-7.108428
Virtual FM Dungingi Hub,123.04703,0.567532
Virtual FM Pangururan Hub,98.690285,2.640316
Virtual FM Muara Tembesi Hub,103.13657,-1.726634
Virtual FM Sungai Bahar Hub,103.411736,-1.967144
Virtual FM Padang Bolak Hub,99.62031,1.497557
Virtual FM Tanah Merah Hub,101.96902,-0.520648
Virtual FM Utan Hub,117.148315,-8.409308
Virtual FM Sirimau Hub,128.18489,-3.68933
Sijunjung First Mile Hub,100.961734,-0.676336
Padang Sidempuan First Mile Hub,99.288614,1.354391
Bandar Simalungun First Mile Hub,99.314724,3.158564
Kota Baru Kalsel First Mile Hub,116.212486,-3.253643
Satui First Mile Hub,115.374067,-3.798977
Tenggarong First Mile Hub,116.999227,-0.451235
Pemangkat First Mile Hub,108.986947,1.175215
Sintang First Mile Hub,111.465882,0.03855
Ketapang Kalbar First Mile Hub,109.958923,-1.825438
Mempawah First Mile Hub,108.960738,0.367937
Kelua First Mile Hub,115.28022,-2.250553
Kutuh Hub,115.181169,-8.82749
Sumbergempol Hub,111.950079,-8.082712
Bacukiki Barat Hub,119.627773,-4.05324
Bontang First Mile Hub,117.479838,0.132973
Balikpapan Timur First Mile Hub,116.976526,-1.20788
Jekan Raya First Mile Hub,113.879148,-2.237903
Balikpapan Utara First Mile Hub,116.868609,-1.207904
Pahandut First Mile Hub,113.939239,-2.231263
Sungai Raya First Mile Hub,109.383786,-0.122596
Sungai Manau Hub,102.013056,-2.115049
Mojotengah Hub,109.911864,-7.309632
Simboro Dan Kepulauan DC,118.972881,-2.639315
Baguala DC,128.221049,-3.628572
Virtual Kosambi 2 DC,106.673639,-6.093606
Tanjung Pandan DC,107.706882,-2.757857
Tanjung Pinang DC,104.504617,0.916079
Gunung Sitoli DC,97.600887,1.320155
Siborong - Borong DC,98.964521,2.118729
Alak DC,123.549862,-10.179267
Labuhan Bajo DC,119.898948,-8.486337
Tanjung Redeb DC,117.468332,2.146913
Kalawat DC,124.914579,1.475378
Wua-Wua DC,122.499742,-4.01572
Dungingi DC,123.038127,0.548658
Wolio DC,122.633931,-5.468159
Mantikulore DC,119.88438,-0.81017
Balikpapan Kota First Mile Hub,116.829771,-1.273942
Balikpapan First Mile Hub,116.877235,-1.230994
Virtual FM Mantikulore Hub,119.886773,-0.873798
Virtual FM Palu Selatan Hub,119.876662,-0.916603
Virtual FM Poasia Hub,122.545874,-3.997919
Pamenang Barat First Mile Hub,102.407371,-2.072689
Limo First Mile Hub,106.790011,-6.375952
Limo Hub,106.790825,-6.36632
Cepogo Hub,110.519178,-7.50528
Ngadirojo Kidul Hub,111.030411,-7.81771
Tarakan Barat First Mile Hub,117.580975,3.313784
Paringin First Mile Hub,115.460166,-2.341725
Binuang First Mile Hub,115.078508,-3.126775
Tapin Utara First Mile Hub,115.157861,-2.947556
Sungai Pinyuh First Mile Hub,109.073605,0.273836
Pelaihari First Mile Hub,114.770484,-3.799248
Batulicin First Mile Hub,115.995426,-3.422468
Tanjung First Mile Hub,115.389427,-2.142907
Sambas First Mile Hub,109.286545,1.373365
Cipondoh 2 First Mile Hub,106.686747,-6.198651
Samarinda Utara First Mile Hub,117.151184,-0.439319
Kandangan First Mile Hub,115.276415,-2.791865
Barabai First Mile Hub,115.372416,-2.57663
Amuntai Tengah First Mile Hub,115.246505,-2.420412
Sungai Kunjang First Mile Hub,117.093736,-0.534492
Samarinda First Mile Hub,117.123345,-0.4939
Banjarbaru First Mile Hub,114.847352,-3.461071
Tanjung Pinang Barat First Mile Hub,104.46989,0.91796
Sungai Pandan First Mile Hub,115.213438,-2.472496
Kisaran First Mile Hub,99.612476,2.97809
Balige First Mile Hub,99.060817,2.333984
Karimun First Mile Hub,103.423552,1.002389
Sidikalang First Mile Hub,98.323421,2.728358
Binjai First Mile Hub,98.486659,3.637653
Binjai Barat First Mile Hub,98.435792,3.608752
Sei Rampah First Mile Hub,99.135117,3.485879
Perbaungan First Mile Hub,99.005974,3.565955
Rantau Utara First Mile Hub,99.826743,2.092042
Tanjungpura First Mile Hub,98.426552,3.891047
Cinta Damai First Mile Hub,98.574256,3.591875
Tebing Tinggi Sumut First Mile Hub,99.152384,3.337579
Berastagi First Mile Hub,98.517535,3.196301
Pancur Batu First Mile Hub,98.587,3.503556
Kabanjahe First Mile Hub,98.508556,3.138861
Kuala First Mile Hub,96.287649,4.103469
Kota Solok First Mile Hub,100.664568,-0.801633
Koto Baru First Mile Hub,101.718682,-1.127429
Lima Kaum First Mile Hub,100.58426,-0.445624
Lubuk Basung First Mile Hub,100.018181,-0.320385
Lubuk Alung First Mile Hub,100.28938,-0.6785
Padang Panjang First Mile Hub,100.391049,-0.462454
Stabat First Mile Hub,98.45442,3.758722
Babalan First Mile Hub,98.305515,4.002677
Aek Kanopan First Mile Hub,99.617433,2.567493
Lubuk Pakam First Mile Hub,98.861894,3.584283
Tanjung Morawa First Mile Hub,98.795034,3.564745
Virtual FM Punggur Hub,105.288828,-5.101767
Virtual FM Pulau Rakyat Hub,99.648056,2.726479
Virtual FM Lubuk Linggau Selatan Hub,102.94262,-3.266825
Kota Juang First Mile Hub,96.726938,5.206277
Pasaman First Mile Hub,99.838408,0.116524
Medan Amplas First Mile Hub,98.734515,3.532648
Idi Rayeuk First Mile Hub,97.782818,4.935156
Langsa Kota First Mile Hub,97.956103,4.501932
Banda Sakti First Mile Hub,97.14443,5.179564
Mutiara Timur First Mile Hub,95.989984,5.264821
Lhoksukon First Mile Hub,97.328224,5.04405
Kota Sigli First Mile Hub,95.962314,5.355071
Johan Pahlawan First Mile Hub,96.137439,4.154709
Meureudu First Mile Hub,96.241722,5.235917
Dewantara First Mile Hub,97.006834,5.240177
Wih Pesam First Mile Hub,96.807558,4.720711
Payakumbuh Timur First Mile Hub,100.657592,-0.240465
Payakumbuh First Mile Hub,100.610364,-0.251933
Ampek Angkek First Mile Hub,100.436582,-0.288272
Pariaman First Mile Hub,100.128497,-0.638039
Banuhampu First Mile Hub,100.386692,-0.324055
Pasar Muara Bungo First Mile Hub,102.1231,-1.464099
Muara Bulian First Mile Hub,103.271496,-1.703072
Tanjung Jabung Barat First Mile Hub,103.460449,-0.819707
Sungai Penuh First Mile Hub,101.386534,-2.067677
Bangko First Mile Hub,102.276306,-2.040038
Giri Hub,114.365172,-8.18595
Benda 2 Hub,106.674393,-6.146882
Kemang Hub,106.754403,-6.49698
Koto Tangah First Mile Hub,100.336918,-0.828775
Padang First Mile Hub,100.359738,-0.934985
Kuranji First Mile Hub,100.397463,-0.912577
Sukodadi First Mile Hub,112.333543,-7.086549
Bukit Tinggi First Mile Hub,100.366605,-0.29103
Lubuk Begalung First Mile Hub,100.387921,-0.982874
Pangkalan Kerinci First Mile Hub,101.856702,0.409164
Tualang First Mile Hub,101.589184,0.670447
Tembilahan First Mile Hub,103.150766,-0.317102
Bengkalis First Mile Hub,102.127923,1.469741
Virtual FM Tanjungpura Hub,98.425391,3.908037
Jombang 2 First Mile Hub,112.214148,-7.528713
Virtual FM Gunung Terang Hub,105.108354,-4.290914
Virtual FM Sungai Raya Hub,109.366424,-0.185227
Pakusari First Mile Hub,113.793465,-8.171841
Denpasar Utara Hub,115.197653,-8.630951
Transit Point Logos DC,106.976294,-6.199728
Virtual FM Guguak Hub,100.528307,-0.125676
Virtual FM Banuhampu Hub,100.386116,-0.325447
Virtual FM Labuhan Badas Hub,117.40003,-8.474157
Virtual FM Ampek Angkek Hub,100.412506,-0.314639
Virtual FM Gerunggang Hub,106.09521,-2.120337
Virtual FM Binjai Barat Hub,98.46936,3.606297
Pamenang Barat Hub,102.514949,-2.114485
Mandonga Hub,122.511724,-3.961147
Jatiluhur Hub,107.437889,-6.524639
Pakusari Hub,113.793465,-8.171841
Virtual FM Lubuk Begalung Hub,100.389709,-0.981068
Virtual FM Gerung Utara Hub,116.119112,-8.681827
Virtual FM Sakra Barat Hub,116.4597,-8.706331
Virtual FM Jonggat Hub,116.241931,-8.685968
Virtual FM Batukliang Hub,116.316854,-8.61684
Citeureup Hub,106.87684,-6.512147
Kedawung Hub,108.53534,-6.706915
Medan Johor Hub,98.663123,3.539649
Pasirjambu First Mile Hub,107.481083,-7.087815
Sungai Kunjang Hub,117.093736,-0.534492
Lesanpuro Hub,112.641768,-8.021712
Ngemplak Hub,110.448868,-7.711768
Kayugeritan First Mile Hub,109.639647,-6.974563
Cilacap Utara Hub,109.041985,-7.665806
Batu First Mile Hub,112.536813,-7.881085
Kudus DC,110.876548,-6.83287
Kediri DC,112.045201,-7.859654
Sikur Hub,116.453835,-8.631436
Lape Hub,117.591036,-8.620412
Binangun Hub,112.365675,-8.225528
Pasean Hub,113.557737,-6.895341
Kerek Hub,111.86414,-6.956409
Temayang Hub,111.851723,-7.243004
Paiton Hub,113.499853,-7.750138
Kamal Hub,112.712985,-7.117338
Tapen Hub,113.932692,-7.85487
Bluto Hub,113.721225,-7.113439
Keboromo Hub,111.040316,-6.499782
Jatisrono Hub,111.141232,-7.828965
Triharjo Hub,110.16938,-7.835966
Bojongsari Hub,109.331417,-7.347583
Taman Pemalang Hub,109.386631,-6.908509
Megawon Hub,110.890056,-6.806333
Bawang Hub,109.653873,-7.400466
Lebaksiu Hub,109.13496,-7.045904
Moyudan Hub,110.262313,-7.760532
Klaten Tengah Hub,110.5786,-7.718446
Maja Hub,108.299962,-6.875693
Cicalengka Hub,107.868897,-7.008995
Jatisari Hub,107.53937,-6.363824
Sawah Gede Hub,107.148417,-6.816627
Cimanggis Hub,106.879196,-6.439252
Kibin Hub,106.303776,-6.135928
Sei Beduk Hub,104.049249,1.045337
Rumbai Hub,101.447917,0.56021
Ilir Timur II Hub,104.788736,-2.967489
Darul Makmur Hub,96.537404,3.997845
Kota Baru 2 Hub,103.550124,-1.632688
Sitinjau Laut Hub,101.457815,-2.091112
Ujung Padang Hub,99.52618,3.073106
Lubuk Begalung Hub,100.387921,-0.982874
Kayu Aro Hub,101.310328,-1.756165
Singkut Hub,102.713977,-2.516077
Landasan Ulin Hub,114.73367,-3.451459
Jatirogo First Mile Hub,111.644014,-6.874771
Ciawi Bogor 3 First Mile Hub,106.856885,-6.666179
Panongan First Mile Hub,106.531607,-6.28136
Landasan Ulin First Mile Hub,114.73367,-3.451459
Ranuyoso First Mile Hub,113.2411,-8.0135
Virtual FM Wanareja Hub,108.686534,-7.335253
SBS Denpasar DC,115.189465,-8.674696
Kunir Hub,113.175534,-8.207848
Ranuyoso Hub,113.2411,-8.0135
WH Airport Pontianak,109.403815,-0.144787
Wanareja Hub,108.691382,-7.33516
Karawang Timur Hub,107.315994,-6.309785
Banda Aceh First Mile Hub,95.352916,5.557705
Ngraho Hub,111.55055,-7.260378
Playen Hub,110.575912,-7.939275
Gerunggang Hub,106.097576,-2.110977
Gunung Terang Hub,105.063028,-4.326445
Gandus Hub,104.720245,-3.015394
Bajeng Hub,119.427139,-5.260806
Sungai Pandan Hub,115.213438,-2.472496
Palu Selatan Hub,119.879171,-0.922289
Bulukumba Hub,120.144098,-5.356899
Baturaden Hub,109.23233,-7.388519
Kelapa Lima Hub,123.626044,-10.145533
Pulau Rakyat Hub,99.616585,2.715284
Sei Rampah Hub,99.10797,3.510698
Nongsa Hub,104.124946,1.157448
Rengasdengklok Hub,107.299293,-6.20076
Cipeundeuy Hub,107.56985,-6.5043
Tarogong Hub,107.893463,-7.171367
Tomohon Hub,124.827737,1.312815
Tondano Selatan Hub,124.883955,1.288383
Godong Hub,110.771284,-7.023927
Megawon First Mile Hub,110.890056,-6.806333
Rantepao First Mile Hub,119.900317,-2.970052
Godong First Mile Hub,110.771284,-7.023927
Lendah First Mile Hub,110.195191,-7.925908
Virtual FM Kopang Hub,116.345126,-8.663308
Virtual FM Ampenan Hub,116.087553,-8.567621
Bonggo Hub,139.34027,-2.291096
Adiwerna First Mile Hub,109.110328,-6.926466
Jekan Raya Hub,113.879148,-2.237903
Lau Hub,119.569832,-4.966909
Pandaan Hub,112.690355,-7.659137
Kota Baru Karawang First Mile Hub,107.469096,-6.410728
Pabuaran Serang Hub,106.048317,-6.212478
Klaten Tengah First Mile Hub,110.5786,-7.718446
Tebo Ilir Hub,102.708455,-1.532481
Menteng First Mile Hub,106.841851,-6.193986
Kutorejo Hub,112.532944,-7.595694
Kutorejo First Mile Hub,112.532944,-7.595694
Piyungan Hub,110.448314,-7.828406
Kauman Ponorogo Hub,111.408389,-7.873023
Majalaya Kab. Karawang Hub,107.369172,-6.28059
Dewantara Hub,97.006834,5.240177
Lubuk Linggau Selatan Hub,102.94414,-3.267456
Jiken Hub,111.517969,-7.011629
Rajapolah Hub,108.181583,-7.217528
Pangkah Hub,109.158526,-6.98698
Tanjunganom Hub,112.01975,-7.695361
Kanigoro Hub,112.221052,-8.136759
Rajeg Hub,106.527131,-6.112416
Gunungsari Serang Hub,106.021471,-6.143143
Tlogowungu Hub,111.015818,-6.711712
Punggur Hub,105.275342,-5.049821
Tegalrejo Hub,110.353143,-7.778901
Sindangkasih Hub,108.232253,-7.298178
Krembung Hub,112.607571,-7.485545
Katapang Hub,107.55318,-6.99813
Selat Bali Hub,115.466555,-8.434138
Penyengat Rendah Hub,103.5552,-1.587693
Weru Hub,108.4989,-6.717846
Cikampek 2 Hub,107.455609,-6.408639
Cipocok Jaya Hub,106.173708,-6.141038
Sukmajaya 3 First Mile Hub,106.820355,-6.437285
Tirtomartani Hub,110.481134,-7.80944
Tirtomartani First Mile Hub,110.481134,-7.80944
Jati Agung Hub,105.338306,-5.320389
Jati Agung First Mile Hub,105.338306,-5.320389
Sungai Raya Hub,109.383786,-0.122596
Serpong Utara First Mile Hub,106.64545,-6.237425
Jumo Hub,110.122855,-7.237179
Singkawang Tengah Hub,108.984911,0.92789
Mojolaban Hub,110.905382,-7.583438
Tanjungpura Hub,98.426552,3.891047
Sakra Barat Hub,116.459287,-8.688298
Telukjambe Barat Hub,107.241268,-6.337947
Ayah Hub,109.404153,-7.659091
Serengan First Mile Hub,110.819595,-7.57604
Mutiara Timur Hub,95.989984,5.264821
Patrang Hub,113.713085,-8.154991
Tanggul First Mile Hub,113.460928,-8.165999
Kemiling Hub,105.210473,-5.386685
Kota Pekalongan Timur First Mile Hub,109.700358,-6.897661
Kota Pekalongan Timur Hub,109.700358,-6.897661
Ampelgading First Mile Hub,109.497368,-6.900791
Tomoni Hub,120.814333,-2.5265
Tanah Merah Hub,102.299289,-0.350669
Simo First Mile Hub,110.67866,-7.452229
Tombatu Timur Hub,124.730838,1.022759
Sinjai Utara Hub,120.250087,-5.130121
Siborong - Borong Hub,98.966442,2.185746
Seberida Hub,102.409506,-0.562255
Plered Hub,107.365628,-6.649646
Patallassang Hub,119.448744,-5.404292
Ngantang Hub,112.38075,-7.853694
Libureng Hub,120.093869,-4.913786
Kelua Hub,115.28022,-2.250553
Karangsambung Hub,109.681065,-7.563925
Kaliwiro Hub,109.847529,-7.471392
Gemolong Hub,110.824222,-7.403278
Darul Imarah Hub,95.355834,5.509326
Cibatu Hub,107.988143,-7.106149
Wirosari Hub,111.110785,-7.082817
Waru First Mile Hub,113.54626,-6.945191
Tanjung Balai First Mile Hub,99.782735,2.950301
Siantar First Mile Hub,99.08147,2.988289
Rambah First Mile Hub,100.308146,0.892738
Pandan First Mile Hub,98.822841,1.701956
Mandau First Mile Hub,101.181333,1.24825
Limau First Mile Hub,104.92916,-5.476431
Dumai First Mile Hub,101.409078,1.67714
Bangkinang First Mile Hub,101.032609,0.295143
Wonosari First Mile Hub,110.589972,-7.973168
Wates First Mile Hub,110.107157,-7.890252
Secang First Mile Hub,110.254697,-7.421524
Purwadadi First Mile Hub,107.689183,-6.469915
Pangandaran First Mile Hub,108.663096,-7.682396
Kuningan First Mile Hub,108.4867,-6.952113
Kraksaan First Mile Hub,113.438125,-7.756764
Karangawen First Mile Hub,110.592246,-7.048124
Kalibagor Hub,109.299138,-7.463154
Kalibagor First Mile Hub,109.299138,-7.463154
Ujung Tanjung Hub,101.0083,1.626708
Pameungpeuk Hub,107.737265,-7.648337
Pameungpeuk First Mile Hub,107.737265,-7.648337
Cibinong Cianjur First Mile Hub,107.122738,-7.2675
Cibinong Cianjur Hub,107.122738,-7.2675
Palenga'an Hub,113.473851,-7.116805
Wirosari First Mile Hub,111.110785,-7.082817
Geger First Mile Hub,111.530156,-7.725717
Ujung Tanjung First Mile Hub,101.0083,1.626708
Pantai Timur Hub,138.561536,-2.742856
Bonggo First Mile Hub,139.34027,-2.291096
Sarmi First Mile Hub,138.752668,-1.873041
Pantai Timur First Mile Hub,138.561536,-2.742856
Pantai Barat Hub,138.2466,-1.774221
Pantai Barat First Mile Hub 2,138.2466,-1.774221
Tenayan Raya Hub,101.51568,0.492004
Sumedang Selatan Hub,107.917067,-6.836445
Ngrambe First Mile Hub,111.188982,-7.515842
Virtual FM Payakumbuh Timur Hub,100.657592,-0.240465
Virtual FM Tanjung Pinang Barat Hub,104.44962,0.908088
Sumberrejo First Mile Hub,112.024178,-7.171285
Sumberrejo Hub,112.024178,-7.171285
Adiwerna Hub,109.110328,-6.926466
Gerokgak Hub,114.710734,-8.156705
Salaman Hub,110.114021,-7.566572
Binjai Barat Hub,98.442344,3.606955
Ampek Angkek Hub,100.436582,-0.288272
Pontianak Timur First Mile Hub,109.357155,-0.03902
Pulung First Mile Hub,111.621652,-7.87639
Pacitan First Mile Hub,111.115861,-8.184917
Semin First Mile Hub,110.732241,-7.841896
Air Putih Hub,99.329757,3.301893
Barumun Hub,99.767282,1.050692
Bagan Sinembah First Mile Hub,100.415827,1.690804
Tapung Hilir First Mile Hub,101.118289,0.722979
Kutoarjo First Mile Hub,109.886427,-7.726179
Ponorogo First Mile Hub,111.464787,-7.848654
Tanjung Priok First Mile Hub,106.865024,-6.1563
Pamekasan First Mile Hub,113.471336,-7.198508
Jetis First Mile Hub,110.318065,-7.976181
Kalapa Nunggal Hub,106.65512,-6.80954
Dolok Batu Nanggar Hub,99.147104,3.119925
Percut Sei Tuan 2 Hub,98.73043,3.689523
Dolok Masihul Hub,99.015063,3.342802
Sukapura Hub,113.057693,-7.82634
Buleleng First Mile Hub,115.040911,-8.15253
Arjosari Hub,111.15501,-8.124636
Rembang First Mile Hub,111.369307,-6.720364
Sukabumi First Mile Hub,106.912306,-6.942417
Sangir Hub,101.247983,-1.54541
Natal Hub,99.11106,0.569319
Singingi First Mile Hub,101.349811,-0.334028
Karangdadap First Mile Hub,109.693752,-6.965712
Kalapa Nunggal First Mile Hub,106.65512,-6.80954
Tanjung Karang Barat First Mile Hub,105.243725,-5.401347
Rantau Selatan Hub,99.854427,2.076451
Soreang Parepare First Mile Hub,119.637309,-3.99378
Sukapura First Mile Hub,113.057693,-7.82634
Seririt First Mile Hub,114.938994,-8.192327
Sepulu First Mile Hub,112.967797,-6.897202
Wanayasa Hub,109.748592,-7.251275
Banjarnegara First Mile Hub,109.679479,-7.399289
Guguak Hub,100.573506,-0.161453
Pangururan Hub,98.693109,2.687667
Salapian Hub,98.300363,3.485561
Pringsewu First Mile Hub,104.978512,-5.351236
Bangkalan First Mile Hub,112.80625,-7.063831
Selemadeg First Mile Hub,115.034075,-8.49992
Pulung Hub,111.621652,-7.87639
Pallangga First Mile Hub,119.445718,-5.220897
Pematang Bandar Hub,99.284042,3.077446
Tempilang Hub,105.669248,-2.077285
Cimahi Tengah Hub,107.544521,-6.87107
Karangmalang Hub,111.023936,-7.449136
Wanayasa First Mile Hub,109.748592,-7.251275
Pangkah First Mile Hub,109.158526,-6.98698
Lembah Melintang Hub,99.567406,0.255449
Padang Bolak Hub,99.612463,1.48768
Pesisir Tengah Hub,103.937445,-5.177602
Tapung Hilir Hub,101.206166,0.802416
Blega First Mile Hub,113.057553,-7.129457
Virtual Karawang DC,107.317586,-6.37998
Virtual Cikarang Barat DC,107.097996,-6.293023
Virtual Tapos DC,106.861297,-6.411225
Jambi 2 DC,103.632393,-1.642859
Karangjati Hub,111.566142,-7.447147
Ngadirojo Hub,111.328144,-8.207388
Kosambi 3 First Mile Hub,106.679785,-6.080889
Metro Barat First Mile Hub,105.297996,-5.134806
Dumai Timur Hub,101.455313,1.663848
Suradadi Hub,109.276958,-6.899107
Pasar Minggu Hub,106.845833,-6.275
Sedan First Mile Hub,111.559319,-6.777023
Tanjung Pinang Barat Hub,104.46989,0.91796
Jonggat Hub,116.234752,-8.686617
Payakumbuh Timur Hub,100.657592,-0.240465
Labuhan Badas Hub,117.392143,-8.477294
Lembah Gumanti Hub,100.781829,-1.081453
Sidoarjo 2 Hub,112.734332,-7.458045
Jaya Baru Hub,95.30225,5.533111
Gerung Utara Hub,116.115881,-8.686395
Palakka Hub,120.268944,-4.515006
Kramat First Mile Hub,109.189571,-6.894133
Kuantan Tengah First Mile Hub,101.555308,-0.529138
Kuantan Tengah Hub,101.555308,-0.529138
Keling Hub,110.864085,-6.481064
Sukodadi Hub,112.333543,-7.086549
Tanjung Brebes Hub,108.859191,-6.875137
Pangalengan Hub,107.577914,-7.179076
Wonocolo First Mile Hub,112.731572,-7.338144
Wanasari Hub,109.006555,-6.873753
Pangalengan First Mile Hub,107.577914,-7.179076
Ngasem Hub,111.760951,-7.289898
Cipadung Kulon Hub,107.708389,-6.926333
Banuhampu Hub,100.386692,-0.324055
Sedati Hub,112.761146,-7.374145
Ngaglik First Mile Hub,110.366377,-7.697291
Asembagus First Mile Hub,114.190984,-7.751135
Blega Hub,113.057553,-7.129457
Tegal First Mile Hub,109.123736,-6.890209
Tengaran First Mile Hub,110.516003,-7.408278
Tengaran Hub,110.516003,-7.408278
Bagan Hulu Hub,100.808194,2.168361
Bagan Hulu First Mile Hub,100.807373,2.148482
Pontianak Barat First Mile Hub,109.314516,-0.007421
Bekasi Timur 3 First Mile Hub,106.987062,-6.299037
Magelang Tengah Hub,110.214161,-7.481131
Moga First Mile Hub,109.245439,-7.11104
Moga Hub,109.245439,-7.11104
Tampan Hub,101.379045,0.405757
Magelang Tengah First Mile Hub,110.214161,-7.481131
Bekasi Timur 3 Hub,106.987062,-6.299037
Kroya Indramayu First Mile Hub,108.062915,-6.494942
Pamanukan First Mile Hub,107.80819,-6.286963
Indramayu First Mile Hub,108.340695,-6.337283
Kalideres 4 First Mile Hub,106.699902,-6.153236
Grabag Hub,109.912238,-7.783618
Grabag First Mile Hub,109.897083,-7.828139
Mandiraja Hub,109.518778,-7.452889
Mandiraja First Mile Hub,109.518778,-7.452889
Mantrijeron Hub,110.355048,-7.823481
Mantrijeron First Mile Hub,110.355048,-7.823481
Kradenan First Mile Hub,111.133267,-7.126157
Nganjuk First Mile Hub,111.918734,-7.612532
Batang First Mile Hub,109.718722,-6.931297
Pakis Hub,110.334381,-7.451994
Pakis First Mile Hub,110.334381,-7.451994
Bandongan Hub,110.1942,-7.467748
Bandongan First Mile Hub,110.1942,-7.467748
Gondang First Mile Hub,112.046596,-7.60534
Lumajang First Mile Hub,113.217673,-8.12491
Singkawang First Mile Hub,108.980858,0.904191
Gesi Hub,111.061812,-7.326619
Kota Agung Lahat Hub,103.430511,-4.031522
Baturetno Hub,110.956825,-7.944018
Puri Hub,112.400787,-7.533908
Cibadak Hub,106.794765,-6.894267
Kampak First Mile Hub,111.694811,-8.143523
Magetan First Mile Hub,111.315376,-7.649875
Adipala First Mile Hub,109.135432,-7.65727
Gapura Hub,113.982992,-7.003952
Driyorejo Hub,112.632297,-7.362699
Krian First Mile Hub,112.554628,-7.416987
Kedopok First Mile Hub,113.221915,-7.750092
Baturetno First Mile Hub,110.956825,-7.944018
Puri First Mile Hub,112.400787,-7.533908
Mojowarno Jombang Hub,112.295588,-7.643167
Mojowarno Jombang First Mile Hub,112.295588,-7.643167
Prembun Hub,109.796413,-7.713027
Prembun First Mile Hub,109.796321,-7.71314
Ujung Batu Hub,100.534085,0.709547
Ujung Batu First Mile Hub,100.534085,0.709547
Purwoharjo Hub,114.220461,-8.484495
Bogor Tengah Hub,106.787954,-6.584515
Simpang Empat Hub,99.707778,2.916389
Rao Hub,100.020234,0.559562
Ngawi DC,111.589967,-7.447646
Cirebon DC,108.492765,-6.704469
Rancaekek DC,107.808539,-6.96296
Larangan First Mile Hub,109.005933,-6.959167
Blora First Mile Hub,111.408492,-6.977281
Petanahan First Mile Hub,109.588934,-7.74777
Widasari First Mile Hub,108.291322,-6.467539
Besuki First Mile Hub,113.69657,-7.732784
Sukowono First Mile Hub,113.831792,-8.056511
Penjaringan 8 First Mile Hub,106.733179,-6.122695
Pasar Kemis 2 First Mile Hub,106.536615,-6.161112
Kosambi 4 First Mile Hub,106.676036,-6.095431
Sukoharjo DC,110.805414,-7.586324
Benowo 3 DC,112.653268,-7.200698
Banjarmasin 2 DC,114.677491,-3.447214
Virtual Semarang DC,110.34597,-7.017135
Medan DC,98.762442,3.526575
Virtual Banyumas DC,109.280522,-7.450453
Pekanbaru 2 DC,101.407163,0.59781
Bandung Kopo DC,107.587282,-6.960373
Berbah DC,110.446271,-7.803702
Virtual Surabaya DC,112.661091,-7.22125
Tapos DC,106.861297,-6.411225
Virtual FM Cinta Damai Hub,98.612946,3.596724
Virtual FM Koto Baru Hub,101.718549,-1.128086
Virtual FM Sidomulyo Hub,105.524729,-5.581518
Bumiayu First Mile Hub,108.97341,-7.260758
Brebes First Mile Hub,109.059452,-6.875918
Mengwi First Mile Hub,115.186464,-8.598362
Sumowono First Mile Hub,110.322619,-7.232624
Sumowono Hub,110.322619,-7.232624
Abang Hub,115.614027,-8.33362
Balonggede First Mile Hub,107.610695,-6.929637
Balonggede Hub,107.610695,-6.929637
Gebog First Mile Hub,110.829299,-6.77501
Senen Hub,106.840528,-6.180083
Kajen Hub,109.582349,-7.025721
Kajen First Mile Hub,109.582349,-7.025721
Banyu Anyar First Mile Hub,113.306215,-7.858897
Kalideres 2 First Mile Hub,106.717924,-6.145404
Neglasari 3 First Mile Hub,106.626229,-6.134514
Tambakrejo First Mile Hub,112.777,-7.359649
Tanjung Priok 6 First Mile Hub,106.880542,-6.133492
Cisarua Bogor Hub,106.87382,-6.654151
Coblong Hub,107.617119,-6.876991
Coblong First Mile Hub,107.617119,-6.876991
Tulis Hub,109.769067,-6.932623
Tulis First Mile Hub,109.769067,-6.932623
Sokobanah Hub,113.440384,-6.891725
Gebog Hub,110.829299,-6.77501
Cengkareng 5 First Mile Hub,106.764793,-6.143812
Cicalengka First Mile Hub,107.851381,-6.997828
Cisalak First Mile Hub,107.758978,-6.711622
Cisalak Hub,107.758978,-6.711622
Pasar Rebo First Mile Hub,106.856242,-6.296042
Pasar Rebo Hub,106.856242,-6.296042
Lhoksukon Hub,97.328224,5.04405
Driyorejo First Mile Hub,112.632297,-7.362699
Bogor Barat First Mile Hub,106.75486,-6.56877
Loceret Hub,111.894028,-7.64725
Loceret First Mile Hub,111.894028,-7.64725
Virtual FM Sungai Pinang Hub,117.155877,-0.497296
Virtual FM Samarinda Seberang Hub,117.128487,-0.52712
Virtual Kosambi DC,106.67412,-6.097843
Pondokgede Hub,106.940379,-6.289086
Pondokgede First Mile Hub,106.926994,-6.287413
Purwoharjo First Mile Hub,114.220461,-8.484495
Ambulu First Mile Hub,113.607649,-8.337795
Cileungsi First Mile Hub,106.974631,-6.423194
Penjaringan 4 First Mile Hub,106.787914,-6.12918
Cakung 3 First Mile Hub,106.917828,-6.20086
Tegal 2 DC,109.16586,-6.860362
Margaasih First Mile Hub,107.5433,-6.964839
Seberang Ulu I Hub,104.772863,-3.013662
Mojoroto First Mile Hub,111.984167,-7.827594
Kebon Jeruk 2 First Mile Hub,106.765377,-6.162513
Tarumajaya Hub,106.991499,-6.134777
Tarumajaya First Mile Hub,106.991499,-6.134777
Pagaden Hub,107.809298,-6.48821
Pagaden First Mile Hub,107.809298,-6.48821
Kebon Jeruk 4 First Mile Hub,106.774781,-6.16331
Cengkareng 2 First Mile Hub,106.747849,-6.152568
Kuranji Hub,100.397463,-0.912577
Depok DC,106.861297,-6.411225
Dempet Hub,110.711574,-6.968586
Penjaringan 2 First Mile Hub,106.722016,-6.109815
Gambir 2 First Mile Hub,106.823607,-6.162383
Pulomerak Hub,105.999782,-5.958847
Adipala Hub,109.135432,-7.65727
Cibeureum First Mile Hub,108.240111,-7.337827
Cikarang Utara First Mile Hub,107.14768,-6.267673
Tamansari Bogor First Mile Hub,106.765011,-6.643839
Sawah Besar 2 Hub,106.834092,-6.16161
Sawah Besar 2 First Mile Hub,106.834092,-6.16161
Virtual LM Panakkukang Hub,119.438378,-5.143109
WH Airport Banjarmasin,114.764337,-3.437931
WH Lion Parcel Banjarmasin,114.624039,-3.351922
WH Lion Parcel Jabo,106.690956,-6.166878
Teluknaga First Mile Hub,106.653879,-6.071793
Virtual FM Aikmel Hub,116.537841,-8.572761
Virtual FM Gabek Hub,106.085806,-2.109699
Benowo Hub,112.620467,-7.238645
Larangan Kota Tangerang First Mile Hub,106.746895,-6.241553
Anyar Hub,105.924269,-6.049503
Boja First Mile Hub,110.268725,-7.10562
Banjarmasin First Mile Hub,114.640196,-3.367233
Balong First Mile Hub,111.434016,-7.966538
Blimbing First Mile Hub,112.649709,-7.937525
Cipayung Jakarta Timur 2 Hub,106.891846,-6.290121
Gabek Hub,106.109099,-2.1038
Jambi Timur Hub,103.645249,-1.604213
Sukorejo Kendal First Mile Hub,110.033556,-7.0845
Magelang First Mile Hub,110.24412,-7.396411
Blitar First Mile Hub,112.187317,-8.088971
Singosari Hub,112.662544,-7.900595
Singosari First Mile Hub,112.662544,-7.900595
Wonoasri First Mile Hub,111.646007,-7.548514
Weleri First Mile Hub,110.071403,-6.984067
Ngawi First Mile Hub,111.411688,-7.402836
Madiun First Mile Hub,111.533846,-7.618918
Kendal First Mile Hub,110.172785,-6.923835
Gunungpati First Mile Hub,110.39701,-7.068242
Kaliwungu First Mile Hub,110.262991,-6.963011
Gunungpati Hub,110.39701,-7.068242
Telagasari Hub,107.397667,-6.289222
Sidomulyo Hub,105.522068,-5.620878
Jrengik Hub,113.194337,-7.150843
Gedong Tataan Hub,105.087051,-5.375165
Cipeucang Hub,106.024438,-6.366076
Ciasem First Mile Hub,107.671499,-6.335338
Gunungpuyuh Hub,106.942872,-6.926047
Gunungpuyuh First Mile Hub,106.942872,-6.926047
Candipuro First Mile Hub,113.137844,-8.226563
Sungai Pinang Hub,117.156846,-0.478425
Semanding Hub,112.073681,-6.909376
Semanding First Mile Hub,112.073681,-6.909376
Telanaipura First Mile Hub,103.571956,-1.589912
Kota Baru First Mile Hub,103.60135,-1.646299
Jambi First Mile Hub,103.640028,-1.622056
Cilegon First Mile Hub,106.055199,-6.022807
Bengkong Hub,104.040831,1.136921
Cengkareng DC,106.70264,-6.152381
Virtual FM Siantar Selatan Hub,99.06301,2.94399
Virtual FM Balikpapan Timur Hub,116.947086,-1.239329
Virtual FM Malalayang Hub,124.826487,1.462925
Kejayan Hub,112.902859,-7.701244
Bangkalan Kota Hub,112.761063,-7.043367
Purwokerto Timur Hub,109.256489,-7.421644
Bukit Intan Hub,106.146776,-2.164532
Ciputat 2 Hub,106.726024,-6.303521
Ketahun Hub,101.848204,-3.358744
Bojongsoang Hub,107.652816,-6.987807
Jatiwangi First Mile Hub,108.270334,-6.774291
Mejayan Hub,111.654579,-7.550112
Jatiwangi Hub,108.270334,-6.774291
Cibarusah Hub,107.100441,-6.422232
Payung Sekaki Hub,101.405383,0.516868
Sukmajaya 4 Hub,106.849009,-6.405297
Ampelgading Hub,109.497368,-6.900791
Indihiang First Mile Hub,108.1942,-7.275606
Cisurupan First Mile Hub,107.793587,-7.313586
Cilimus First Mile Hub,108.507397,-6.849676
Subang First Mile Hub,107.757184,-6.55395
Selaawi First Mile Hub,108.021004,-7.005925
Samarang First Mile Hub,107.81394,-7.22274
Purwakarta First Mile Hub,107.436053,-6.529021
Majalengka First Mile Hub,108.208782,-6.750927
Kota Banjar First Mile Hub,108.541829,-7.379817
Kawali First Mile Hub,108.37633,-7.189446
Kab. Garut First Mile Hub,107.899273,-7.073512
Ciamis First Mile Hub,108.341302,-7.326472
Yogyakarta DC,110.373697,-7.82977
Kuala Hub,96.287649,4.103469
Cinta Damai Hub,98.574256,3.591875
Pangkalan Koto Hub,100.744272,0.072719
Warunggunung Hub,106.177306,-6.340667
Semarang Tengah Hub,110.415225,-6.976178
Arjawinangun First Mile Hub,108.386697,-6.632182
Arjawinangun Hub,108.417465,-6.663385
Meureudu Hub,96.241722,5.235917
Larangan Kota Tangerang 2 Hub,106.72383,-6.229366
Koto Baru Hub,101.718682,-1.127429
Wih Pesam Hub,96.807558,4.720711
Manggala Hub,119.494637,-5.159733
Kendangsari Hub,112.748237,-7.319152
Kendangsari First Mile Hub,112.748237,-7.319152
Wonogiri First Mile Hub,110.922316,-7.806385
Temanggung First Mile Hub,110.198518,-7.334939
Salatiga First Mile Hub,110.506153,-7.3548
Purwodadi First Mile Hub,110.904228,-7.091446
Gubug First Mile Hub,110.6641,-7.055887
Demak First Mile Hub,110.611852,-6.914015
Banyuputih First Mile Hub,109.928751,-6.973631
Bandar First Mile Hub,109.829056,-7.064389
Tamalate First Mile Hub,119.412334,-5.179054
Tallo First Mile Hub,119.440261,-5.108571
Buaran First Mile Hub,109.647186,-6.948948
Wonosobo First Mile Hub,109.906697,-7.347657
Purwantoro First Mile Hub,111.263389,-7.838222
Ngadirejo First Mile Hub,110.070306,-7.23425
Kebumen First Mile Hub,109.670452,-7.683116
Kalikajar First Mile Hub,109.955083,-7.396972
Palembang First Mile Hub,104.775535,-2.96856
Sukorejo Kendal Hub,110.033556,-7.0845
Sukolilo Hub,112.76256,-7.300825
Pasar Kemis First Mile Hub,106.556041,-6.178503
Pasar Kemis Hub,106.556041,-6.178503
Muara Tembesi Hub,103.134127,-1.721568
Kaur Selatan Hub,103.354128,-4.795216
Kemuning Hub,104.756376,-2.959496
Depok Hub,110.399969,-7.752832
Siantar Selatan Hub,99.061255,2.946636
Kabanjahe Hub,98.508556,3.138861
Sumbersari Hub,113.694874,-8.207591
Ampenan Hub,116.103439,-8.564299
Virtual FM Binamu Hub,119.7623,-5.681
Virtual FM Gorontalo Hub,123.0488,0.557194
Virtual FM Ujung Bulu Hub,120.19274,-5.541218
Virtual FM Tanete Riattang Hub,120.323246,-4.53998
Virtual FM Barru Hub,119.62237,-4.397019
Virtual FM Bantaeng Hub,119.9443,-5.54577
Sungai Bahar Hub,103.416518,-1.964613
Virtual FM Watang Sawitto Hub,119.652001,-3.8055
Virtual FM Pangkajene Hub,119.546085,-4.82853
Virtual FM Turikale Hub,119.566672,-5.04288
Virtual FM Ternate Hub,127.385512,0.789903
Virtual FM Soreang Parepare Hub,119.636323,-3.99038
Virtual FM Baguala Hub,128.238154,-3.62905
Virtual FM Makale Utara Hub,119.87252,-3.0457
Virtual FM Lalabata Hub,119.875735,-4.40384
Virtual FM Maritengngae Hub,119.779492,-3.918029
Virtual FM Masamba Hub,120.352189,-2.550305
Virtual FM Belopa Hub,120.37126,-3.4072
Penebel Hub,115.143278,-8.432167
Selemadeg Hub,115.034075,-8.49992
Plampang Hub,117.789884,-8.794622
Kuta Utara Hub,115.178415,-8.637224
Binuang Hub,115.078508,-3.126775
Batukliang Hub,116.316854,-8.61684
Kopang Hub,116.345126,-8.663308
Mendoyo Hub,114.770129,-8.401436
Aikmel Hub,116.537704,-8.57236
Kubutambahan Hub,115.192811,-8.074223
Sekupang Hub,103.957927,1.106469
Bebesen Hub,96.834549,4.637131
Ipuh Hub,101.491833,-3.008632
Argamakmur Hub,102.204755,-3.431733
Wiradesa Hub,109.631812,-6.890516
Wiradesa First Mile Hub,109.631812,-6.890516
Depok 2 First Mile Hub,110.464964,-7.760445
Depok 2 Hub,110.464964,-7.760445
Purwasari Hub,107.400696,-6.386663
Laweyan Hub (Not In Operation),110.776001,-7.55796
Laweyan First Mile Hub,110.749048,-7.559409
Cibabat First Mile Hub,107.576853,-6.808908
Cibabat Hub,107.576853,-6.808908
Martapura Kalimantan Hub,114.886476,-3.436868
Samarinda Seberang Hub,117.14999,-0.526595
Banjarmasin Timur Hub,114.629057,-3.342386
Mantikulore Hub,119.883865,-0.824503
Poasia Hub,122.546946,-4.013812
Sirimau Hub,128.205046,-3.68138
Ternate Selatan Hub,127.366968,0.773504
Panakkukang Hub,119.438374,-5.143121
Balikpapan Timur Hub,116.976526,-1.20788
Banjarmasin Selatan Hub,114.59711,-3.351562
Dungingi Hub,123.034995,0.593415
Abiansemal Hub,115.2108,-8.541349
Tampak Siring Hub,115.3089,-8.443353
Payangan Hub,115.243103,-8.453671
Denpasar Timur Hub,115.248778,-8.635025
Pontianak Barat Hub,109.320489,-0.013613
Uluwatu Hub,115.171694,-8.775139
Malalayang Hub,124.799471,1.459827
Pitumpanua Hub,120.323709,-3.822063
Kebomas Hub,112.620946,-7.152673
(NOT IN OPERATION) Service Point Grand Harmoni,106.78251,-6.638032
(TNOT IN OPERATION) Service Point Taman Holis Indah 2,107.564802,-6.940419
Tanah Abang 3 Hub,106.805422,-6.20289
Virtual FM Lemahabang Cirebon Hub,108.620469,-6.833007
Virtual FM Palimanan Hub,108.415216,-6.704814
Purabaya Hub,106.880019,-7.105024
Ciawi Bogor Hub,106.825861,-6.708696
Taktakan Hub,106.133148,-6.09709
Virtual FM Putussibau Hub,112.93629,0.840051
Virtual FM Selat Hub,114.3844,-3.006751
Virtual FM Tanjung Redeb Hub,117.500873,2.151021
Virtual FM Muara Teweh Hub,114.900004,-0.948181
Virtual FM Paringin Hub,115.466079,-2.33139
Virtual FM Sragen Hub,111.025566,-7.438946
Virtual FM Jogonalan Hub,110.553643,-7.725689
Virtual FM Klaten Hub,110.597751,-7.707179
Virtual FM Delanggu Hub,110.706076,-7.607225
Virtual FM Tarakan Barat Hub,117.573669,3.337961
Virtual FM Bontang Hub,117.48198,0.12911
Virtual FM Tanjung Hub,115.389427,-2.142907
Virtual FM Tanah Grogot Hub,116.196864,-1.91515
Virtual FM Sangatta Hub,117.533498,0.493179
Virtual FM Tenggarong Hub,116.99803,-0.451163
Virtual FM Baamang Hub,112.95632,-2.508
Virtual FM Arut Selatan Hub,111.662534,-2.669335
Virtual FM Kasongan Hub,113.388893,-1.895015
Virtual FM Sukoharjo Hub,110.952931,-7.588375
Virtual FM Matesih Hub,111.121949,-7.668782
Virtual FM Karanganyar Hub,110.771263,-7.533355
Virtual FM Kab. Garut Hub,107.930685,-7.11444
Virtual FM Samarang Hub,107.844823,-7.21399
Virtual FM Selaawi Hub,108.008075,-7.0198
Virtual FM Cisurupan Hub,107.801692,-7.360703
Virtual FM Ciledug Kulon Hub,108.747978,-6.904687
Virtual FM Wara Hub,120.200863,-3.00311
Virtual FM Cirebon Hub,108.548087,-6.684624
Virtual FM Oebobo Hub,123.595352,-10.165031
Virtual FM Seririt Hub,114.942909,-8.192492
Virtual FM Tabanan Hub,115.12027,-8.545983
Virtual FM Karangasem Hub,115.603683,-8.458231
Virtual FM Klungkung Hub,115.405685,-8.542574
Virtual FM Negara Hub,114.629112,-8.360546
Virtual FM Kintamani Hub,115.347744,-8.273147
Virtual FM Bangli Hub,115.35022,-8.486405
Pakis Malang Hub,112.706178,-7.954683
Babelan 2 Hub,107.045077,-6.168201
Virtual FM Palembang Hub,104.794658,-2.963985
Virtual FM Lima Kaum Hub,100.58715,-0.448329
Virtual FM Kertapati Hub,104.74269,-3.050964
Virtual FM Tualang Hub,101.592033,0.676844
Virtual FM Dumai Hub,101.434092,1.669051
Virtual FM Siak Hub,102.053725,0.801453
Virtual FM Tarutung Hub,98.97884,2.018149
Virtual FM Rambah Hub,100.297057,0.882044
Virtual FM Padang Panjang Hub,100.3856,-0.46528
Virtual FM Bagan Sinembah Hub,100.453867,1.67557
Virtual FM Pangkalan Kuras Hub,102.066126,0.123584
Virtual FM Pangkalan Kerinci Hub,101.877066,0.367408
Virtual FM Panyabungan Hub,99.562654,0.84385
Virtual FM Singingi Hub,101.346854,-0.390197
Virtual FM Pekanbaru Hub,101.393316,0.490834
Virtual FM Bangkinang Hub,101.023259,0.34552
Virtual FM Rengat Hub,102.541772,-0.36975
Virtual FM Tembilahan Hub,103.152743,-0.319854
Virtual FM Mandau Hub,101.19282,1.267732
Virtual FM Bengkalis Hub,102.117722,1.472241
Jakarta Return DC,106.891023,-6.138366
Setiabudi Hub,106.849964,-6.233961
Pademangan Hub,106.814393,-6.127304
Denpasar Selatan Hub,115.225307,-8.712111
Virtual FM Tanjung Jabung Barat Hub,103.461171,-0.823587
Virtual FM Sarolangun Hub,102.69473,-2.303335
Virtual FM Kota Curup Hub,102.5214,-3.48
Virtual FM Kota Sigli Hub,95.954786,5.381449
Virtual FM Mukomuko Hub,101.10177,-2.554801
Virtual FM Sungai Penuh Hub,101.39982,-2.06168
Virtual FM Kepahiang Hub,102.571324,-3.643603
Virtual FM Karimun Hub,103.423552,1.002389
Virtual FM Kota Juang Hub,96.72535,5.2061
Virtual FM Langsa Kota Hub,97.977236,4.466708
Virtual FM Tebo Tengah Hub,102.42815,-1.463089
Virtual FM Rimbo Bujang Hub,102.109605,-1.305727
Virtual FM Tanjung Jabung Timur Hub,103.81685,-1.245582
Virtual FM Tebing Tinggi Jambi Hub,103.077549,-1.011847
Virtual FM Kota Manna Hub,102.918233,-4.46205
Virtual FM Banda Sakti Hub,97.14433,5.1795
Virtual FM Idi Rayeuk Hub,97.791596,4.92836
Virtual FM Karang Baru Hub,98.051286,4.289345
Virtual FM Johan Pahlawan Hub,96.137952,4.1555
Cikarang Selatan 2 Hub,107.109399,-6.347001
Pedurungan First Mile Hub,110.478166,-7.012794
Inventory Warehouse,106.880653,-6.143564
Ngoro Hub,112.237887,-7.644879
Virtual FM Mangunreja Hub,108.050689,-7.376787
Virtual FM Kroya Indramayu Hub,108.059388,-6.530748
Virtual FM Ciasem Hub,107.665461,-6.33196
Virtual FM Telukjambe Timur Hub,107.291912,-6.322337
Virtual FM Surade Hub,106.583942,-7.319146
Ngunut Hub,112.033754,-8.10559
Bukit Raya Hub,101.462211,0.502137
Kebon Jeruk 6 Hub,106.768886,-6.187505
Virtual FM Petanahan Hub,109.587072,-7.742574
Ciledug Kota Tangerang 2 Hub,106.716151,-6.227811
Kalikajar Hub,109.955083,-7.396972
Cilimus Hub,108.507397,-6.849676
Ngrambe Hub,111.188982,-7.515842
Kauman Hub,111.871161,-8.063135
Kayen Hub,110.993339,-6.880615
Penjaringan 3 First Mile Hub,106.788876,-6.13917
Gianyar First Mile Hub,115.310792,-8.548082
Virtual FM Dompu Hub,118.4611,-8.52867
Virtual FM Taliwang Hub,116.8196,-8.76182
Virtual FM Rantau Utara Hub,99.82572,2.087714
Virtual FM Batubara Hub,99.41897,3.166424
Virtual FM Gunung Sitoli Hub,97.61468,1.280469
Virtual FM Padang Sidempuan Hub,99.2771,1.373929
Virtual FM Balige Hub,99.08325,2.333712
Virtual FM Kota Baru Kalsel Hub,116.2327,-3.24002
Virtual FM Banjarmasin Hub,114.674,-3.41255
Virtual FM Barabai Hub,115.383159,-2.580833
Virtual FM Marabahan Hub,114.759981,-2.981345
Virtual FM Kota Pinang Hub,100.0832,1.897467
Virtual FM Dolok Sanggul Hub,98.74857,2.251991
Virtual FM Sambas Hub,109.286861,1.375052
Virtual FM Sandai Hub,110.531113,-1.247134
Virtual FM Ketapang Kalbar Hub,109.978745,-1.83296
Virtual FM Sungai Pinyuh Hub,109.08098,0.275904
Virtual FM Mempawah Hub,108.958238,0.364051
Virtual FM Sanggau Hub,110.594943,0.122955
Paciran First Mile Hub,112.332527,-6.868261
Virtual FM Tayan Hilir Hub,110.092611,0.035049
Matesih Hub,111.054348,-7.654105
Salatiga Hub,110.506153,-7.3548
Pakel Hub,111.786609,-8.185578
Jatiasih 3 Hub,106.96953,-6.296083
Virtual FM Sekadau Hilir Hub,110.8861,0.020259
Virtual FM Landak Hub,109.9021,0.317051
Virtual FM Melawi Hub,111.6063,-0.28917
Virtual FM Bengkayang Hub,109.494874,0.845123
Virtual FM Pallangga Hub,119.445702,-5.220876
Virtual FM Tapin Utara Hub,115.160118,-2.93136
Virtual FM Sidikalang Hub,98.33728,2.734119
Virtual FM Pandan Hub,98.820532,1.696055
Virtual FM Pemangkat Hub,108.974043,1.17754
Virtual FM Sintang Hub,111.478049,0.057869
Virtual FM Sukadana Kalbar Hub,109.949478,-1.239993
Virtual FM Sungai Kakap Hub,109.240529,-0.073209
Candipuro Hub,113.137844,-8.226563
Ciledug Kulon Hub,108.749038,-6.894584
Matraman First Mile Hub,106.866532,-6.194095
Balapulang Hub,109.086932,-7.079525
Sugihwaras Hub,111.954133,-7.288235
Kroya Indramayu Hub,108.062915,-6.494942
Ciwidey Hub,107.444943,-7.1153
Virtual FM Pedurungan Hub,110.4774,-6.96498
Virtual FM Lempuing Hub,104.8977,-3.84475
Virtual FM Kayu Agung Hub,104.83135,-3.3952
Virtual FM Pasar Muara Bungo Hub,102.1015,-1.50111
Virtual FM Toboali Hub,106.480225,-3.003647
Virtual FM Lubuk Alung Hub,100.2894,-0.6792
Virtual FM Sijunjung Hub,100.913,-0.65236
Virtual FM Payakumbuh Hub,100.632041,-0.223868
Virtual FM Lahat Hub,103.55501,-3.771976
Virtual FM Bungursari Hub,107.476938,-6.490065
Virtual FM Sukatani Hub,107.40402,-6.634113
Virtual FM Kota Baru Hub,103.573291,-1.659086
Virtual FM Purwakarta Hub,106.697161,-6.129547
Virtual FM Pondok Salam Hub,107.484886,-6.601083
Virtual FM Luragung Hub,108.619225,-7.01369
Virtual FM Nusaherang Hub,108.432893,-7.011988
Virtual FM Kuningan Hub,108.491005,-6.90102
Virtual FM Nanggulan Hub,110.212532,-7.747327
Virtual FM Kulon Progo Hub,110.136762,-7.876587
Virtual FM Sekincau Hub,104.3091,-5.05019
Virtual FM Balik Bukit Hub,104.078184,-5.032673
Virtual FM Pagelaran Hub,105.829,-6.41127
Virtual FM Pangkal Pinang Hub,106.111963,-2.147247
Virtual FM Manggar Hub,108.242251,-2.880956
Virtual FM Kota Solok Hub,100.6675,-0.798839
Virtual FM Punjung Hub,101.502239,-0.950875
Virtual FM Padang Hub,100.359566,-0.935046
Virtual FM Tebing Tinggi Hub,103.094567,-3.554455
Virtual FM Talang Ubi Hub,103.850424,-3.29614
Virtual FM Tanjung Enim Hub,103.801996,-3.769101
Virtual FM Subang Hub,107.775,-6.57572
Virtual FM Pamanukan Hub,107.819816,-6.297522
Virtual FM Purwadadi Hub,107.684168,-6.477309
Virtual FM Pandeglang Hub,106.071198,-6.331613
Virtual FM Cikampek Hub,107.4741,-6.40981
Virtual FM Singaparna Hub,108.1223,-7.34619
Virtual FM Kawalu Hub,108.217528,-7.366799
Virtual FM Karangnunggal Hub,108.156,-7.6034
Virtual FM Ciawi Tasik Hub,108.1505,-7.15559
Virtual FM Kawali Hub,108.369156,-7.186241
Virtual FM Kalipucang Hub,108.7425,-7.63259
Virtual FM Pacet Hub,107.0551,-6.70269
Virtual FM Cianjur Hub,107.1764,-6.80335
Virtual FM Parung Kuda Hub,106.7611,-6.83378
Virtual FM Pelabuhan Ratu Hub,106.5475,-6.98523
Virtual FM Indramayu Hub,108.329231,-6.340938
Virtual FM Karangampel Hub,108.4525,-6.46477
Virtual FM Haurgeulis Hub,107.9453,-6.46121
Virtual FM Semin Hub,110.7371,-7.85928
Virtual FM Sentolo Hub,110.2052,-7.88796
Virtual FM Koba Hub,106.3587,-2.5287
Virtual FM Tanjung Pandan Hub,107.6506,-2.73114
Virtual FM Koto Tangah Hub,100.3371,-0.85597
Virtual FM Pariaman Hub,100.1295,-0.62357
Virtual FM Silungkang Hub,100.7979,-0.70977
Virtual FM Lubuk Sikaping Hub,100.169,0.132743
Virtual FM Pasaman Hub,99.82447,0.096198
Virtual FM Jalancagak Hub,107.6772,-6.67301
Virtual FM Teluk Gelam Hub,104.809,-3.49316
Virtual FM Lemahabang Hub,107.4401,-6.29308
Virtual FM Lubuk Linggau Hub,102.8592,-3.29545
Virtual FM Jayakerta Hub,107.3026,-6.08394
Virtual FM Kikim Timur Hub,103.3781,-3.70076
Virtual FM Manonjaya Hub,108.3062,-7.35067
Virtual FM Majalengka Hub,108.181069,-6.804525
Virtual FM Telanaipura Hub,103.569809,-1.584561
Virtual FM Talaga Hub,108.3112,-6.98269
Virtual FM Jambi Hub,103.624276,-1.641482
Virtual FM Leuwimunding Hub,108.3371,-6.74506
Virtual FM Muara Bulian Hub,103.258,-1.70959
Virtual FM Banjarsari Hub,108.6156,-7.48992
Virtual FM Muara Bangkahulu Hub,102.2745,-3.77206
Virtual FM Kota Banjar Hub,108.528,-7.37374
Virtual FM Bengkulu Hub,102.3479,-3.87876
Virtual FM Ciamis Hub,108.3493,-7.32622
Virtual FM Pontianak Hub,109.334108,-0.028636
Virtual FM Tasikmalaya Hub,108.1979,-7.33171
Virtual FM Pangandaran Hub,108.6571,-7.68374
Virtual FM Kubu Raya Hub,109.3643,-0.06941
Virtual FM Pontianak Utara Hub,109.3609,-0.00407
Virtual FM Cilaku Hub,107.1224,-6.90148
Makasar First Mile Hub,106.909234,-6.252704
Pademangan 2 First Mile Hub,106.845738,-6.129736
Tambaksari First Mile Hub,112.780093,-7.248783
Jatirogo Hub,111.644014,-6.874771
Jogonalan Hub,110.555843,-7.724307
Batu Hub,112.536813,-7.881085
Sindangkerta Hub,107.413123,-6.988692
Telukjambe Timur Hub,107.292141,-6.318043
Kebon Jeruk First Mile Hub,106.766826,-6.180398
Lakarsantri First Mile Hub,112.650539,-7.322136
Tanah Abang 3 First Mile Hub,106.807906,-6.201118
Sukmajaya First Mile Hub,106.842143,-6.381722
Gunung Putri Hub,106.908078,-6.451211
Gunung Putri First Mile Hub,106.908078,-6.451211
Virtual FM Kandanghaur Hub,108.066,-6.39785
Medan Helvetia First Mile Hub,98.614155,3.595961
Curug Tangerang First Mile Hub,106.580607,-6.241411
Curug Tangerang Hub,106.560784,-6.242214
Babakan Ciparay First Mile Hub,107.605095,-6.948231
Bekasi Utara 2 First Mile Hub,107.025378,-6.221593
Tambun Selatan First Mile Hub,107.045255,-6.259391
Virtual FM Widasari Hub,108.2913,-6.46754
Virtual FM Bobotsari Hub,109.364866,-7.311541
Virtual FM Kaligondang Hub,109.425886,-7.380591
Tangerang 2 First Mile Hub,106.655959,-6.166237
Virtual FM Tulungagung Hub,111.9138,-8.03825
Virtual FM Medan Amplas Hub,98.73454,3.532887
Virtual FM Berastagi Hub,98.51586,3.196476
Virtual FM Lubuk Pakam Hub,98.87834,3.560924
Virtual FM Sukowono Hub,113.8942,-7.99843
Virtual FM Panarukan Hub,113.9947,-7.69141
Virtual FM Bondowoso Hub,113.812,-7.93245
Virtual FM Randublatung Hub,111.3978,-7.16825
Virtual FM Blora Hub,111.4085,-6.97728
Virtual FM Garum Hub,112.2184,-8.0724
Virtual FM Blitar Hub,112.1725,-8.07657
Virtual FM Kesamben Hub,112.3795,-8.14862
Virtual FM Banyuputih Hub,109.9266,-6.97957
Virtual FM Batang Hub,109.7276,-6.91977
Ciasem Hub,107.671499,-6.335338
Balong Hub,111.434033,-7.966824
Ngimbang Hub,112.221178,-7.287046
Waru Hub,113.54626,-6.945191
Pagedangan Hub,106.611528,-6.305177
Rangkah Kidul Hub,112.711778,-7.487662
Virtual FM Tapan Hub,101.073,-2.16562
Virtual FM Pamekasan Hub,113.4985,-7.16252
Virtual FM Pacitan Hub,111.1143,-8.17895
Virtual FM Belitang Madang Raya Hub,104.637,-4.11315
Virtual FM Martapura Hub,104.3351,-4.2986
Virtual FM Semendawai Barat Hub,104.6583,-3.90987
Virtual FM Banding Agung Hub,103.952,-4.78378
Virtual FM Muara Dua Hub,104.0709,-4.51757
Virtual FM Baturaja Timur Hub,104.1831,-4.15405
Virtual FM Peninjauan Hub,104.3976,-3.86159
Virtual FM Payaraman Hub,104.5844,-3.39451
Virtual FM Indralaya Hub,104.6663,-3.23296
Virtual FM Wonosari Hub,110.5898,-7.97134
Virtual FM Ngawi Hub,111.4296,-7.42578
Virtual FM Gondang Hub,112.013476,-7.593402
Virtual FM Nganjuk Hub,111.913,-7.611
Virtual FM Musi Rawas Utara Hub,102.9096,-2.72487
Virtual FM Musi Rawas Hub,102.9483,-3.18869
Virtual FM Suku Tengah Hub,102.819,-3.03951
Virtual FM Bayung Lencir Hub,103.6869,-2.05084
Virtual FM Tungkal Jaya Hub,103.9402,-2.38726
Virtual FM Bandar Hub,109.8872,-7.09344
Virtual FM Markati Jaya Hub,104.7326,-2.88196
Virtual FM Banyuasin Hub,104.4521,-2.92384
Virtual FM Banjarnegara Hub,109.7202,-7.39163
Virtual FM Bangkalan Hub,112.7125,-7.13291
Virtual FM Aek Kanopan Hub,99.61743,2.567494
Virtual FM Tanjung Balai Hub,99.79837,2.965987
Virtual FM Kisaran Hub,99.6112,2.984329
Virtual FM Sungai Lilin Hub,104.1081,-2.56113
Virtual FM Lubuk Basung Hub,100.0342,-0.3141
Virtual FM Musi Banyuasin Hub,103.8555,-2.87473
Virtual FM Bukit Tinggi Hub,100.3747,-0.27179
Virtual FM Prabumulih Hub,104.2656,-3.3953
Virtual FM Gelumbang Hub,104.4329,-3.24603
Virtual FM Simpang Blimbing Hub,103.9841,-3.44531
Virtual FM Muara Enim Hub,103.778186,-3.656457
Virtual FM Barat Hub,111.44949,-7.562519
Virtual FM Kawedanan Hub,111.417179,-7.682238
Virtual FM Plaosan Hub,111.237045,-7.677182
Parakan Salak Hub,106.732143,-6.821461
Petanahan Hub,109.588934,-7.74777
Virtual FM Magetan Hub,111.358531,-7.638855
Sepulu Hub,112.967797,-6.897202
Ngadirejo Hub,110.070306,-7.23425
Kabuh Hub,112.215547,-7.401412
Jetis Hub,112.431417,-7.422
Geger Hub,111.530156,-7.725717
Virtual FM Muntilan Hub,110.27068,-7.5769
Virtual FM Magelang Hub,110.234922,-7.415954
Virtual FM Mertoyudan Hub,110.1957,-7.51301
Virtual FM Slawi Hub,109.1422,-6.99395
Virtual FM Tempel Hub,110.327549,-7.660272
Virtual FM Kramat Hub,109.186714,-6.885471
Virtual FM Madiun Hub,111.533609,-7.618552
Virtual FM Sumenep Hub,113.8599,-7.01894
Virtual FM Rubaru Hub,113.7935,-6.98158
Virtual FM Ganding Hub,113.6877,-7.02283
Virtual FM Asembagus Hub,114.2165,-7.75021
Virtual FM Besuki Hub,113.6802,-7.7368
Virtual FM Bandar Simalungun Hub,99.32253,3.166956
Virtual FM Siantar Hub,99.07892,2.97511
Virtual FM Tebing Tinggi Sumut Hub,99.13876,3.311503
Virtual FM Perbaungan Hub,98.96317,3.567539
Virtual FM Ketapang Sampang Hub,113.2773,-6.91238
Virtual FM Sampang Hub,113.2352,-7.14156
Virtual FM Sedan Hub,111.5654,-6.77158
Virtual FM Rembang Hub,111.3311,-6.70372
Virtual FM Kutoarjo Hub,109.9027,-7.71828
Virtual FM Wonoasri Hub,111.64232,-7.53991
Virtual FM Purworejo Hub,110.03,-7.73186
Virtual FM Kraksaan Hub,113.4425,-7.75414
Virtual FM Probolinggo Hub,113.1878,-7.77943
Virtual FM Lumajang Hub,113.217735,-8.119315
Virtual FM Binjai Hub,98.489242,3.634345
Virtual FM Banyu Anyar Hub,113.301,-7.85909
Virtual FM Ponorogo Hub,111.4571,-7.86473
Virtual FM Babalan Hub,98.297125,4.020783
Virtual FM Kambang Hub,100.7205,-1.68986
Virtual FM Painan Hub,100.5834,-1.34175
Virtual FM Stabat Hub,98.454315,3.758649
Virtual FM Boja Hub,110.257637,-7.106253
Virtual FM Kaliwungu Hub,110.252881,-6.959384
Ujung Berung First Mile Hub,107.709182,-6.924549
Banjaran Hub,107.566623,-7.05813
Banjaran First Mile Hub,107.56573,-7.058215
Virtual FM Kendal Hub,110.245788,-6.937243
Virtual FM Weleri Hub,110.0761,-6.96977
Ilir Barat I Hub,104.721059,-2.999072
Banjarsari Solo Hub,110.81374,-7.548125
Panyileukan Hub,107.707308,-6.940088
Cipayung Kota Depok Hub,106.803497,-6.446303
Tawang Hub,108.233843,-7.330726
Dayeuhkolot Hub,107.586308,-6.971654
Medan Marelan Hub,98.664251,3.687661
Tegallalang Hub,115.271568,-8.531226
Virtual FM Gombong Hub,109.5145,-7.60884
Virtual FM Ambarawa Hub,110.403717,-7.275884
Virtual FM Kebumen Hub,109.673529,-7.641852
Virtual FM Tanjung Morawa Hub,98.804924,3.537464
Virtual FM Pancur Batu Hub,98.596133,3.498311
Virtual FM Sunggal Hub,98.566213,3.599884
Virtual FM Pagar Alam Hub,103.255893,-4.025298
Virtual FM Wonosobo Hub,109.904437,-7.369276
Virtual FM Purwantoro Hub,111.257674,-7.850467
Virtual FM Wonogiri Hub,110.906745,-7.793437
Virtual FM Pogalan Hub,112.056478,-6.895842
Virtual FM Kampak Hub,111.666937,-8.178615
Virtual FM Temanggung Hub,110.196125,-7.326255
Virtual FM Tegal Hub,109.110702,-6.85107
Mangunreja Hub,108.060132,-7.375616
Cibeunying Kidul First Mile Hub,107.636617,-6.914397
Cibeunying Kidul Hub,107.636606,-6.914323
Juwana Hub,111.147465,-6.712509
Cirebon First Mile Hub,108.544568,-6.678436
Tanjung Karang Barat Hub,105.238895,-5.396816
Medan Area Hub,98.685858,3.580279
Telanaipura Hub,103.571956,-1.589912
Kedamaian Hub,105.281225,-5.410768
Sumber Hub,108.49865,-6.747961
Mauk Hub,106.512954,-6.063456
Tasikmalaya DC,108.188431,-7.290029
Pedurungan Hub,110.47789,-7.013074
Ngaliyan Hub,110.337904,-7.00805
Virtual FM Natar Hub,105.211386,-5.337295
Virtual FM Tanjung Pinang Hub,104.4853,0.919752
Virtual FM Bangko Hub,102.2804,-2.04974
Virtual FM Mentok Hub,105.1608,-2.06342
Virtual FM Metro Hub,105.3044,-5.1363
Virtual FM Jebus Hub,105.5069,-1.67067
Virtual FM Pubian Hub,104.9561,-5.08952
Virtual FM Kelapa Hub,105.6827,-1.88528
Virtual FM Terbanggi Besar Hub,105.21116,-4.90291
Virtual FM Sungai Liat Hub,106.081432,-1.875702
Virtual FM Tanjung Senang Hub,105.2931,-5.34934
Virtual FM Belinyu Hub,105.7979,-1.64302
Virtual FM Kalianda Hub,105.5928,-5.728
Virtual FM Ketapang Hub,105.782,-5.65172
Virtual FM Tanjung Bintang Hub,105.4221,-5.42397
Virtual FM Pringsewu Hub,104.9976,-5.35857
Virtual FM Bukit Kemuning Hub,104.5759,-4.86101
Virtual FM Abung Timur Hub,105.0733,-4.63081
Virtual FM Sungkai Utara Hub,104.7386,-4.64464
Virtual FM Kotabumi Hub,104.8855,-4.83933
Virtual FM Bandar Sribawono Hub,105.7441,-5.30973
Virtual FM Melinting Hub,105.8006,-5.42803
Virtual FM Sukadana Hub,105.6768,-5.11587
Virtual FM Pakuan Ratu Hub,104.703202,-4.537048
Virtual FM Way Kanan Hub,104.542654,-4.734727
Virtual FM Tulang Bawang Hub,105.221142,-4.289335
Virtual FM Gedung Aji Baru Hub,105.488773,-4.188006
Virtual FM Air Hitam Hub,104.431575,-5.057558
Virtual FM Kota Agung Hub,104.627222,-5.495389
Virtual FM Pulau Panggung Hub,104.749177,-5.311015
Virtual FM Limau Hub,104.948756,-5.413451
Virtual FM Bandar Mataram Hub,105.3928,-4.74701
Margaasih Hub,107.534618,-6.953424
Neglasari Hub,106.629057,-6.135173
Lembang Hub,107.64511,-6.827627
Cikarang Barat Hub,107.132651,-6.266398
Benowo First Mile Hub,112.620467,-7.238645
Ciruas Hub,106.242139,-6.12625
Cempaka Putih Hub,106.859249,-6.193758
Karangampel Hub,108.460963,-6.477963
Jebres First Mile Hub,110.846907,-7.56563
Bekasi Timur 2 Hub,107.025664,-6.231997
Virtual FM Banda Aceh Hub,95.35259,5.562849
J&T Handover Station,106.87725,-6.130866
Sicepat Handover Station,106.87725,-6.130866
Seririt Hub,114.9209,-8.193389
Banyumas DC,109.276621,-7.449943
Virtual FM Praya Hub,116.266075,-8.698322
Virtual FM Narmada Hub,116.250779,-8.585709
Virtual FM Pujut Hub,116.24816,-8.751839
Virtual FM Mpunda Hub,118.751383,-8.459312
Virtual FM Palibelo Hub,118.6948,-8.54947
Virtual FM Sumbawa Hub,117.4206,-8.49478
Virtual FM Gerung Hub,116.13186,-8.658427
Virtual FM Lombok Timur Hub,116.5226,-8.65392
Virtual FM Mataram Hub,116.1239,-8.61485
Virtual FM Gianyar Hub,115.3144,-8.54561
Virtual FM Buleleng Hub,115.0721,-8.12105
Rangkah Kidul First Mile Hub,112.741772,-7.458607
Virtual FM Sukaraja Sukabumi Hub,106.9744,-6.92208
Cakung 2 Hub,106.934441,-6.206229
Bubutan Hub,112.722437,-7.248462
Jember DC,113.68321,-8.213051
Kebon Jeruk 3 Hub,106.782686,-6.204998
Lowokwaru Hub,112.631063,-7.939289
Cimahi Tengah 2 First Mile Hub,107.555481,-6.888576
Bekasi Utara Hub,107.003659,-6.20479
Malang DC,112.722779,-7.954597
Gedangan First Mile Hub,112.750257,-7.393874
Makassar First Mile Hub,119.502771,-5.103248
Ciomas Hub,106.779333,-6.629056
Kawalu First Mile Hub,108.205778,-7.363889
Dayeuhkolot First Mile Hub,107.595444,-6.977667
Ciputat Timur Hub,106.747761,-6.295922
Virtual FM Balikpapan Kota Hub,116.8604,-1.26309
Leuwisadeng 2 Hub,106.55692,-6.56322
Sukaraja Hub,106.830406,-6.527302
Ngamprah First Mile Hub,107.509144,-6.863201
Ngamprah Hub,107.509144,-6.863201
Surade Hub,106.550421,-7.354765
Tigaraksa 2 Hub,106.47659,-6.2612
Pedan Hub,110.698197,-7.703779
Virtual FM Banjarbaru Hub,114.8432,-3.45896
Krembangan First Mile Hub,112.710831,-7.230366
Buahbatu 2 First Mile Hub,107.641993,-6.948297
Babelan First Mile Hub,107.027997,-6.142857
Jonggol Hub,107.056581,-6.442914
Purwakarta Kota Cilegon Hub,106.062452,-5.986737
Solokan Jeruk First Mile Hub,107.75152,-7.03137
Gresik First Mile Hub,112.502385,-7.222844
Tanjung Hub,115.389427,-2.142907
Setu Bekasi Hub,107.030502,-6.350676
Medan Selayang Hub,98.622485,3.539434
Tembalang Hub,110.455071,-7.017805
Sangatta Hub,117.519511,0.50169
Menes Hub,105.921322,-6.388005
Padang Panjang Hub,100.391049,-0.462454
Cipatat Hub,107.394632,-6.821156
Beji Kota Depok Hub,106.813362,-6.376892
Gunung Sindur Hub,106.724722,-6.3995
Bantaeng Hub,119.94966,-5.548375
Tamalate Hub,119.412334,-5.179054
Batam First Mile Hub,104.060033,1.111428
Indihiang Hub,108.1942,-7.275606
Virtual FM Sukabumi Hub,106.9087,-6.95615
Tembilahan Hub,103.141962,-0.309742
Lembang First Mile Hub,107.64511,-6.827627
Virtual FM Sukanagara Hub,107.1341,-7.09255
Benda First Mile Hub,106.673856,-6.146522
Mulyorejo First Mile Hub,112.776794,-7.258669
Mulyorejo Hub,112.776794,-7.258669
Cilandak 2 First Mile Hub,106.775113,-6.299415
Cilandak Hub,106.792468,-6.294805
Grogol Petamburan First Mile Hub,106.780145,-6.178503
Negara Hub,114.620291,-8.363243
Krembangan Hub,112.710831,-7.230366
Virtual FM Manado Hub,124.8776,1.486795
Virtual FM Pahandut Hub,113.9265,-2.24924
Virtual FM Palangka Raya Hub,113.9705,-2.27821
Virtual FM Somba Opu Hub,119.4416,-5.18146
Virtual FM Makassar Hub,119.4768,-5.09789
Virtual FM Tempe Hub,120.039,-4.14365
Virtual FM Kandangan Hub,115.2601,-2.80179
Virtual FM Satui Hub,115.4075,-3.77754
Virtual FM Kusan Hilir Hub,115.9278,-3.60425
Virtual FM Batulicin Hub,116.0028,-3.43834
Virtual FM Pelaihari Hub,114.7739,-3.79531
Virtual FM Jorong Hub,115.087435,-3.903047
Virtual FM Amuntai Tengah Hub,115.250256,-2.42085
Virtual FM Kendari Hub,122.5123,-3.98755
Virtual FM Palu Hub,119.856048,-0.91254
Virtual FM Balikpapan Utara Hub,116.839865,-1.234912
Virtual FM Balikpapan Hub,116.849538,-1.183369
Virtual FM Samarinda Utara Hub,117.155764,-0.443707
Virtual FM Singkawang Hub,108.981332,0.904731
Virtual FM Samarinda Hub,117.14326,-0.473804
Bengkalis Hub,102.127923,1.469741
Maritengngae Hub,119.768561,-3.93458
Mengwi Badung Hub,115.187367,-8.587505
Tualang Hub,101.589184,0.670447
Tallo Hub,119.440261,-5.108571
Babakan Madang Hub,106.857058,-6.525943
Ciampea First Mile Hub,106.691712,-6.559008
Kalideres 3 First Mile Hub,106.691546,-6.135331
Kedung Waringin Hub,107.226378,-6.265786
Harjamukti Hub,108.546521,-6.746229
Banjarmasin Tengah Hub,114.582315,-3.324753
Sukajadi Hub,107.581698,-6.883275
Koto Tangah Hub,100.336918,-0.828775
Seberang Ulu II Hub,104.790414,-2.989876
Pacet Bandung Hub,107.706552,-7.094744
Ungaran First Mile Hub,110.41022,-7.1545
Ungaran Hub,110.41022,-7.1545
Percut Sei Tuan Hub,98.761448,3.607085
Sukaraja Sukabumi Hub,106.982429,-6.90684
Batu Ceper First Mile Hub,106.68444,-6.173692
Tanjung Redeb Hub,117.487387,2.133222
Gorontalo Hub,123.082834,0.564
Setu Kota Tangerang Selatan 2 Hub,106.681889,-6.347668
Bogor Barat 2 Hub,106.750242,-6.557084
Tanete Riattang Hub,120.32625,-4.545213
Balikpapan Kota Hub,116.829771,-1.273942
Langsa Kota Hub,97.956103,4.501932
Paseh First Mile Hub,107.952609,-6.81426
Paseh Hub,107.952609,-6.81426
Sukamulya Hub,106.425963,-6.158681
Pangkalan Kuras Hub,102.067071,0.147843
Pangkalan Kerinci Hub,101.856702,0.409164
Kintamani Hub,115.325873,-8.24232
Oebobo Hub,123.60277,-10.167028
Karang Baru Hub,98.050099,4.290395
Godean Hub,110.293636,-7.767659
Tanjung Senang Hub,105.293093,-5.349582
Haurgeulis Hub,107.946159,-6.44038
Virtual FM Cilacap Hub,109.022504,-7.705103
Virtual FM Kersana Hub,108.880623,-6.929415
Virtual FM Larangan Hub,108.971309,-6.947609
Virtual FM Brebes Hub,109.05942,-6.875978
Virtual FM Randudongkal Hub,109.369304,-7.101676
Virtual FM Sumpiuh Hub,109.367026,-7.61582
Tarakan Barat Hub,117.583317,3.323962
Virtual FM Bumiayu Hub,109.005106,-7.248235
Virtual FM Majenang Hub,108.76721,-7.298878
Virtual FM Bulakamba Hub,108.883371,-6.874279
Virtual FM Tuntang Hub,110.46514,-7.265147
Virtual FM Demak Hub,110.604182,-6.916065
Virtual FM Sidareja Hub,108.79315,-7.48507
Virtual FM Banyumanik Hub,110.416698,-7.075172
Virtual FM Guntur Hub,110.611904,-6.953759
Virtual FM Patikraja Hub,109.217376,-7.488464
Virtual FM Pati Hub,111.040898,-6.780131
Virtual FM Gubug Hub,110.66159,-7.05205
Virtual FM Cilongok Hub,109.13799,-7.403409
Virtual FM Kradenan Hub,111.12394,-7.121646
Virtual FM Purwodadi Hub,110.885216,-7.07366
Ternate Hub,127.385185,0.781544
Jebus Hub,105.507035,-1.667759
Sape Hub,119.010132,-8.57813
Sukun Hub,112.619788,-8.001015
Jorong Hub,114.951862,-3.973365
Tempel Hub,110.319829,-7.658752
Singingi Hub,101.349811,-0.334028
Batam DC,104.033294,1.108736
Aceh DC,95.270377,5.525917
Rambah Hub,100.308146,0.892738
Siak Hub,102.038768,0.812859
Tanjung Jabung Timur Hub,103.796212,-1.213271
Tebo Tengah Hub,102.428455,-1.463315
Silungkang Hub,100.7979,-0.70977
Kasongan Hub,113.408414,-1.884597
Arut Selatan Hub,111.621333,-2.697183
Muara Teweh Hub,114.902229,-0.947929
Tenggarong Hub,116.999227,-0.451235
Bengkulu DC,102.327808,-3.843779
Malingping Hub,106.01775,-6.785806
Bangkinang Hub,101.032609,0.295143
Bagan Sinembah Hub,100.415827,1.690804
Mandau Hub,101.181333,1.24825
Dumai Hub,101.409037,1.677064
Kebayoran Baru First Mile Hub,106.79783,-6.262436
Kebayoran Baru Hub,106.789382,-6.257104
Palangka Raya DC,113.947093,-2.275679
Pariaman Hub,100.128497,-0.638039
Lubuk Basung Hub,100.018181,-0.320385
Lima Kaum Hub,100.58426,-0.445624
Ngaglik Hub,110.366377,-7.697291
Cengkareng 6 First Mile Hub,106.76581,-6.15435
Cengkareng 3 Hub,106.729897,-6.158149
Samarinda Utara Hub,117.151184,-0.439319
Kota Argamakmur Hub,102.199161,-3.433161
Bayah Hub,106.230322,-6.925241
Kota Sigli Hub,95.962314,5.355071
Solokan Jeruk Hub,107.746047,-7.02668
Pelabuhan Ratu First Mile Hub,106.557745,-7.000238
Kawalu Hub,108.214385,-7.368543
Pelabuhan Ratu Hub,106.559813,-7.009287
Lubuk Baja Hub,104.01893,1.148791
Masamba Hub,120.311858,-2.554567
Tanjung Jabung Barat Hub,103.460449,-0.819707
Rantepao Hub,119.91211,-2.965916
Tebing Tinggi Jambi Hub,103.081719,-1.018338
Sarolangun Hub,102.73339,-2.295789
Rimbo Bujang Hub,102.130413,-1.271799
Serang First Mile Hub,106.178039,-6.107889
Solo DC,110.711806,-7.540407
Baguala Hub,128.221049,-3.628572
Tarutung Hub,98.977626,2.022242
Cipayung Jakarta Timur Hub,106.904166,-6.31845
Marabahan Hub,114.771154,-2.98413
Umbulharjo Hub,110.390329,-7.832615
Pelaihari Hub,114.770484,-3.799248
Virtual FM Pare Hub,112.197899,-7.765512
Sragen First Mile Hub,110.979995,-7.442161
Karawang Barat First Mile Hub,107.287085,-6.276175
Virtual FM Gondanglegi Hub,112.646888,-8.173384
Virtual FM Kedungkandang Hub,112.642422,-8.030184
Virtual FM Karangploso Hub,112.60493,-7.901916
Virtual FM Mojoroto Hub,111.996592,-7.827468
Virtual FM Papar Hub,112.089909,-7.698572
Virtual FM Wates Hub,112.126265,-7.921055
Virtual FM Kediri Hub,112.057584,-7.829637
Virtual FM Mojowarno Hub,112.29843,-7.639822
Jombang First Mile Hub,112.291339,-7.548116
Virtual FM Menganti Hub,112.569559,-7.22178
Virtual FM Gresik Hub,112.568179,-7.227117
Virtual FM Sidayu Hub,112.565485,-7.006858
Cisaat First Mile Hub,106.895809,-6.912158
Sentolo Hub,110.195191,-7.925908
Parengan First Mile Hub,111.850121,-7.085251
Parung Kuda First Mile Hub,106.77315,-6.813206
Pakem Hub,110.416085,-7.664658
Semin Hub,110.732241,-7.841896
Nanggulan Hub,110.221722,-7.722278
Wonosari Hub,110.59042,-7.974178
Gerung Hub,116.129982,-8.651823
Pujut Hub,116.296434,-8.825418
Taliwang Hub,116.830841,-8.748914
Praya Hub,116.279248,-8.689352
Dompu Hub,118.455598,-8.5311
Sungai Penuh Hub,101.386534,-2.067677
Muara Bulian Hub,103.271496,-1.703072
Palibelo Hub,118.694984,-8.55014
Sumbawa Hub,117.433506,-8.498464
Mataram DC,116.125107,-8.632521
Kelumpang Hulu Hub,115.983258,-3.050826
Pasar Muara Bungo Hub,102.1231,-1.464099
Bangko Hub,102.276306,-2.040038
Jambi DC,103.624539,-1.685195
Belinyu Hub,105.783433,-1.649612
Cilodong Hub,106.842982,-6.438759
Parung Kuda Hub,106.76864,-6.813982
Balikpapan Utara Hub,116.868609,-1.207904
Selat Hub,114.383361,-2.984639
Banjarmasin Utara First Mile Hub,114.60002,-3.303305
Baamang Hub,112.949563,-2.517848
Kota Juang Hub,96.726938,5.206277
Johan Pahlawan Hub,96.137439,4.154709
Idi Rayeuk Hub,97.761806,4.958694
Karimun Hub,103.424051,0.99867
Rengat Hub,102.532955,-0.36954
Tanah Grogot Hub,116.198453,-1.906112
Utan Hub,117.134031,-8.413472
Binamu Hub,119.771554,-5.671067
Banjarmasin Utara Hub,114.60002,-3.303305
Belopa Hub,120.357328,-3.373926
Pallangga Hub,119.4457,-5.220877
Watang Sawitto Hub,119.65202,-3.807122
Perbaungan Hub,99.005974,3.565955
Babalan Hub,98.305515,4.002677
Klari Hub,107.373043,-6.369275
Klungkung Hub,115.405505,-8.542651
Bangli Hub,115.363543,-8.444899
Pangkajene Hub,119.553407,-4.84145
Panyabungan Hub,99.571943,0.843393
Makale Utara Hub,119.870934,-3.044075
Kuta Hub,115.181366,-8.717137
Kuta First Mile Hub,115.181366,-8.717137
Painan Hub,100.583241,-1.352209
Wonodadi Hub,112.011867,-8.047593
Pasuruan Hub,112.895348,-7.643316
Barabai Hub,115.372416,-2.57663
Payakumbuh Hub,100.610364,-0.251933
Kandangan Hub,115.276415,-2.791865
Kandat Hub,112.02707,-7.95815
Banda Sakti Hub,97.14443,5.179564
Batu Aji Hub,103.981472,1.040417
Tabanan Hub,115.111014,-8.552222
Mukomuko Hub,101.100348,-2.553155
Narmada Hub,116.190901,-8.598232
Mpunda Hub,118.737668,-8.459603
Banguntapan Hub,110.40999,-7.812799
Koba Hub,106.390927,-2.513974
Pahandut Hub,113.939239,-2.231263
Bontang Hub,117.479838,0.132973
Karangasem Hub,115.581564,-8.444995
Gianyar Hub,115.310792,-8.548082
Kota Manna Hub,102.920056,-4.458116
Kulon Progo Hub,110.151722,-7.895444
Wara Hub,120.209918,-3.021141
Kota Solok Hub,100.664568,-0.801633
Ketapang Kalbar Hub,109.958923,-1.825438
Padangan First Mile Hub,111.612106,-7.162888
Padangan Hub,111.612106,-7.162888
Muara Bangkahulu Hub,102.265106,-3.758146
Kota Curup Hub,102.51429,-3.472107
Soreang Parepare Hub,119.637309,-3.99378
Manggar Hub,108.263222,-2.870944
Tanjung Pandan Hub,107.627177,-2.736718
Paringin Hub,115.460166,-2.341725
Toboali Hub,106.465975,-3.000402
Kelapa Hub,105.671648,-1.875765
Kepahiang Hub,102.565388,-3.635848
Putussibau Hub,112.379,1.146271
Gondang Hub,112.046596,-7.60534
Lalabata Hub,119.902785,-4.362846
Barru Hub,119.618176,-4.423655
Ujung Bulu Hub,120.195911,-5.555798
Turikale Hub,119.522336,-5.050447
Batubara Hub,99.469903,3.194484
Sukorejo Hub,112.737642,-7.76209
Tempe Hub,120.032995,-4.122617
Tapin Utara Hub,115.157861,-2.947556
Satui Hub,115.374067,-3.798977
Kusan Hilir Hub,115.923135,-3.610303
Dolok Sanggul Hub,98.723389,2.257417
Sukadana Kalbar Hub,109.964889,-1.239972
Mempawah Hub,108.947253,0.376803
Pekanbaru DC,101.40439,0.598655
Lubuk Sikaping Hub,100.169074,0.132471
Tapan Hub,101.065332,-2.167183
Pontianak Utara Hub,109.339048,-0.014434
Batulicin Hub,115.995472,-3.422306
Mentok Hub,105.182969,-2.045507
Lemahabang Cirebon Hub,108.619692,-6.844842
Parengan Hub,111.850094,-7.084987
Bukit Tinggi Hub,100.366605,-0.29103
Sijunjung Hub,100.961734,-0.676336
Amuntai Tengah Hub,115.246505,-2.420412
Sintang Hub,111.465882,0.03855
Balige Hub,99.060817,2.333984
Kota Pinang Hub,100.084404,1.896903
Punjung Hub,101.544048,-0.986381
Melawi Hub,111.756186,-0.350435
Kawedanan Hub,111.444571,-7.706793
Kambang Hub,100.697354,-1.678072
Sunggal Hub,98.566213,3.599884
Banjarbaru Hub,114.847352,-3.461071
Kandanghaur Hub,108.118044,-6.366925
Tanjung Balai Hub,99.782735,2.950301
Rantau Utara Hub,99.826743,2.092042
Jakarta Fresh DC,106.890699,-6.138063
Ganding Hub,113.674743,-7.055052
Sekadau Hilir Hub,110.907884,0.010182
Dampit Hub,112.75716,-8.211801
Sungai Liat Hub,106.096444,-1.8685
Sandai Hub,110.53376,-1.236645
Grogol Hub,111.971098,-7.748335
Lubuk Alung Hub,100.285664,-0.685057
Tayan Hilir Hub,110.11142,-0.031506
Pandan Hub,98.824938,1.691108
Doro First Mile Hub,109.690846,-7.019607
Bangorejo Hub,114.1779,-8.478611
Pare First Mile Hub,112.160416,-7.766613
Pare Hub,112.160416,-7.766613
Mayong Hub,110.758947,-6.747215
Pangkal Pinang DC,106.142636,-2.103778
Kota Baru Kalsel Hub,116.212486,-3.253643
Bengkayang Hub,109.485616,0.83116
Bandar Simalungun Hub,99.314724,3.158564
Berastagi Hub,98.517535,3.196301
Karangnunggal Hub,108.132514,-7.633447
Pancur Batu Hub,98.587,3.503556
Binjai Hub,98.486659,3.637653
Banjarmasin DC,114.677221,-3.447581
Tanjung Morawa Hub,98.795034,3.564745
Sidikalang Hub,98.323421,2.728358
Pasaman Hub,99.838408,0.116524
Padang DC,100.397331,-0.974582
Tuban First Mile Hub,112.046568,-6.882058
Sukoharjo First Mile Hub,110.818975,-7.601977
Kota Kediri First Mile Hub,112.057363,-7.830827
Bangil First Mile Hub,112.691467,-7.586177
Kisaran Hub,99.611904,2.979223
Aek Kanopan Hub,99.640416,2.568481
Karanganyar First Mile Hub,110.952776,-7.581882
Cikupa Hub,106.511311,-6.230699
Bantargebang First Mile Hub,106.984729,-6.332084
Sanggau Hub,110.574279,0.122609
Bantargebang Hub,106.984729,-6.332084
Tebing Tinggi Sumut Hub,99.152384,3.337579
Ciampea 2 Hub,106.708114,-6.575468
Stabat Hub,98.45442,3.758722
Kencong Hub,113.379898,-8.28278
Genteng First Mile Hub,114.140002,-8.365386
Lubuk Pakam Hub,98.861894,3.584283
Manonjaya Hub,108.289857,-7.353044
Lemahabang Cirebon First Mile Hub,108.619692,-6.844842
Luragung Hub,108.580123,-6.999888
Doro Hub,109.690846,-7.019607
Sungai Kakap Hub,109.257939,-0.06148
Pekanbaru First Mile Hub,101.393384,0.490613
Pemangkat Hub,108.986947,1.175215
Kubu Raya Hub,109.359549,-0.053996
Pontianak DC,109.385609,-0.058303
Kampak Hub,111.694811,-8.143523
Ciomas 2 First Mile Hub,106.773194,-6.600324
Banyuwangi First Mile Hub,114.308218,-8.296088
Ambarawa First Mile Hub,110.40402,-7.277499
Sungai Pinyuh Hub,109.073605,0.273836
Gunung Sitoli Hub,97.600887,1.320127
Padang Sidempuan Hub,99.255557,1.389711
Pondokgede 2 First Mile Hub,106.932489,-6.284306
Kedaton First Mile Hub,105.278703,-5.393226
Ilir Timur First Mile Hub,104.772444,-2.9075
Tanggul Hub,113.460928,-8.165999
Sukowono Hub,113.831792,-8.056511
Siantar Hub,99.081951,2.989741
Sambas Hub,109.286545,1.373365
Wonogiri Hub,110.922316,-7.806385
Palimanan First Mile Hub,108.438082,-6.709567
Tandes First Mile Hub,112.689861,-7.253968
Pungging First Mile Hub,112.560641,-7.520591
Padalarang First Mile Hub,107.503689,-6.87447
Lamongan First Mile Hub,112.412639,-7.112472
Kepanjen First Mile Hub,112.57791,-8.108381
Purbalingga First Mile Hub,109.351417,-7.37875
Garut Kota First Mile Hub,107.916328,-7.206362
Cianjur First Mile Hub,107.176667,-6.802528
Sumedang First Mile Hub,107.918755,-6.829676
Singaparna First Mile Hub,108.140238,-7.345377
Purwokerto First Mile Hub,109.240563,-7.447659
Tanjungsari First Mile Hub,107.793498,-6.917161
Kedawung First Mile Hub,108.535413,-6.706938
Banjarsari Solo First Mile Hub,110.817998,-7.548125
Jepara First Mile Hub,110.706305,-6.594852
Tayu First Mile Hub,111.059327,-6.56751
Pati First Mile Hub,111.032234,-6.748109
Placeholder 17,107.930351,-7.114687
Genteng Hub,114.140002,-8.365386
Boyolali First Mile Hub,110.624571,-7.551966
Tulungagung Hub,111.912442,-8.040564
Selaawi Hub,108.021004,-7.005925
Karawaci First Mile Hub,106.617468,-6.20131
Karawaci Hub,106.617468,-6.20131
Cibitung Bekasi First Mile Hub,107.075204,-6.272465
Cibitung Bekasi Hub,107.075204,-6.272465
Banyu Anyar Hub,113.306215,-7.858897
Kraksaan Hub,113.438125,-7.756764
Barat Hub,111.443379,-7.601066
Rubaru Hub,113.785759,-6.953787
Pancoran Mas First Mile Hub,106.778789,-6.397729
Tulungagung First Mile Hub,111.912442,-8.040564
Babat Hub,112.196443,-7.100936
Plaosan Hub,111.264288,-7.666296
Tungkal Jaya Hub,103.93839,-2.364629
Klaten First Mile Hub,110.635731,-7.686926
Gedung Aji Baru Hub,105.486972,-4.188278
Pagak Hub,112.497554,-8.296459
Jatinegara Jakarta Timur 2 Hub,106.867944,-6.219082
Bojong Hub,109.599812,-6.986253
Cisurupan Hub,107.793587,-7.313586
Bungursari Hub,107.480054,-6.479384
Magetan Hub,111.315376,-7.649875
Bendosari First Mile Hub,110.83983,-7.64889
Delanggu Hub,110.689423,-7.642444
Delanggu First Mile Hub,110.707384,-7.606807
Wonoasri Hub,111.646007,-7.548514
Papar Hub,112.07773,-7.700229
Pamanukan Hub,107.80819,-6.286963
Pacitan Hub,111.115861,-8.184917
Jalancagak Hub,107.680024,-6.676601
Randudongkal Hub,109.334479,-7.100051
Randudongkal First Mile Hub,109.334479,-7.100051
Mojowarno Hub,112.291339,-7.548116
Cikalongkulon Hub,107.20663,-6.713649
Cikalongkulon First Mile Hub,107.20878,-6.715387
Sukaluyu Hub,107.229278,-6.80625
Sukatani Hub,107.428029,-6.679049
Darmaraja Hub,108.06752,-6.913756
Darmaraja First Mile Hub,108.06752,-6.913756
Kalipucang Hub,108.727694,-7.617
Ciseeng Hub,106.679093,-6.448655
Kawali Hub,108.37633,-7.189446
Banjarsari Hub,108.621337,-7.491795
Ciawi Tasik Hub,108.153136,-7.15906
Pulau Panggung Hub,104.780264,-5.365465
Srono Hub,114.281147,-8.410246
Kota Banjar Hub,108.541829,-7.379817
Kesamben Hub,112.382635,-8.139329
Pangandaran Hub,108.663096,-7.682396
Ciawi Tasik First Mile Hub,108.153136,-7.15906
Astana Anyar First Mile Hub,107.605147,-6.948389
Jember First Mile Hub,113.68215,-8.190504
Pungging Hub,112.560641,-7.520591
Bondowoso Hub,113.812877,-7.937155
Ketapang Sampang Hub,113.277299,-6.912377
Asembagus Hub,114.190984,-7.751135
Menganti Hub,112.564637,-7.307128
Kikim Timur Hub,103.372179,-3.698016
Besuki Hub,113.69657,-7.732784
Panarukan Hub,114.006713,-7.709877
Astana Anyar Hub,107.605147,-6.948389
Payaraman Hub,104.621608,-3.349131
Sampang Hub,113.235523,-7.21089
Grati Hub,112.972505,-7.696492
Nusaherang Hub,108.445972,-7.004083
Garum Hub,112.244757,-8.040322
Kedungkandang Hub,112.637386,-8.118353
Gondanglegi Hub,112.620691,-8.169695
Pondok Salam Hub,107.48383,-6.600117
Mojoroto Hub,111.984167,-7.827594
Sumenep Hub,113.876373,-7.02094
Landak Hub,109.951126,0.395837
Kroya Hub,109.249822,-7.621286
Comal First Mile Hub,109.534253,-6.898131
Bobotsari Hub,109.365375,-7.313202
Wates Hub,112.108093,-7.900338
Purwadadi Hub,107.689183,-6.469915
Karangploso Hub,112.601228,-7.898057
Kersana Hub,108.88842,-6.930604
Comal Hub,109.534253,-6.898131
Banyuputih Hub,109.928751,-6.973631
Wonosobo Hub,109.906697,-7.347657
Widasari Hub,108.291121,-6.466364
Tanjungsari Hub,107.793498,-6.917161
Sukanagara Hub,107.119725,-7.103992
Sedan Hub,111.559319,-6.777023
Sidayu Hub,112.559639,-6.961722
Sawangan Kota Depok Hub,106.770222,-6.404745
Samarang Hub,107.844682,-7.21467
Pakuan Ratu Hub,104.703224,-4.533934
Pacet Hub,107.042727,-6.703196
Ngawi Hub,111.411688,-7.402836
Muntilan Hub,110.287486,-7.58085
Kutoarjo Hub,109.886427,-7.726179
Kroya First Mile Hub,109.249822,-7.621286
Bandar Hub,109.829056,-7.064389
Kaligondang Hub,109.425598,-7.380555
Kradenan Hub,111.133267,-7.126157
Karang Bahagia Hub,107.159411,-6.231224
Kaligondang First Mile Hub,109.480724,-7.404509
Gombong Hub,109.540986,-7.610464
Ciawi Bogor 2 Hub,106.85689,-6.659937
Bangsri Hub,110.754206,-6.530853
Simo Hub,110.678909,-7.450932
Batang Hub,109.718722,-6.931297
Sidareja Hub,108.801385,-7.485742
Boyolali Hub,110.624565,-7.551961
Patikraja Hub,109.21986,-7.487644
Mertoyudan Hub,110.192421,-7.542418
Cilongok Hub,109.171998,-7.414248
Sako Hub,104.772453,-2.907554
Rembang Hub,111.369307,-6.720364
Purworejo Hub,110.026694,-7.725528
Majenang Hub,108.771232,-7.300863
Kramat Hub,109.189569,-6.893767
Bulakamba Hub,108.931998,-6.873991
Cilaku Hub,107.123967,-6.920016
Kaliwungu Hub,110.262991,-6.963011
Cikijing Hub,108.350597,-7.01036
Balongbendo Hub,112.542371,-7.414092
Weleri Hub,110.090304,-6.948912
Guntur Hub,110.60614,-6.989276
Bantul First Mile Hub,110.347621,-7.823137
Leuwimunding Hub,108.328382,-6.736083
Semendawai Barat Hub,104.724092,-4.023393
Talang Kelapa Hub,104.658404,-2.913399
Gubug Hub,110.6641,-7.055887
Tirtajaya Hub,107.283304,-6.05809
Purwantoro Hub,111.263389,-7.838222
Bendosari Hub,110.83983,-7.64889
Bumiayu Hub,108.97341,-7.260758
Virtual FM Serang Hub,106.161258,-6.140336
Virtual FM Cilegon Hub,106.05288,-6.031818
Virtual FM Cikande Hub,106.331865,-6.191647
Virtual FM Rangkas Hub,106.241918,-6.344902
Virtual FM Bojonegoro Hub,111.87825,-7.171321
Temanggung Hub,110.198518,-7.334939
Simpang Blimbing Hub,104.023761,-3.451927
Talang Ubi Hub,103.850439,-3.29654
Prabumulih Hub,104.260111,-3.412444
Rangkasbitung Hub,106.269831,-6.351588
Suku Tengah Hub,102.826217,-3.064691
Cikarang Utara 2 Hub,107.170806,-6.274583
Sukadana Hub,105.660615,-5.103958
Teluk Gelam Hub,104.808975,-3.493404
Peninjauan Hub,104.384099,-3.867063
Limau Hub,104.937869,-5.412923
Randublatung Hub,111.39186,-7.201573
Tuntang Hub,110.484565,-7.26476
Sumpiuh Hub,109.282988,-7.591822
Lalan Hub,104.444427,-2.302516
Banding Agung Hub,104.017167,-4.79925
Gelumbang Hub,104.445677,-3.236024
Pubian Hub,104.964883,-5.083385
Tanjung Bintang Hub,105.389184,-5.400029
Bayung Lencir Hub,103.679694,-2.07075
Bandar Mataram Hub,105.489831,-4.828912
Sungkai Utara Hub,104.845672,-4.769984
Abung Timur Hub,105.024408,-4.702003
Larangan Hub,109.005933,-6.959167
Bukit Kemuning Hub,104.570806,-4.860528
Air Hitam Hub,104.362158,-5.049305
Melinting Hub,105.78967,-5.487176
Cakung DC,106.923731,-6.180711
Kayu Agung Hub,104.824424,-3.390219
Lahat Hub,103.56846,-3.763987
Martapura Hub,104.349276,-4.32632
Banjar Margo Hub,105.247431,-4.258667
Banyuasin Hub,104.423265,-2.920038
Balik Bukit Hub,104.06798,-5.024246
Musi Rawas Hub,102.972723,-3.179248
Metro Hub,105.29845,-5.133891
Margoyoso Hub,111.048975,-6.59657
Boja Hub,110.268725,-7.10562
Slawi Hub,109.140414,-6.98659
Tebing Tinggi Hub,103.08772,-3.59563
Indralaya Hub,104.632235,-3.207272
Musi Rawas Utara Hub,102.907857,-2.705175
Bandar Sribawono Hub,105.741315,-5.313067
Pagar Alam Hub,103.242557,-4.034911
Sungai Lilin Hub,104.110764,-2.546835
Ketapang Hub,105.7801,-5.660644
Way Kanan Hub,104.54265,-4.731352
Muara Dua Hub,104.061499,-4.563079
Lempuing Hub,104.88954,-3.85639
Kota Agung Hub,104.627577,-5.494053
Banyumas First Mile Hub,109.066311,-7.518285
Babat First Mile Hub,112.196443,-7.100936
Bojonegoro First Mile Hub,111.873383,-7.155937
Bojong First Mile Hub,109.599812,-6.986253
Virtual FM Gapura Hub,113.959083,-6.997656
Belitang Madang Raya Hub,104.646261,-4.116753
Sekincau Hub,104.304669,-5.046786
Pogalan Hub,111.772195,-8.112768
Kotabumi Hub,104.893266,-4.85363
Baturaja Timur Hub,104.184778,-4.137861
Tanjung Enim Hub,103.814254,-3.765141
Pringsewu Hub,104.978512,-5.351236
Jepara Hub,110.706434,-6.594382
Kalianda Hub,105.59295,-5.729425
Denpasar DC,115.298586,-8.623112
Lampung DC,105.301766,-5.416155
Denpasar First Mile Hub,115.247833,-8.634887
Lemahabang Karawang Hub,107.46594,-6.278413
Sekayu Hub,103.868708,-2.878624
Demak Hub,110.611852,-6.914015
Purbalingga Hub,109.357734,-7.377227
Lumajang Hub,113.217673,-8.12491
Probolinggo Hub,113.221915,-7.750092
Ponorogo Hub,111.464787,-7.848654
Majalengka Hub,108.208782,-6.750927
Kebumen Hub,109.670452,-7.683116
Kab. Pekalongan First Mile Hub,109.652206,-6.976613
Kab. Garut Hub,107.899273,-7.073512
Cibinong Bogor First Mile Hub,106.8296,-6.465823
Antapani Hub,107.661179,-6.906484
Purwodadi Hub,110.904228,-7.091446
Kab. Pekalongan Hub,109.647186,-6.948948
Blora Hub,111.408492,-6.977281
Banjarnegara Hub,109.679479,-7.399289
Pamekasan Hub,113.471336,-7.198508
Paciran Hub,112.332527,-6.868261
Jombang Hub,112.214148,-7.528713
Bangkalan Hub,112.80625,-7.063831
Nganjuk Hub,111.918734,-7.612532
Muara Enim Hub,103.762306,-3.667528
Lubuk Linggau Hub,102.864752,-3.284984
Kepanjen Hub,112.57791,-8.108381
Blitar Hub,112.187317,-8.088971
Terbanggi Besar Hub,105.211105,-4.903001
Ambulu Hub,113.546324,-8.322081
Kota Baru Hub,103.60135,-1.646299
Lima Puluh Hub,101.452108,0.538056
Kertapati Hub,104.740309,-3.049392
Bojong Gede Hub,106.811356,-6.483727
Dukuh Pakis First Mile Hub,112.663631,-7.306414
Taman Sari First Mile Hub,106.825298,-6.150137
Palangka Raya Hub,113.870912,-2.174556
Taman Hub,112.691669,-7.357041
Tanah Abang Hub,106.820216,-6.186863
Banda Aceh Hub,95.352953,5.55771
Buleleng Hub,115.040911,-8.15253
Kuningan Hub,108.4867,-6.952113
Bantul Hub,110.341419,-7.893963
Singaparna Hub,108.140238,-7.345377
Ciamis Hub,108.341302,-7.326472
Kendal Hub,110.172785,-6.923835
Lombok Timur Hub,116.51713,-8.651773
Ambarawa Hub,110.404024,-7.277492
Tanjung Pinang Hub,104.504617,0.916079
Sragen Hub,110.983449,-7.440123
Medan Helvetia Hub,98.652076,3.61623
Banyumas Hub,109.067054,-7.517965
Bobotsari First Mile Hub,109.365375,-7.313202
Rancaekek Hub,107.782888,-6.958833
Natar Hub,105.189957,-5.296465
Sukoharjo Hub,110.952776,-7.581882
Pemalang Hub,109.40194,-6.908861
Bubutan First Mile Hub,112.722437,-7.248462
Malang First Mile Hub,112.663244,-7.967028
JKT 2 First Mile Hub,109.108123,-6.850965
Baleendah Hub,107.630881,-7.003697
Medan First Mile Hub,98.715503,3.603218
Ciracas First Mile Hub,106.887724,-6.337099
Kab. Sukabumi Hub,106.895809,-6.912158
Madiun Hub,111.533846,-7.618918
Mojokerto First Mile Hub,112.422445,-7.503097
Kota Pekalongan First Mile Hub,109.668761,-6.899289
Export WH 01,106.70264,-6.152381
Kosambi First Mile Hub,106.675557,-6.094435
Bogor Timur First Mile Hub,106.813842,-6.617659
Somba Opu Hub,119.442453,-5.172388
Mataram Hub,116.123816,-8.614842
Kendari Hub,122.505948,-3.98906
Kediri Hub,112.057363,-7.830827
Gempol Hub,112.691467,-7.586177
Jatinegara Jakarta Timur First Mile Hub,106.867213,-6.225032
Palu Hub,119.862645,-0.902877
Solo First Mile Hub,110.811431,-7.487324
Kartosura Hub,110.749048,-7.559409
Cikande First Mile Hub,106.34844,-6.200804
Singkawang Hub,108.980858,0.904191
Pangkal Pinang Hub,106.122312,-2.147567
Medan Satria Hub,106.973453,-6.200338
DM Depok DC,106.861297,-6.411225
Serang Baru Hub,107.093996,-6.389245
Serpong Utara 2 Hub,106.682848,-6.231509
Indramayu Hub,108.340695,-6.337283
Pandeglang Hub,106.119633,-6.317911
Sleman First Mile Hub,110.363,-7.757944
Teluknaga Hub,106.653879,-6.071793
Wonocolo Hub,112.731572,-7.338144
Kenjeran Hub,112.772702,-7.234181
Kembangan 2 Hub,106.732323,-6.196554
Mojokerto Hub,112.422445,-7.503097
Sumedang Hub,107.918755,-6.829676
Kota Pekalongan Hub,109.668761,-6.899289
Koja Hub,106.925287,-6.12885
Subang Hub,107.757184,-6.55395
Tanjung Priok Hub,106.865024,-6.1563
Antapani First Mile Hub,107.661179,-6.906484
Kelapa Dua 2 Hub,106.59591,-6.269246
Banyuwangi Hub,114.308218,-8.296088
Bengkulu Hub,102.331452,-3.826289
Cikande Hub,106.34844,-6.200804
Bojonegoro Hub,111.873383,-7.155937
Semarang Timur Hub,110.435419,-6.978273
Tuban Hub,112.046568,-6.882058
Tanjung Priok 7 First Mile Hub,106.844347,-6.157302
Medan Amplas Hub,98.734515,3.532648
Bekasi Timur First Mile Hub,107.043129,-6.234391
Manado Hub,124.887026,1.470305
Kudus First Mile Hub,110.852446,-6.819663
Tasikmalaya First Mile Hub,108.19729,-7.341331
Umbulharjo First Mile Hub,110.390329,-7.832615
Klaten Hub,110.635731,-7.686926
Alang Alang Lebar Hub,104.703777,-2.931727
Palimanan Hub,108.438082,-6.709567
Jagakarsa Hub,106.811999,-6.344454
Kotabaru 2 Hub,107.481646,-6.396904
Banjarmasin Hub,114.640196,-3.367233
Magelang Hub,110.254697,-7.421524
Cibungbulang Hub,106.645669,-6.575278
Pati Hub,111.032234,-6.748109
Kudus Hub,110.852446,-6.819663
Lamongan Hub,112.412639,-7.112472
Pondokgede 3 Hub,106.914261,-6.258644
Kramatjati Hub,106.855372,-6.283802
Penjaringan First Mile Hub,106.745753,-6.127829
Legok First Mile Hub,106.586958,-6.302531
Bandung First Mile Hub,107.641028,-6.950542
Surabaya Utara First Mile Hub,112.694615,-7.253677
Semarang First Mile Hub,110.377276,-6.991583
Tanjung Priok 3 First Mile Hub,106.880322,-6.141858
Sidoarjo First Mile Hub,112.691669,-7.357041
Wiyung Hub,112.65764,-7.30577
Bandung Utara Hub,107.587704,-6.907589
Cianjur Hub,107.176667,-6.802528
Tanah Abang 2 First Mile Hub,106.795746,-6.208569
Jember Hub,113.68215,-8.190504
Gresik Hub,112.502385,-7.222844
Rungkut First Mile Hub,112.757889,-7.336833
Sukajadi First Mile HUB,107.580298,-6.9049
Garut Hub,107.916395,-7.206466
Bandung Barat Hub,107.503689,-6.87447
Palembang DC,104.769621,-2.916695
Semarang DC,110.322915,-6.973491
Jagakarsa 2 First Mile Hub,106.832241,-6.320979
Duren Sawit First Mile Hub,106.900513,-6.218828
Mustika Jaya Hub,107.035694,-6.302833
Pinang 3 Hub,106.680703,-6.205786
Rancaekek First Mile Hub,107.782888,-6.958833
Brebes Hub,109.059452,-6.875918
Buahbatu First Mile Hub,107.622073,-6.949522
Ciledug Kota Tangerang First Mile Hub,106.70108,-6.246198
Penjaringan 6 First Mile Hub,106.734045,-6.121579
Soreang First Mile Hub,107.550184,-7.032182
Purwakarta Hub,107.436053,-6.529021
Cilegon Hub,106.055199,-6.022807
Wonoayu First Mile Hub,112.660085,-7.493463
Tambun Selatan 3 Hub,107.027583,-6.256833
Soreang Hub,107.549843,-7.032174
Duren Sawit 2 Hub,106.907951,-6.221014
Pancoran Mas Hub,106.778789,-6.397729
Batam Hub,104.059894,1.111359
Purwokerto Hub,109.240692,-7.447597
Cilacap Hub,109.017589,-7.711339
Samarinda Hub,117.123345,-0.4939
Pontianak Hub,109.332564,-0.027546
AGEN WAW RUKO NORTH,112.644554,-7.275856
AGEN WAW MALIK IBRAHIM SEDATI,112.760773,-7.402088
AGEN WAW PADASUKA PASIRLAYUNG,107.654628,-6.898061
AGEN WAW SARIASIH,106.792028,-6.562291
AGEN WAW CIMAHI KEBON KELAPA 63,107.539459,-6.874809
AGEN WAW IBU SANGKI CIBEBER,107.522594,-6.898433
AGEN WAW SAWO,106.773595,-6.647134
AGEN WAW RUKO GRIYA CINERE,106.776261,-6.349068
AGEN WAW KWITANG LISTRIK V RAYA,106.841818,-6.185524
AGEN WAW RUKO PASKAL HYPER SQUARE,107.59669,-6.905554
AGEN WAW METRO TRADE CENTER BLOK B27,107.655568,-6.945783
AGEN WAW ADIPATI KERTAMANAH 46C BALEENDAH,107.619879,-7.000858
AGEN WAW PANDANWANGI VI CILEUNYI WETAN,107.726064,-6.939823
AGEN WAW PURI CIPANGERAN INDAH,107.536176,-6.859957
AGEN WAW PAMEUNTASAN 9,107.547433,-6.97513
AGEN WAW BUMI ASRI,107.55185,-6.933361
AGEN WAW CIJERAH NO 78,107.570109,-6.919221
AGEN WAW RAYA NANJUNG,107.538211,-6.919392
AGEN WAW LENGKONG BESAR,107.612388,-6.930702
AGEN WAW TROSOBO UTAMA,112.64324,-7.372209
AGEN WAW NGAGELREJO NGAGEL DADI III,112.748647,-7.29279
AGEN WAW GELURAN RAYA 14 TAMAN,112.69022,-7.357545
AGEN WAW JETIS KULON 1 WONOKROMO,112.731854,-7.307607
AGEN WAW GUBENG MOJO,112.765989,-7.275057
AGEN WAW KEPUTIH,113.921327,-0.789275
AGEN WAW DEMAK,112.721122,-7.244966
AGEN WAW KWADENGAN BARAT 122,112.706751,-7.452402
AGEN WAW GUNUNG SARI INDAH KEDURUS,112.703505,-7.320592
AGEN WAW SENTRA BISNIS DRIYOREJO,112.642401,-7.334302
AGEN WAW GUNUNG SINDUR,106.686769,-6.391644
AGEN WAW RUKO MENDRISIO 1 BLOK D PAGEDANGAN,106.633119,-6.271799
AGEN WAW PERUM TAMAN CIKARANG INDAH 2,107.083473,-6.377379
AGEN WAW PANORAMA BALI CISEENG,106.695251,-6.44164
Ciputat Hub,106.740915,-6.326007
Ciracas Hub,106.887724,-6.337099
Tasikmalaya Hub,108.19729,-7.341331
Gedangan Hub,112.716992,-7.3984
Karawang Barat Hub,107.287085,-6.276175
Cengkareng First Mile Hub,106.726734,-6.162545
Penjaringan 4 Hub,106.787914,-6.12918
Jambi Hub,103.640028,-1.622056
Padang Hub,100.359738,-0.934985
Pondok Aren Hub,106.709691,-6.270247
Pancoran 3 Hub,106.835559,-6.261705
AGEN WAW RAYA MASTRIP KARANG PILANG BARAT,112.694022,-7.343161
AGEN WAW PANJUNAN KEPUH KIRIMAN,112.733362,-7.356418
AGEN WAW TAMAN PONDOK JATI GELURAN,112.694995,-7.360356
AGEN WAW KYAI MOJO KRIAN,112.583086,-7.417184
AGEN WAW PURNA BAKTI IV GEDEBAGE,107.681578,-6.943618
AGEN WAW TERUSAN CIBADUYUT,107.591544,-6.967731
AGEN WAW PUNGKUR101,107.608042,-6.927491
AGEN WAW CIDURIAN SELATAN,107.65319,-6.945631
Pulogadung Hub,106.896068,-6.20268
Bekasi Barat First Mile Hub,106.966859,-6.243655
Bekasi Barat Hub,106.966859,-6.243655
Bandung Timur Hub,107.686537,-6.95801
Bogor Utara 2 Hub,106.824916,-6.547069
Cilincing Hub,106.92508,-6.129068
Periuk Hub,106.602222,-6.166111
AGEN WAW SIDOKARE KUTUK BARAT,112.709428,-7.459161
AGEN WAW GRIYA KEBRAON KARANG PILANG,112.699,-7.329811
AGEN WAW SIDOREJO KRIAN,112.609285,-7.38225
AGEN WAW KUPANG JAYA RAYA SUKO MANUNGGAL,112.704377,-7.27535
AGEN WAW LEBAK INDAH,112.780029,-7.240688
AGEN WAW NGAGEL JAYA BARAT,112.752153,-7.288735
AGEN WAW GANDASARI KETAPANG,107.548624,-7.02514
AGEN WAW PLUTO RAYA MARGAHAYU,107.634566,-6.984263
AGEN WAW TAMAN KOPO INDAH 5,107.549096,-6.964562
AGEN WAW KAMARASAN RESIDENCE BOJONGSOANG,107.668696,-6.968293
AGEN WAW PANGALENGAN KM25,107.560831,-7.130997
AGEN WAW PETA 128,107.594043,-6.936198
Pekanbaru Hub,101.395167,0.486194
Tigaraksa First Mile Hub,106.488994,-6.24845
Banyumanik Hub,110.411996,-7.065191
Karanganyar Hub,110.792124,-7.553277
Tegal Hub,109.123736,-6.890209
Tegal DC,109.106557,-6.84908
AGEN WAW PASAR BARU TRADE CENTER,107.603601,-6.917704
AGEN WAW MARGAHAYU KENCANA,107.580103,-6.975713
AGEN WAW CIMAHI KEBON JERUK,107.561782,-6.904672
AGEN WAW RUKO SOREANG PERMAI BLOK B,107.520914,-7.028182
AGEN WAW LEUWIDULANG PAMEUNGPEUK,107.594899,-7.008655
AGEN WAW RUKO TIDAR MAS,112.719022,-7.255552
AGEN WAW RUNGKUT MADYA,112.772844,-7.331075
AGEN WAW PASAR BARENGKRAJAN,112.607254,-7.377298
AGEN WAW DUKUH KUPANG UTARA 25,112.715872,-7.279245
AGEN WAW PTC ( PAKUWON TRADE CENTER ),112.675105,-7.296179
AGEN WAW PASAR PUNCAK PERMAI,112.686494,-7.279374
Kalideres 4 Hub,106.699902,-6.153236
AGEN WAW WONOCOLO SIWALANKERTO I,112.731204,-7.336232
AGEN WAW PEKAUMAN KH MUKMIN,112.716982,-7.460093
AGEN WAW TANJUNG BARAT GG 100,106.841619,-6.314121
AGEN WAW PONDOK KACANG TIMUR TERATAI BLOK B2,106.698453,-6.256771
AGEN WAW RUKO BUSINESS PARK BLOK E BABAKAN,106.635341,-6.192568
AGEN WAW VILLA RIZKI ILHAMI,106.594414,-6.255103
AGEN WAW RAYA VILLA BEKASI INDAH,107.06665,-6.227323
AGEN WAW KALISARI PASAR REBO,106.856378,-6.339995
AGEN WAW OTISTA 3,106.871624,-6.231528
AGEN WAW AMBON BLOK HA SERPONG,106.667822,-6.299432
AGEN WAW CAHAYA TITIS TANAH BARU,106.804034,-6.381768
AGEN WAW MERBABU PASAR KEMIS,106.583355,-6.160591
AGEN WAW MENDUT RAYA,106.602294,-6.215324
AGEN WAW RUKO SENTRA TAJUR HALANG,106.759359,-6.471252
AGEN WAW BOSIH RAYA PONDOK TANAH MAS CIBITUNG,107.084484,-6.259068
AGEN WAW NUSANTARA RAYA JAKA MULYA,106.962424,-6.276616
AGEN WAW MEKAR RAHAYU TAMAN KOPO INDAH III,107.559045,-6.95985
AGEN WAW VENUS BARAT,107.676088,-6.945321
AGEN WAW GRIYA PERMATA INDAH,107.583062,-7.060697
AGEN WAW MUTUMANIKAM LENGKONG,107.622978,-6.941892
AGEN WAW KARA CILEUNYI WETAN,107.7501,-6.939195
AGEN WAW DIPATI UKUR CICALENGKA WETAN,107.839698,-6.987836
AGEN WAW CINAMBO CISARANTEN WETAN,107.693429,-6.924039
AGEN WAW CIGONDEWAH RAHAYU TAMAN HOLIS INDAH,107.562711,-6.947748
AGEN WAW ARCAMANIK ENDAH SUKAMISKIN,107.677296,-6.914527
AGEN WAW KULON GEMPOL ASRI,107.556862,-6.933026
AGEN WAW SOEKARNO 196 MULYOREJO,112.782283,-7.254484
AGEN WAW KENJERAN 616 MULYOREJO,112.793502,-7.252695
AGEN WAW SURABAYA POGOT,112.737515,-7.31852
AGEN WAW KENDANGSARI TENGGILIS MEJOYO,112.749789,-7.326512
AGEN WAW ITC MEGA GROSIR,112.748607,-7.241179
AGEN WAW PENJARINGAN TIMUR RUNGKUT,112.783615,-7.321764
AGEN WAW PETEMON 4 SAWAHAN,112.718591,-7.26581
AGEN WAW IKAN GURAMI 3 KREMBANGAN,112.728914,-7.225539
AGEN WAW TENGGER KENDANGAN RAYA BENOWO,112.657663,-7.260963
Sawah Besar First Mile Hub,106.825536,-6.139614
Koja First Mile Hub,106.925287,-6.12885
Kebon Jeruk 5 Hub,106.783477,-6.209364
AGEN WAW WIBAWA MUKTI II JATIASIH,106.957474,-6.300578
AGEN WAW PINTU TENGAH JATINEGARA,106.876724,-6.265252
AGEN WAW KAPUK KEBON JAHE,106.745865,-6.135988
AGEN WAW BHAKTI KARYA SAWANGAN,106.7559,-6.426837
AGEN WAW KIOS GAPERI 2 CIBINONG,106.80682,-6.501325
AGEN WAW CURUG SANGERENG RUKO TEMATIK,106.623421,-6.249482
AGEN WAW RUKO NEWTON TIMUR 7,106.613649,-6.252305
AGEN WAW PENGASINAN RAYA II,107.005902,-6.271443
AGEN WAW CIPINANG JAYA JATINEGARA,106.882178,-6.224772
AGEN WAW PADEMANGAN VI NO 28,106.844642,-6.132338
AGEN WAW CITRA GARDEN 3 D5,106.707222,-6.128483
Kembangan First Mile Hub,106.724096,-6.196122
Sleman Hub,110.363,-7.757944
Denpasar Hub,115.189692,-8.675127
Surabaya Utara Hub,112.694615,-7.253677
Parung First Mile Hub,106.731675,-6.43043
Tambora Jakarta Barat First Mile Hub,106.808656,-6.157823
Bogor Utara First Mile Hub,106.811354,-6.579305
Cikarang Selatan First Mile Hub,107.149826,-6.306502
AGEN WAW MEKARWANGI PARONGPONG SARIWANGI,107.575556,-6.849673
AGEN WAW MEKARWANGI PARONGPONG SARIWANGI,107.575556,-6.849673
AGEN WAW SINDANGSARI III ANTAPANI WETAN,107.664019,-6.910077
AGEN WAW KARANG ANYAR,107.603095,-6.923137
AGEN WAW GANDUL ERHA BRIGIF RAYA,106.797082,-6.342112
AGEN WAW SEDATI GEDE RAYA,112.762383,-7.378536
AGEN WAW KEBONSARI JAMBANGAN,112.717329,-7.327195
AGEN WAW TEGALSARI,112.73665,-7.276062
AGEN WAW ADITYAWARMAN DARMO,112.731981,-7.294331
AGEN WAW GEMBONG SAWAH BARAT SIMOKERTO,112.749519,-7.239978
AGEN WAW PERUM PURI SURYA JAYA GEDANGAN,112.733354,-7.393429
AGEN WAW JATINEGARA LIO 1 CAKUNG,106.905709,-6.200792
AGEN WAW KEDONDONG,106.826846,-6.382158
AGEN WAW SUMBER JAYA TAMBUN,106.733416,-6.182873
AGEN WAW MULTIPLUS GADING SERPONG,106.619634,-6.243356
AGEN WAW MAWAR MERAH RAYA,106.938858,-6.222879
AGEN WAW CIHERANG SUKATANI,106.744105,-6.586422
AGEN WAW GANDARIA SELATAN,106.793592,-6.265045
AGEN WAW PAMULANG PERMAI II BENDA BARU,106.738958,-6.303445
AGEN WAW KEMBANGAN SRENGSENG RAYA,106.759821,-6.216451
AGEN WAW KERONCONG PERMAI,106.589633,-6.186947
AGEN WAW GOTONG ROYONG CENGKARENG,106.749506,-6.140677
AGEN WAW GOTONG ROYONG CENGKARENG,106.749506,-6.140677
AGEN WAW TALAS 4 PAMULANG PONDOK CABE ILIR,106.760548,-6.332753
AGEN WAW JATIJAJAR,106.848665,-6.289689
AGEN WAW KRESNA RAYA,106.964499,-6.289558
AGEN WAW CIBUNTU CIBITUNG(NEW),107.070039,-6.286732
AGEN WAW SURYADHARMA ALI JATIASIH,106.948875,-6.344776
AGEN WAW KARANGRAHARJA MUTIARA INDAH BLOK DV,107.18442,-6.254493
AGEN WAW SEMANAN RAYA 2 KALIDERES,106.696418,-6.168637
AGEN WAW TAMBAK ASRI 350 KREMBANGAN,112.716298,-7.242365
AGEN WAW WADUNGASRI 1,112.767649,-7.347846
AGEN WAW MULYOSARI,112.796022,-7.265214
AGEN WAW WISMA PERMAI 1 MULYOREJO,112.794468,-7.273643
AGEN WAW TAMAN GILANG,112.668261,-7.363601
AGEN WAW BENOWO SEMEMI,112.634703,-7.248833
AGEN WAW GRAHA GUNUNG ANYAR TAMBAK D23B,112.810452,-7.333645
AGEN WAW DARMO INDAH TANDES,112.684027,-7.262634
AGEN WAW BENOWO SEMEMI GRIYA CITRA ASRI,112.644664,-7.259771
AGEN WAW LONTAR,112.666173,-7.283283
AGEN WAW MANUKAN REJO TANDES,112.664816,-7.262842
AGEN WAW PONDOK AREN JURANG MANGGU TIMUR PUYUH,106.715079,-6.27988
AGEN WAW TAMBUN KEBON KELAPA,107.066676,-6.269727
AGEN WAW CILEDUG INDAH 2 KARANG TENGAH,106.698633,-6.217749
AGEN WAW WARAKAS 19A,106.877884,-6.116656
AGEN WAW TAMAN HARAPAN BARU,106.994601,-6.176576
AGEN WAW BUDI RAYA PALMERAH KEMANGGISAN,106.782387,-6.192326
AGEN WAW CAMAT GABUN JAGAKARSA,106.836894,-6.337353
AGEN WAW PAMULANG 2 RAYA,106.733577,-6.344881
AGEN WAW CIPONDOH MAKMUR MAULANA HASANUDDIN,106.677671,-6.178889
AGEN WAW SUMATERA CIPUTAT JOMBANG,106.69603,-6.293595
AGEN WAW PAMULANG PONDOK BENDA RAYA PUSPITEK,106.701956,-6.34699
AGEN WAW SMP 122 PENJARINGAN KAPUK MUARA,106.763184,-6.138424
AGEN WAW PLUIT KARANG UTARA RAYA PENJARINGAN,106.779612,-6.112006
AGEN WAW TAMBORA RAYA JEMBATAN LIMA,106.809786,-6.145653
AGEN WAW PLAZA THB,106.994461,-6.182582
AGEN WAW MULYAHARJA RAYA CIBEUREUM,106.777827,-6.648225
AGEN WAW H. NAWI MALIK SARUA BOJOSARI,106.731982,-6.364403
AGEN WAW GRIYA PERMATA RADEN CIBINONG,106.805406,-6.507764
Baleendah First Mile Hub,107.659992,-7.022838
Bandung Timur First Mile Hub,107.686537,-6.95801
AGEN WAW KRANGGAN RAYA 23 JATISAMPURNA,106.918013,-6.363487
AGEN WAW PAMULANG PERMAI 1,106.733805,-6.343373
AGEN WAW SUKASARI SUKAMULYA 32,106.631682,-6.182408
AGEN WAW PAHLAWAN BONDONGAN,106.800004,-6.611084
AGEN WAW KALIABANG TENGAH RAYA,106.998495,-6.191681
AGEN WAW RUKO CANADIAN KOTA WISATA,106.965995,-6.366219
AGEN WAW METLAND CILEUNGSI,106.996527,-6.390552
AGEN WAW UTAN KAYU BALAI RAKYAT,106.869074,-6.198255
AGEN WAW CIBODAS BARU ALMUNIUM RAYA,106.603428,-6.213623
AGEN WAW PONDOK MELATI INDAH,106.931427,-6.307095
AGEN WAW PAGEDANGAN LEGOK,106.613163,-6.29909
AGEN WAW CIKARANG WALUYA BCL,107.189166,-6.258896
AGEN WAW PERUM JAYASAMPURNA RESIDENCE BLOK G4,107.094019,-6.365263
AGEN WAW PERMATA REGENCY RATUJAYA,106.799932,-6.450472
AGEN WAW PAHLAWAN REVOLUSI,106.896517,-6.232659
AGEN WAW RUKO VILLA PERMATA BLOK B17 CURUG,106.592562,-6.224386
AGEN WAW RUKO AMETHYS BTR,107.011047,-6.325669
AGEN WAW RATU KEMUNING DURI KEPA,106.76899,-6.169872
AGEN WAW PERUM TELAGA HARAPAN,107.124288,-6.260318
AGEN WAW PANCORAN MAS MELATI RAYA,106.812073,-6.390472
AGEN WAW AREN JAYA SAPARUA RAYA,107.041428,-6.24219
AGEN WAW PERUMAHAN CITRA GRAND CLUSTER AVERSA PARK,106.92381,-6.385386
AGEN WAW SRENGSENG SAWAH 26,106.819418,-6.340505
AGEN WAW KOPO SOREANG,107.546243,-7.017161
AGEN WAW KOPO 138A BOJONGLOA KALER,107.596243,-6.932762
AGEN WAW BANDUNG SOKA 28 MERDEKA,107.627798,-6.916088
AGEN WAW RANCAEKEK KENCANA NUSA INDAH RAYA,107.754431,-6.96707
AGEN WAW KOPO SOREANG,107.546243,-7.017161
AGEN WAW PAJAJARAN PAMOYANAN,107.596892,-6.907118
AGEN WAW KAMASAN BANJARAN RAYA,107.576098,-7.046002
AGEN WAW KIDUL BATUNUNGGAL INDAH,107.629526,-6.954156
AGEN WAW PADALARANG KERTAMULYA,107.485695,-6.84326
AGEN WAW CICALENGKA PANENJOAN KP BABAKAN STASIUN,107.824327,-6.972756
AGEN WAW SIDOTOPO WETAN RANDU,112.764338,-7.230256
AGEN WAW SIDOTOPO WETAN BULAK BANTENG KIDUL,112.75937,-7.222002
AGEN WAW RADEN SALEH,112.734323,-7.255147
AGEN WAW NGAGEL JAYA,112.74736,-7.285108
AGEN WAW SUKO MANUNGGAL SIMOMULYO SIMOKALAGAN,112.708036,-7.266702
AGEN WAW KEBRAON BOGANGIN 2B,112.695357,-7.327858
AGEN WAW WONOREJOA,112.79846,-7.311798
AGEN WAW BRANJANGAN,112.735824,-7.237035
AGEN WAW TANJUNGSARI,112.691564,-7.260463
AGEN WAW JAMBANGAN 106,112.711279,-7.322491
AGEN WAW PETEMON,112.725918,-7.268761
AGEN WAW KUTISARI INDAH BARAT,112.746165,-7.339568
AGEN WAW SAWAHAN ANJASMORO,112.706064,-7.275979
AGEN WAW DIPONEGORO DARMO,112.735123,-7.288526
AGEN WAW KLAMPIS NGASEM JAYA 25L,112.775924,-7.285638
AGEN WAW PEGIRIAN,112.744201,-7.232226
AGEN WAW WONOKROMO SAWUNGGALING BRAWIJAYA,112.728486,-7.296657
AGEN WAW SAWAHAN BANYU URIP KIDUP XC,112.719593,-7.273151
AGEN WAW RUNGKUT WONOREJO PERMAI SELATAN,112.793218,-7.315906
AGEN WAW PULO WONOKROMO,112.725944,-7.305902
AGEN WAW PENELEH,112.742028,-7.248783
AGEN WAW KEDUNG BARUK,112.776092,-7.321894
AGEN WAW SIDOSERMO II WONOCOLO,112.749426,-7.313718
AGEN WAW PETEMON KINIBALU 22,112.72166,-7.260412
AGEN WAW GERSIKAN TAMBAKSARI,112.762016,-7.254562
AGEN WAW SODOYOSO SIMOKERTO,112.758528,-7.238827
AGEN WAW PAGESANGAN,112.705902,-7.336156
AGEN WAW DARMO PERMAI UTARA 1,112.687562,-7.276925
AGEN WAW PUTAT GEDE BUKIT DARMO,112.69951,-7.288943
AGEN WAW TAMBAKSARI PACARKEMBANG KALIKEPITING,112.766311,-7.262901
AGEN WAW MULYOREJO UTARA MULYOREJO,112.782844,-7.263183
AGEN WAW NGAGEL REJO,112.745093,-7.296318
AGEN WAW PANJANG JIWO PERMAI,112.767698,-7.310378
AGEN WAW JAGIR SIDOMUKTI,112.747649,-7.304914
Rungkut DC,112.760738,-7.335753
Balaraja Hub,106.455985,-6.200396
Palembang Hub,104.795424,-2.962312
Cileungsi Hub,106.978903,-6.386858
Bumi Waras Hub,105.283148,-5.440483
Cimahi Hub,107.542677,-6.896245
AGEN WAW SRENGSENG SAWAH NO 24,106.812115,-6.358245
AGEN WAW CIANGSANA RAYA 48-67,106.955977,-6.363859
AGEN WAW IRIGASI SIPON,106.67688,-6.185425
AGEN WAW TELAGAMURNI BOJONG KONENG,107.10963,-6.260578
AGEN WAW GRANADA SQUARE I SERPONG,106.688103,-6.318999
AGEN WAW Kp. SINDANGKARSA,106.891595,-6.417151
AGEN WAW KELURAHAN 30 PONDOK RAJEG,106.818619,-6.451765
AGEN WAW CIBUBUR COUNTRY,106.937359,-6.394697
AGEN WAW MERPATI RAYA VILLA MUTIARA,106.728566,-6.301117
AGEN WAW TAWAKAL RAYA GROGOL PETAMBURAN,106.794903,-6.169109
AGEN WAW JATI MULYA TAMBUN,107.018839,-6.267144
AGEN WAW BOGOR CIOMAS,106.759851,-6.594146
AGEN WAW CAGAR ALAM,106.812657,-6.404289
AGEN WAW PANJANG ARTERI KEBON JERUK,106.76903,-6.197566
AGEN WAW LINTAS TELAGA PESONA,107.116407,-6.259709
AGEN WAW LINGKAR LUAR BARAT,106.729194,-6.141796
AGEN WAW PARAMUKA SARI II,106.856867,-6.197249
AGEN WAW KH. DEWANTARA,107.156487,-6.253928
AGEN WAW MEKARJAYA PROKLAMASI,113.921327,-0.789275
AGEN WAW GREEN GARDEN KEDOYA,106.758677,-6.169402
AGEN WAW GANDUL PANGKALANJATI,106.795739,-6.322438
AGEN WAW PONDOK BAMBU BATAS,106.897158,-6.241465
AGEN WAW DURI SELATAN V TAMBORA,106.804669,-6.160367
AGEN WAW BUMI SUKADAMI,107.107516,-6.338341
AGEN WAW KRANGGAN PERMAI,106.914678,-6.372398
AGEN WAW UTAN JATI KALIDERES,106.709931,-6.146765
AGEN WAW MAD NUR RAYA,106.711947,-6.467823
AGEN WAW SIDANG BARANG NURKIM,106.779061,-6.622061
AGEN WAW BATUTULIS JAYATUNGGAL,106.806,-6.62068
AGEN WAW MALABAR BABAKAN,106.80727,-6.595897
Balikpapan Hub,116.877235,-1.230994
Makassar Hub,119.502771,-5.103248
AGEN WAW MEKAR KENCANA,107.601487,-6.952736
AGEN WAW BUDI INDAH SEMERU,106.687382,-6.167127
AGEN WAW MUSTIKA JAYA RUKO PALAZZO R10,107.028246,-6.280825
AGEN WAW PEKAYON RESIDENCE,106.78897,-6.245456
AGEN WAW MANGGA BESAR VIII TAMAN SARI,106.825861,-6.151232
AGEN WAW WANASARI TRIAS RAYA,107.082515,-6.250344
AGEN WAW VILLA MUTIARA GADING 2,107.05026,-6.218324
AGEN WAW RAWA BUGEL 100,106.998146,-6.222064
AGEN WAW KEBAYORAN PALMERAH,106.788577,-6.208585
AGEN WAW JATIWARNA RAYA PURI GADING,106.93837,-6.311796
AGEN WAW PINANG PAMULANG,106.739664,-6.35572
AGEN WAW TAMAN ALAMANDA,107.041862,-6.221444
AGEN WAW SURYA LESTARI,106.965604,-6.280243
AGEN WAW VILA INDAH PERMAI TELUK PUCUNG,107.020334,-6.199165
AGEN WAW WANAJAYA VILLA MUTIARA JAYA,107.101081,-6.246301
AGEN WAW NAURA MEDIKA MUSTIKA JAYA,107.031919,-6.291039
AGEN WAW PEKAYON JAYA LASKAR DALAM,106.987287,-6.253412
AGEN WAW DUREN JAYA PAHLAWAN 2,107.026334,-6.239733
AGEN WAW TANAFIT MEDAN SATRIA,106.977501,-6.181298
AGEN WAW JARAKOSTA,107.111032,-6.30069
AGEN WAW PERUMNAS 3 KALIMANTAN,107.03178,-6.239381
AGEN WAW PERWIRA K.H MUCHTAR TABRANI,107.002081,-6.213397
AGEN WAW PANGGUNG JATIBENING,106.945014,-6.265036
AGEN WAW BENDUNGAN JAGO,106.854484,-6.161781
AGEN WAW JAKA SETIA PEKAYON RAYA 20,106.975734,-6.276306
AGEN WAW KH MAS UD,107.077345,-6.250584
AGEN WAW NAROGONG INDAH,107.010066,-6.275086
AGEN WAW TAMAN COSMOS JAKBAR,106.765109,-6.166136
AGEN WAW KALIMANGGIS JATIKARYA,106.914683,-6.381008
AGEN WAW CITRA 1A BLOK AE6 KALIDERES,106.696744,-6.156439
AGEN WAW GARUDA 1 NO 37,106.84831,-6.34583
AGEN WAW ITC MANGGA DUA Lt. 5,106.91899,-6.124006
AGEN WAW KARANG TENGAH RADEN SHALEH RAYA,106.713755,-6.208961
AGEN WAW HARKIT RAYA,106.991716,-6.203027
AGEN WAW JATIMURNI RAYA HANKAM,106.923987,-6.330263
AGEN WAW JATIMELATI HANKAM NO 3,106.92371,-6.318504
AGEN WAW KP PILAR 2 BUBULAK,106.754426,-6.56165
AGEN WAW MAUK SEPATAN,106.589248,-6.131416
AGEN WAW RUKO BLOSSOM VILLE,106.520142,-6.253155
AGEN WAW MARGAHAYU KOPO SAYATI,107.57237,-6.97354
AGEN WAW CIKONENG RUKO AKITA,107.637184,-6.981422
AGEN WAW KIARACONDONG TERUSAN JAKARTA 30I,107.649579,-6.91329
AGEN WAW PERUM PHARMINDO,107.559583,-6.916522
AGEN WAW PERUM TAMAN KOPO KETAPANG,107.554478,-7.015194
AGEN WAW KEBON KAWUNG,107.603125,-6.912461
AGEN WAW TAROGONG HI TECH TERUSAN PASIRKOJA,107.594993,-6.926576
AGEN WAW CIBEUREUM KEBON KOPI NO 171A,107.561298,-6.913014
AGEN WAW SILIWANGI HEGARMANAH,107.605236,-6.883141
AGEN WAW GRIYA BANDUNG ASRI2,107.634716,-6.984337
AGEN WAW CIJERAH RAYA,107.566357,-6.925429
AGEN WAW KETAPANG BANYUSARI KP WATES,107.559391,-7.015175
AGEN WAW DAYEUHKOLOT CITEUREUP RADIO PALASARI,107.619302,-6.973425
AGEN WAW PASIR JATI UJUNG BERUNG,107.698708,-6.90741
AGEN WAW TANIMULYA DIRAWINATA,107.534708,-6.854935
AGEN WAW SILIWANGI BALEENDAH,107.648769,-7.014839
AGEN WAW CIBIRU,107.713579,-6.931769
AGEN WAW BOJONGSOANG CIPAGALO PALMAROSA,107.650772,-6.979865
AGEN WAW SINARJAYA BATUJAJAR BARAT,107.474937,-6.922108
AGEN WAW GRANDE KENCANA BOGOR,106.838297,-6.451593
AGEN WAW GRAND CIKARANG CITY,107.167751,-6.248885
AGEN WAW PEKAYON JAYA KEMANDORAN,106.984272,-6.259886
AGEN WAW PEKAYON,106.986975,-6.264599
AGEN WAW GRAHA ASRI RESIDENCE,107.05447,-6.333707
AGEN WAW RUKO BUKIT DAGO BLOK AA3 RAWAKALONG,106.700714,-6.362532
AGEN WAW ABDUL GANI 1 CILODONG,106.838096,-6.439198
AGEN WAW PADAT KARYA SUKAMULYA CIKUPA,106.511351,-6.232699
AGEN WAW CIKARANG CENTRAL PARK,107.097219,-6.372638
AGEN WAW JATISARI SURYADHARMA,106.950204,-6.34059
AGEN WAW LINGKAR LALADON DRAMAGA CIHERANG,106.752653,-6.578779
AGEN WAW RAWASEMUT,107.003416,-6.257386
AGEN WAW CENDRAWASIH II CENGKARENG BARAT,106.725172,-6.143626
AGEN WAW BOJONG KULUR GUNUNG PUTRI,106.969457,-6.330284
AGEN WAW KELAPA DUA RAYA 168,106.61317,-6.232897
AGEN WAW JATIJAJAR POLPOS,106.865188,-6.418527
AGEN WAW SUKAHATI NO 5,106.819566,-6.479976
AGEN WAW LARANGAN INDAH HOS COKROAMINOTO,106.734005,-6.232948
AGEN WAW MERUYA SELATAN,106.736436,-6.210872
AGEN WAW TANJUNG DUREN TIMUR V,106.784033,-6.180224
AGEN WAW PEKOJAN PENGUKIRAN IV,106.80481,-6.140803
AGEN WAW BARU RAYA BOJONG GEDE RAGAJAYA,106.770797,-6.44393
AGEN WAW TAJUR HALANG DESA CITAYAM 63,106.75878,-6.446475
AGEN WAW CITAYAM PARUNG RAYA BOJONG GEDE,106.777938,-6.445129
AGEN WAW DADI KUSMAYADI CIBINONG HARAPAN JAYA,106.83099,-6.47159
AGEN WAW MERUYUNG LIMO,106.768897,-6.383195
AGEN WAW KEKUPU SAWANGAN PASIR PUTIH,106.781877,-6.434488
AGEN WAW GOLF PALM HILL BABAKAN MADANG,106.854506,-6.540665
AGEN WAW SUSUKAN BOJONG GEDE,113.921327,-0.789275
AGEN WAW GRANDWOOD RESIDENCE KALISUREN,106.745189,-6.47159
AGEN WAW MAYOR OKING CITEUREUP,106.870342,-6.483336
AGEN WAW PONDOK RAJEG DEPHAN,106.824783,-6.468534
AGEN WAW DRAMAGA CIKARAWANG KP CARANG PULANG,106.728716,-6.545114
AGEN WAW SAMPORA THE ICON BUSINESS PARK,106.662111,-6.28079
AGEN WAW RUKO MUTIARA GARUDA,106.646792,-6.07801
AGEN WAW PERUM PERMATA PAMULANG,106.713969,-6.353686
AGEN WAW CIKUPA RAYA SERANG,106.499926,-6.22029
AGEN WAW SAMPORA PASAR INTERMODA LT DASAR,106.649762,-6.312486
AGEN WAW SERANG SETU,107.105605,-6.362231
AGEN WAW CIKARANG CIBARUSAH RAYA SUKADAMI,107.121555,-6.341498
Bogor Selatan 3 First Mile Hub,106.784297,-6.617958
Sidoarjo Hub,112.662275,-7.403079
Cibinong Bogor Hub,106.8296,-6.465823
Cisauk Hub,106.620922,-6.346268
Sukabumi Hub,106.912306,-6.942417
Serpong DC,106.599016,-6.271726
AGEN WAW RUKO GOLDEN OFFICE DURIAN,106.814529,-6.319312
Cirebon Hub,108.544568,-6.678436
AGEN WAW SUMBER ASIH,107.572729,-6.932943
AGEN WAW INDRA PRAHASTA BARAT BOJONGLOA KIDUL,107.596822,-6.953286
AGEN WAW CANGKUANG KULON SAYURAN,107.591176,-6.97881
AGEN WAW NAGROG PASANGGRAHAN,107.703461,-6.912571
AGEN WAW MERKURI TENGAH,107.669079,-6.945417
AGEN WAW TAMAN KOPO INDAH 1,107.568373,-6.964872
AGEN WAW SRIWIJAYA 118C REGOL CISEUREUH,107.612868,-6.946074
AGEN WAW KEBON JERUK KEBON JATI,107.593662,-6.916348
AGEN WAW PAGARSIH JAMIKA,107.590755,-6.922493
AGEN WAW CIPURIAN UTARA,107.654411,-6.931228
AGEN WAW SARITEM,107.59712,-6.917016
AGEN WAW MEKAR RAHAYU BARUNJUL RAYA,107.556693,-6.97156
AGEN WAW MARGAHAYU SELATAN,107.566747,-6.970862
AGEN WAW PERMATA BIRU CINUNUK,107.730832,-6.94485
AGEN WAW NGAMPRAH TANIMULYA HAJI GOFUR,107.523306,-6.862434
AGEN WAW RAYA KOPO SUKAASIH,107.594104,-6.938257
AGEN WAW ARCAMANIK CISARANTEN BARU NO. 57,107.681481,-6.919254
AGEN WAW RIUNGMAS RANCASARI,107.677971,-6.941598
AGEN WAW JENDRAL SUDIRMAN,107.572611,-6.916274
AGEN WAW REGOL ANCOL PASIR SALAM RAYA I,107.616456,-6.945062
AGEN WAW PADASUKA GRANDSTORE,107.644194,-6.901803
AGEN WAW CIWASTRA,107.667615,-6.96377
AGEN WAW SUKASENANG,107.637002,-6.899654
AGEN WAW SAWAH KURUNG CIATEUL,107.612616,-6.934014
AGEN WAW SUKAGALIH TERUSAN BABAKAN JERUK,107.58292,-6.885772
AGEN WAW CIHANJUANG CIBABAT,107.565702,-6.860134
AGEN WAW CIPTAKARYA 1 RANCASARI,107.673362,-6.964687
AGEN WAW GRAHA SARI ENDAH,107.627289,-7.001436
AGEN WAW DERWATI BUAHBATU,107.676806,-6.963916
AGEN WAW KEBON CAU,107.538623,-6.872584
AGEN WAW GOLF SELATAN ARCAMANIK,107.68487,-6.915142
AGEN WAW JUANDA DAGO,107.616771,-6.877942
AGEN WAW PASIR IMPUN,107.679351,-6.904669
AGEN WAW CIMAHI MELONG,107.554751,-6.925314
AGEN WAW BABAKAN TAROGONG NO 182,107.590021,-6.930959
AGEN WAW BUAH BATU CIJAURA MARGACINTA NO. 72,107.653122,-6.955631
AGEN WAW CIGONDEWAH RAHAYU 133,107.56465,-6.947768
AGEN WAW GATSU,107.644826,-6.933009
AGEN WAW RANCAMANYAR BOJONGKONENG,107.595679,-6.986753
AGEN WAW BARAT SARIWANGI,107.572629,-6.858055
AGEN WAW JEND. SUDIRMAN 212A ANDIR,107.596386,-6.919778
AGEN WAW CIGERELENG SRIDARA 14,107.612945,-6.936008
AGEN WAW BRAGA GANG SUNIARAJA,107.605695,-6.917289
AGEN WAW CITRA MANGU PERMAI,106.704437,-6.257631
AGEN WAW RAWA INDAH CIPAYUNG,106.810055,-6.429159
AGEN WAW KOJA RAWABADAK UTARA ANGGREK 35D,106.896102,-6.114558
AGEN WAW GAS ALAM SUKATANI,106.878662,-6.384027
AGEN WAW EMHA PITARA,106.802974,-6.414666
AGEN WAW BLOK M SQUARE BASEMENT,106.800687,-6.244543
AGEN WAW DUREN SAWIT MALAKA SARI RAYA,106.928205,-6.227481
AGEN WAW TARAKONITA KEBAYORAN,106.790586,-6.21776
AGEN WAW CILEUNGSI,107.04075,-6.431481
AGEN WAW JEMBATAN GAMBANG PEJAGALAN,106.798122,-6.139427
AGEN WAW PABUARAN SOEBANDI,106.613955,-6.181622
AGEN WAW JOMBANG RAYA PONDOK AREN,106.707634,-6.274302
AGEN WAW TAPOS SUKATANI RAYA PEKAPURAN,106.873107,-6.391201
AGEN WAW RAJAWALI SELATAN,106.844385,-6.143976
AGEN WAW KALIMULYA RUKO TRANS CYBER,106.822165,-6.426103
AGEN WAW BULAK TIMUR CIPAYUNG,106.796194,-6.420226
AGEN WAW METLAND SEKTOR 7,106.996086,-6.389872
AGEN WAW CARINGIN KEKUPU,106.791923,-6.396805
AGEN WAW MARZUKI KARANGBARU,107.130789,-6.266983
AGEN WAW BUANA PERKASA II PINANG,106.682736,-6.216313
AGEN WAW KAMPUS PRAMITA CURUG BINONG,106.584147,-6.23618
AGEN WAW CILANGKAP TOKO PINK,106.859079,-6.444335
AGEN WAW PANCASILA V GUNUNG PUTRI CICADAS,106.936898,-6.436239
AGEN WAW PANCORAN MAS SAWANGAN RAYA NO 23,106.795983,-6.39467
AGEN WAW BANJARAN PUCUNG 2 TAPOS CILANGKAP,106.86708,-6.42489
AGEN WAW KARANGGAN MODEL,106.880837,-6.46438
AGEN WAW CIKARANG UTARA HARJAMEKAR TATA SUKARTA,107.150141,-6.305098
AGEN WAW IMAM BONJOL 2 CIBITUNG,107.101526,-6.254248
AGEN WAW CIJENGKOL SETU,107.041832,-6.330597
AGEN WAW PAKULON SUTERA DELIMA IX,106.656627,-6.258364
AGEN WAW GRIYA BUKIT JAYA GUNUNG PUTRI,106.906762,-6.441049
AGEN  WAW GANDAMEKAR INSPEKSI KALIMALANG,107.088653,-6.280833
AGEN WAW BINONG TAMAN UBUD KENCANA,106.581384,-6.23752
AGEN WAW RUKO CENTRA HAVANA,106.676488,-6.321386
AGEN WAW TOKO BUKU MITRA MEDIA,106.733164,-6.359252
AGEN WAW LUBANG BUAYA PERUM GRAHA MUSTIKA MEDIA,107.050347,-6.318899
AGEN WAW KELAPA DUA PAKULONAN,106.626141,-6.238992
AGEN WAW RUKO TRACE JABABEKA,107.136369,-6.289029
AGEN WAW BOGOR MERCEDES BENZ,106.932507,-6.422194
AGEN WAW METLAND CILEUNGSI BLOK DH1,106.988774,-6.39308
AGEN WAW RESIDENCE CLUSTER TIRTAYASA,107.037492,-6.329049
AGEN WAW PAJAJARAN,106.596494,-6.210798
AGEN WAW PRABU KIANSANTANG,106.599589,-6.172267
AGEN WAW CURUG SANGERENG RUKO L'AGRICOLA,106.620771,-6.253432
AGEN WAW PASIR GOMBONG,107.150149,-6.273892
AGEN WAW PERMATA TANGERANG FC9,106.579229,-6.163206
AGEN WAW JARAKOSTA DANAU INDAH,107.10657,-6.365417
AGEN WAW METLAND RAYA NO. 7,107.107573,-6.254446
AGEN WAW PAMULANG BARAT RUKO PURI PAMULANG,106.723537,-6.342218
AGEN WAW PAMULANG RAYA PONDOK CABE UDIK,113.921327,-0.789275
AGEN WAW ALAMANDA 7 PERIUK GEMBOR,106.584205,-6.173243
AGEN WAW BUNTU PAMULANG BARAT,106.758198,-6.350024
AGEN WAW KERTAMUKTI CIPUTAT,106.758515,-6.312089
AGEN WAW KENTANG PONDOK CABE,106.773771,-6.327514
AGEN WAW CIATER RMC SERPONG,106.694478,-6.323575
Cimahi First Mile Hub,107.542677,-6.896245
IDA Warehouse,106.877547,-6.132284
Pinang 2 First Mile Hub,106.684525,-6.206597
Periuk First Mile Hub,106.602222,-6.166111
Kebon Jeruk 5 First Mile Hub,106.783477,-6.209364
Kenjeran First Mile Hub,112.76256,-7.300825
AGEN WAW THE NEST APARTMENT,106.722859,-6.197503
AGEN WAW SERPONG JELUPANG MELATI MAS,106.669377,-6.264731
AGEN WAW RADEN SALEH NO 45,106.840993,-6.407075
AGEN WAW KEMAKMURAN MEKAR JAYA,106.836426,-6.400709
AGEN WAW  MEKAR JAYA TOLE ISKANDAR,106.842875,-6.405431
AGEN WAW TEBET KEBON BARU PERKANTORAN MELLY A-17,106.862297,-6.226939
AGEN WAW MEKARSARI TIGA BERLIAN II,106.864809,-6.37151
AGEN WAW RUKO MUTIARA KOSAMBI BENDA,106.684904,-6.104328
AGEN WAW KEREO HOS COKROAMINOTO,106.743807,-6.236229
AGEN WAW OUTER RING ROAD CENGKARENG,106.726949,-6.159319
AGEN WAW RAYA BOGOR PALSIRGUNUNG,106.859025,-6.359307
AGEN WAW JATIRASA ANDALAS,106.968878,-6.290038
AGEN WAW GUNUNG PUTRI RAYA VILA NUSA INDAH BLOK GG,106.971826,-6.313965
AGEN WAW JELUTUNG BAKTIJAYA YESTOYEN,106.850302,-6.380583
AGEN WAW MEKARSARI RAYA,106.862406,-6.365451
AGEN WAW MANGUN JAYA RAYA TAMBUN SELATAN,107.057565,-6.251928
AGEN WAW DADAP RESIDENCE,106.709155,-6.093385
AGEN WAW MENCONG PENINGGILAN,106.716559,-6.24044
AGEN WAW MOCH NAIL NO 81B,106.847656,-6.376356
AGEN WAW GRAHA PRIMA TAMBUN,107.061004,-6.220188
AGEN WAW PASAR SARASWATI CILEDUG,106.708169,-6.223768
AGEN WAW PONDOK JAYA 9,106.717233,-6.271638
AGEN WAW MT HARYONO SUKASARI,106.633337,-6.179544
AGEN WAW PURI CENDANA TAMBUN,107.077364,-6.201315
AGEN WAW KUNCIRAN,106.663934,-6.213959
AGEN WAW KRANJI BANTENG,106.975222,-6.228164
AGEN WAW PONDOK AREN PUSKESMAS RAYA,106.716522,-6.261224
AGEN WAW RUKO ALAM INDAH PORIS,106.665656,-6.1943
AGEN WAW MAULANA HASANUDIN,106.678894,-6.174388
AGEN WAW MUSTIKA JAYA,107.018012,-6.296393
AGEN WAW MERPATI CIPUTAT,106.731004,-6.300965
AGEN WAW VILLA BINTARO PERMAI,106.702454,-6.286025
AGEN WAW JOMBANG CILEDUK,106.704334,-6.260052
AGEN WAW SILKWOOD RESIDENCES,106.650832,-6.225012
AGEN WAW KOSAMBI TIMUR PERUMAHAN TAMAN,106.697717,-6.086965
AGEN WAW KARANGSATRIA TAMAN ALAMANDA,107.044232,-6.21969
AGEN WAW GRIYA DADAP ESTATE,106.702936,-6.094207
AGEN WAW PONDOK PUCUNG INDAH,106.708194,-6.293012
AGEN WAW CIPADU JAYA PAJAK ATAS,106.732869,-6.250798
AGEN WAW SARUA CIATER RAYA,106.703574,-6.315782
AGEN WAW RENGAS PARKIT IV,106.752329,-6.28076
AGEN WAW JAPOS RAYA,106.720302,-6.257135
AGEN WAW BANTAR GEBANG SETU 20 MUSTIKAJAYA,107.005499,-6.315068
AGEN WAW CIPADU TRADE CENTER,106.738559,-6.248164
AGEN WAW KALIMANTAN LARANGAN,106.731782,-6.226413
AGEN WAW JURUMUDI HUSEIN SASTRANEGARA,106.68663,-6.136397
AGEN WAW ITC BSD,106.715725,-6.294936
AGEN WAW Anyelir,106.637934,-6.214669
AGEN WAW CILEDUG PENINGGILAN SUNAN GUNUNG JATI,106.713583,-6.247448
AGEN WAW KAP RAWA BARAT JOMBANG CIPUTAT,106.707869,-6.287731
AGEN WAW LENGKONG GUDANG TIMUR,106.686979,-6.291923
AGEN WAW KACANG TAJUR,106.69283,-6.24414
AGEN WAW ELFASH MUTIARA CIPTA,106.740308,-6.260166
AGEN WAW DUTA KRANJI,106.944213,-6.238776
AGEN WAW GREENLAKE CITY RUKAN CBD,106.703769,-6.185256
AGEN WAW INPRES RAYA 61 GAGA LARANGAN,106.72215,-6.239547
AGEN WAW MANGUNJAYA PERUMAHAN PAPAN INDAH 2,107.057005,-6.230748
AGEN WAW GAMPRIT JATIWARINGIN,106.91541,-6.276355
AGEN WAW PENEGAK RAYA JEMBATAN 2,107.000972,-6.273432
AGEN WAW BOJONG RAWALUMBU RUKO PESONA METROPOLITAN,106.989198,-6.294353
Cakung First Mile Hub,106.942245,-6.17495
Gambir First Mile Hub,106.812196,-6.177719
Kalideres First Mile Hub,106.712189,-6.10823
AGEN WAW GEMILANG KOMPUTER JAKARTA,106.825378,-6.136454
AGEN WAW JURAGAN KH MOH MANSYUR,106.808343,-6.164709
Parung Hub,106.731675,-6.43043
Serang Hub,106.178039,-6.107889
Gambir 3 Hub,106.808002,-6.16521
AGEN WAW PT WAW Express,106.760476,-6.284826
AGEN WAW TIPAR CAKUNG 48,106.93593,-6.175498
AGEN WAW PERNIAGAAN TAMBORA,106.733817,-6.223037
AGEN WAW SUMAGUNG III KELAPA GADING,106.902701,-6.171088
AGEN WAW KEBAYORAN LAMA PANJANG CIDODOL,106.771689,-6.233522
AGEN WAW KEBON JERUK MADRASAH 1,106.774378,-6.21469
AGEN WAW TIPAR CAKUNG 2,106.919093,-6.129664
AGEN WAW POS PENGUMBEN LAMA,106.766925,-6.217322
AGEN WAW PALMERAH JATI PULO PELITA 7,106.806112,-6.174925
AGEN WAW BASMOL RAYA KEMBANGAN UTARA,106.749369,-6.165242
AGEN WAW PULOMAS SELATAN,106.875902,-6.185504
AGEN WAW PLUIT KARANG ELOK,106.783193,-6.117766
AGEN WAW KRENDANG RAYA JEMBATAN 5,106.805769,-6.151408
AGEN WAW RAWA BEBEK PENJARINGAN,106.800479,-6.131994
AGEN WAW PETUKANGAN UTARA AMD,106.748874,-6.229976
AGEN WAW PEGANGSAAN DUA GADING ARCADIA BLOK B,106.921324,-6.164377
AGEN WAW PERKANTORAN ANNUR,106.922754,-6.234729
AGEN WAW PERKANTORAN ANNUR,106.922754,-6.234729
AGEN WAW CENGKARENG TIMUR PEDONGKELAN RAYA,106.747529,-6.154113
AGEN WAW JAGAKARSA RAYA NO 54,106.82176,-6.326501
AGEN WAW RANDU KELAPA DUA WETAN,106.883054,-6.33424
AGEN WAW MANGGA DUA SQUARE LT 1,106.793462,-6.288084
AGEN WAW MGK KEMAYORAN,106.845543,-6.162342
AGEN WAW INTAN UJUNG CILANDAK,106.802859,-6.294469
AGEN WAW KESATRIAAN CILINCING,106.947625,-6.174587
AGEN WAW SUMUR BATU HOWITZER RAYA,106.869949,-6.163687
AGEN WAW BELMONT RESIDENCE,106.763615,-6.202328
AGEN WAW TANAH PASIR PLUIT,106.800889,-6.128578
AGEN WAW KEBUN JERUK MAPHAR,106.824682,-6.146108
AGEN WAW TANAH SEREAL,106.811927,-6.149309
AGEN WAW BUDI MULIA,106.835557,-6.130223
AGEN WAW SUNTER AGUNG NUSANTARA SELATAN,106.871148,-6.134035
AGEN WAW ROSELA,106.774742,-6.181168
AGEN WAW GAHARU WIJAYA KUSUMA,106.776403,-6.154989
AGEN WAW KALI SEKERTARIS TANJUNG DUREN,106.773999,-6.165577
AGEN WAW PONDOK LABU PETHUIS,106.793618,-6.306025
AGEN WAW PEKAYON BELLY PASAR REBO,106.867077,-6.332741
AGEN WAW SEMERU RAYA,106.794289,-6.154932
AGEN WAW LTC GLODOK CCTV,106.826906,-6.160703
AGEN WAW RUKO PINANGSIA,106.815766,-6.140541
AGEN WAW LENTENG AGUNG,106.798128,-6.365324
AGEN WAW MUARA BARU 14,106.803891,-6.122651
AGEN WAW ITC ROXY MAS LT 4,106.802676,-6.166585
AGEN WAW RUSUN CONVER,106.854447,-6.153477
AGEN WAW PONDOK BAMBU CENDANI RAYA,106.904528,-6.237342
AGEN WAW SUNTER GARDEN RAYA,106.866038,-6.135826
AGEN WAW TERUSAN BANDENGAN UTARA,106.789941,-6.137382
AGEN WAW WARUNG SILAH,106.810902,-6.345824
AGEN WAW PULOGEBANG PERMAI,106.954241,-6.196326
AGEN WAW MANGGA DUA PINANGSIA,106.818771,-6.137234
AGEN WAW PONDOK LABU PETHUIS,106.793618,-6.306025
AGEN WAW PANGERAN JAYAKARTA PINANGSIA,106.822802,-6.140426
AGEN WAW KEBON KELAPA BATU TULIS,106.823557,-6.163562
AGEN WAW ANCOL SELATAN SUNTER JAYA,106.857543,-6.132541
AGEN WAW RUKO MEGA GROSIR CEMPAKA MAS,106.877103,-6.165831
AGEN WAW SUMUR BATU RAYA 3A,106.865345,-6.164937
AGEN WAW TANAH TINGGI,106.845869,-6.17602
AGEN WAW PASAR PAGI MANGGA DUA,106.821874,-6.136327
AGEN WAW PLUIT SAKTI RAYA,106.788912,-6.12246
AGEN WAW TANJUNG PRIOK TONGKOL,106.883075,-6.111573
AGEN WAW TANJUNG PRIOK IV,106.863512,-6.137739
AGEN WAW JELAMBAR BARU RAYA,106.792201,-6.154724
AGEN WAW CILINCING BAKTI PEDONGKELAN,106.934774,-6.109492
AGEN WAW KEMBANGAN RIZKY,106.755585,-6.218825
AGEN WAW TEGAL ALUR OSWEGIA 5,106.724897,-6.123263
AGEN WAW TAMAN ARIES KEMBANGAN,106.747062,-6.19228
AGEN WAW GEDUNG SUPERINDO CITRA 2,106.706749,-6.144804
Makassar DC,119.511818,-5.071999
Balikpapan DC,116.934534,-1.24963
Jatiasih First Mile Hub,106.942374,-6.349316
AGEN WAW SETIA BUDI PASAR RUMPUT LT 1,106.840884,-6.207646
AGEN WAW TAMAN MODERN UJUNG MENTENG,106.954744,-6.191762
AGEN WAW MENTENG RAYA JELAWE,106.841803,-6.214132
AGEN WAW RAYA BOGOR KM 11 KRAMATJATI,106.867368,-6.27017
AGEN WAW KRAMAT BATU CILANDAK,106.793188,-6.272387
AGEN WAW BINTARO PERMAI PESANGGRAHAN,106.7597,-6.256555
AGEN WAW SETIA BUDI GURU MUGHNI,106.820641,-6.222009
AGEN WAW H. ABD MADJID CIPETE,106.799183,-6.26593
AGEN WAW PASAR MAYESTIK TOWER A,106.791014,-6.240843
AGEN WAW KARET KUNINGAN ANGGREK RAYA,106.825743,-6.21766
AGEN WAW CIPETE UTARA KHM NAIM 3,106.80938,-6.26295
AGEN WAW PASAR REBO JL SAWI,106.865853,-6.341386
AGEN WAW PESANGGRAHAN GARUDA,106.756455,-6.251493
Penjaringan 5 First Mile Hub,106.762334,-6.136961
Taman Sari Jakarta Barat 3 First Mile Hub,106.826342,-6.153959
AGEN WAW CENGHAY RAWA BUNGA,106.871737,-6.220521
AGEN WAW RUKO TOHO,106.75173,-6.131531
AGEN WAW KOMARUDIN RAYA CAKUNG,106.942309,-6.202246
AGEN WAW PELEPAH INDAH,106.904746,-6.156196
AGEN WAW PETA BARAT KALIDERES,106.70066,-6.144233
AGEN WAW RAYA JOGLO 72,106.726863,-6.219137
AGEN WAW CILANGKAP RAYA A5,106.902445,-6.339761
AGEN WAW TELUK MAS,106.789341,-6.137069
AGEN WAW MELUR 6 RAWABADAK UTARA,106.894628,-6.11531
AGEN WAW WARAKAS VI,106.873295,-6.126085
AGEN WAW RAWA BUAYA HANOMAN,106.74128,-6.162184
AGEN WAW RUKO MUTIARA TAMAN PALM RAYA,106.73172,-6.141805
Jatiasih 2 Hub,106.93833,-6.352324
Malang Hub,112.649709,-7.937525
AGEN WAW Mutiara Taman Palem,106.730395,-6.137668
AGEN WAW BEKASI TIMUR KM18,106.905934,-6.196072
AGEN WAW CAKUNG THE SAVOY GARDEN CITY,106.953344,-6.178626
AGEN WAW ITC PERMATA HIJAU,106.793437,-6.288085
AGEN WAW PASAR KEMBANG RAWA BELONG,106.778205,-6.206127
AGEN WAW RAMBUTAN CIRACAS TB SIMATUPANG,106.868219,-6.306708
AGEN WAW KEMBANG KEREP,106.742664,-6.194613
AGEN WAW PURI PARKVIEW,106.756868,-6.19341
AGEN WAW POLTANGAN RAYA 32 PEJATEN PASAR MINGGU,106.844099,-6.295866
AGEN WAW SUKABUMI UTARA KEBAYORAN,106.785121,-6.213583
AGEN WAW  Perumahan Walikota Meruya,106.724247,-6.213229
AGEN WAW CONDET RAYA 193,106.855372,-6.285686
AGEN WAW BATU AMPAR BUDAYA NO 1B,106.860292,-6.268754
AGEN WAW RUKAN PULO GEBANG PERMAI,106.954912,-6.196506
AGEN WAW PISANGAN LAMA BARAT,106.874673,-6.21355
AGEN WAW BARAT MAJID AL-ITTIHAD,106.767798,-6.213479
AGEN WAW BAMBU WULUNG,106.904903,-6.318315
AGEN WAW MALL TAMINI SQUARE LT 2,106.881366,-6.291526
AGEN WAW KRAMAT JATI DUKUH PENGGILINGAN BARU III,106.881687,-6.304219
AGEN WAW SRENGSENG RAYA 222 KEMBANGAN,106.758985,-6.21006
AGEN WAW JAKARTA BARAT SUKABUMI SELATAN,106.770875,-6.223994
AGEN WAW RAYA DURI KOSAMBI,106.726429,-6.162165
AGEN WAW METRO BROAD WAY,106.75359,-6.128791
AGEN WAW TAMAN RATU,106.770672,-6.164738
AGEN WAW PEJAGALAN 1 PEKOJAN,106.804813,-6.137703
AGEN WAW MANGGA BESAR TANGKI,106.822605,-6.145464
AGEN WAW TAMAN SURYA V,106.709873,-6.136651
AGEN WAW JOHAR BARU PANGKALAN ASEM,106.859623,-6.181048
AGEN WAW TEGAL ALUR,106.717674,-6.123143
AGEN WAW PONDOK BAMBU,106.902819,-6.238262
AGEN WAW OTISTA 2,106.868466,-6.230527
AGEN WAW WARAKAS 2,106.876982,-6.118591
AGEN WAW PEJAGALAN TELUK INTAN,106.784877,-6.135861
AGEN WAW APARTMENT LAGUNA BLOK MM LT DASAR,106.799034,-6.123341
AGEN WAW KEBON BAWANG SWASEMBADA XI,106.891629,-6.122509
AGEN WAW FAJAR BARU UTARA RAYA,106.734324,-6.145654
AGEN WAW BENDA RAYA,106.707409,-6.10472
Medan Hub,98.736917,3.603556
AGEN WAW KOMPLEK SUKAPURA,106.922129,-6.151581
AGEN WAW KH MANSYUR 209,106.807779,-6.149637
AGEN WAW KRAMAT LONTAR,106.849766,-6.188396
AGEN WAW TANAH TINGGI 3,106.847331,-6.176372
AGEN WAW KARANG ANYAR G RAYA NO. 20,106.83059,-6.1537
AGEN WAW PONDOK KELAPA TAMAN MALAKA SELATAN,106.922706,-6.230361
AGEN WAW RINGDINGDONG JAKARTA,106.876169,-6.212527
AGEN WAW TUGU SELATAN PERJUANGAN RAYA,106.903276,-6.136551
AGEN WAW BUKIT DURI TEBET,106.855097,-6.223558
AGEN WAW HARAPAN 3 CIPINANG MELAYU,106.900978,-6.247206
AGEN WAW PONDOK BAMBU KOLONEL SUGIONO,106.905798,-6.229464
AGEN WAW TALANG 16B MENTENG,106.849416,-6.201299
AGEN WAW PULO JAHE,106.922562,-6.198149
AGEN WAW PONDOK KELAPA RAYA No 21C,106.935693,-6.247847
AGEN WAW MALAKA JAYA BUNGA RAMPAI,106.936182,-6.224525
AGEN WAW DELIMA RAYA PERUMNAS,106.936613,-6.22284
AGEN WAW DR. SOEMARNO CAKUNG,106.940172,-6.21324
AGEN WAW CIPINANG MUARA NO 81,106.891412,-6.21668
AGEN WAW CIPINANG SELATAN,106.878317,-6.229569
AGEN WAW TIPAR CAKUNG,106.921604,-6.1361
Cikarang Selatan Hub,107.149826,-6.306502
AGEN WAW MANGGA DUA MALL,106.838046,-6.12986
AGEN WAW ITC CEMPAKA MAS,106.847247,-6.165409
AGEN WAW ANGKE INDAH,106.799613,-6.145406
AGEN WAW THAMRIN CITY 2,106.81639,-6.194058
AGEN  WAW KEMAYORAN KRPU TIMUR,106.845558,-6.165587
AGEN WAW SUNTER JAYA TELAGA RAYA,106.863656,-6.15081
AGEN WAW JELAMBAR SENI BUDAYA,106.78489,-6.15111
AGEN WAW TANAH ABANG BLOK B,106.81452,-6.188005
AGEN WAW ROXY SQUARE,106.718297,-6.122993
AGEN WAW KOMP TAMAN DUTA MAS,106.780236,-6.15143
AGEN WAW RUKO CITY SQUARE BLOK G KALIDERES,106.702705,-6.151532
AGEN WAW GAJAH MADA RESIDENCE,106.816003,-6.1444
AGEN WAW PENJARINGAN WACUNG,106.796685,-6.135056
AGEN  WAW HARCO MANGGA DUA,106.829033,-6.13754
Cengkareng 4 First Mile Hub,106.762455,-6.15808
AGEN WAW SUNTER MAS BARAT,106.871158,-6.157334
AGEN WAW PINTU BESAR SELATAN NO 73,106.74128,-6.162184
AGEN WAW KEDOYA UTARA RAYA 48,113.921327,-0.789275
AGEN WAW KEDOYA UTARA SURYA SARANA (inactive),106.764605,-6.174869
AGEN WAW KEDOYA UTARA SURYA SARANA,106.764605,-6.174869
AGEN WAW PURI INDAH,113.921327,-0.789275
AGEN WAW KAPUK RAYA,106.741484,-6.129018
AGEN WAW KAYU BESAR,106.756062,-6.136509
AGEN WAW PEMATA TAMAN PALEM,106.757982,-6.191944
AGEN WAW RUKO KOSAMBI BARU,106.71368,-6.175022
AGEN WAW UTAMA RAYA,106.724121,-6.150077
AGEN WAW AGUNG PERKASA,106.87268,-6.142212
AGEN WAW EKOR KUNING RAYA,106.893256,-6.200515
AGEN WAW PLUIT KARANG PERMAI,106.776024,-6.121751
AGEN WAW PINTU BESAR SELATAN NO 73,106.74128,-6.162184
AGEN WAW PETA BARAT RAYA,106.697431,-6.143285
AGEN WAW RUKO SUNTER ICON,106.852159,-6.135405
AGEN WAW TEGAL ALUR TAMAN PALEM LESTARI,106.716394,-6.130434
AGEN WAW TELUKGONG,106.900368,-6.115192
AGEN WAW KEBUN JERUK 3,106.764748,-6.183459
AGEN WAW MENARA LATUMENTEN,106.792351,-6.15413
Medan Satria First Mile Hub,106.973453,-6.200338
Pamulang First Mile Hub,106.736496,-6.320673
Pinang 3 First Mile Hub,106.680703,-6.205786
AGEN WAHANA JAKARTA BARAT RUKO PELANGI,106.728308,-6.13544
AGEN WAHANA JAKARTA BARAT MALIBU,106.734328,-6.132842
AGEN WAHANA JAKARTA BARAT DURI KOSAMBI,106.70761,-6.17683
AGEN WAHANA JAKARTA RUKO CBD CITY PARK,106.732833,-6.131597
AGEN WAHANA JAKARTA BARAT RUKO SEDAYU SQUARE,106.729177,-6.128603
AGEN WAHANA JAKARTA BARAT PEDONGKELAN KAPUK,106.748046,-6.150926
AGEN WAHANA JAKARTA BARAT CITYPARK,113.921327,-0.789275
AGEN WAHANA JAKARTA BARAT APARTEMEN SEMANAN INDAH,106.71951,-6.163662
AGEN WAHANA JAKARTA BARAT BANGUN NUSA,106.729719,-6.151113
AGEN WAHANA JAKARTA BARAT BOJONG RAYA RAWA BUAYA,106.735394,-6.164752
Percut Sei Tuan DC,98.716388,3.516846
Pancoran First Mile Hub,106.832104,-6.257902
Cimanggis 2 First Mile Hub,106.86064,-6.36648
Pancoran DC,106.718304,-6.110293
Pinang 4 Hub,106.62834,-6.1988
Sarmi DC,138.750755,-1.852697
Surabaya DC,112.660153,-7.222492
Pancoran 2 Hub,106.844004,-6.255257
Bekasi DC,106.976762,-6.198416
Yogyakarta Hub,110.347621,-7.823137
Solo Hub,110.818975,-7.601977
Kapuk DC,106.861297,-6.411225
Bogor Selatan Hub,106.834142,-6.639563
Bandung DC,107.536719,-6.909678
IDexpress Hub,106.880612,-6.133567
Surabaya Hub,112.757889,-7.336833
Cimanggis 2 Hub,106.86064,-6.36648
Semarang Hub,110.391825,-6.987731
Bandung Hub,107.641714,-6.948552
Tambun Utara Hub,107.040611,-6.210503
Pesanggrahan Hub,106.76089,-6.28589
Cengkareng 4 Hub,106.762332,-6.157696
Jakarta DC,106.879088,-6.131053
Tanjung Priok 2 Hub,106.881416,-6.140874
