lm_station_name,last_1trip,last_multi
2 X 11 Enam Lingkung Hub,5:00,13:00
Abang Hub,5:00,12:00
Abeli Hub,5:00,13:00
Abepura 2 Hub,5:00,13:00
Abepura Hub,5:00,13:00
Abiansemal Hub,5:00,13:00
Abung Barat Hub,5:00,13:00
Abung Selatan Hub,5:00,13:00
Abung Tengah Hub,5:00,13:00
Abung Timur 2 Hub,5:00,12:00
Abung Timur Hub,5:00,13:00
Adian Koting Hub,5:00,13:00
Adimulyo Hub,5:00,14:00
Adipala Hub,5:00,14:00
Adiwerna 2 Hub,5:00,14:00
Adiwerna Hub,5:00,14:00
Adonara Timur Hub,5:00,12:00
Adu Manis Hub,5:00,13:00
Aek Kanopan Hub,5:00,13:00
Aek Kuo Hub,5:00,13:00
Aek Natas Hub,5:00,13:00
Aesesa Hub,5:00,13:00
Agats Hub,5:00,13:00
Aikmel Hub,5:00,13:00
Air Gegas Hub,5:00,12:00
Air Hitam Hub,5:00,13:00
Air Joman Hub,5:00,13:00
Air Kumbang Hub,5:00,13:00
Air Manjunto Hub,5:00,13:00
Air Napal Hub,5:00,13:00
Air Periukan Hub,5:00,13:00
Air Putih Hub,5:00,13:00
Air Upas Hub,5:00,13:00
Airmadidi Hub,5:00,13:00
Ajibarang Hub,5:00,14:00
Ajung Hub,5:00,14:00
Akabiluru Hub,5:00,13:00
Alak Hub,5:00,13:00
Alalak Hub,5:00,13:00
Alang Alang Lebar Hub,5:00,13:00
Alas Hub,5:00,13:00
Alian Hub,5:00,14:00
Alla Hub,5:00,15:00
Alok Hub,5:00,13:00
Amali Hub,5:00,13:00
Ambarawa Hub,5:00,14:00
Ambulu 2 Hub,5:00,14:00
Ambulu Hub,5:00,14:00
Ampana Kota Hub,5:00,12:00
Ampana Tete Hub,5:00,12:00
Ampek Angkek Hub,5:00,13:00
Ampek Nagari Hub,5:00,12:00
Ampel Hub,5:00,14:00
Ampelgading Hub,5:00,14:00
Ampenan Hub,5:00,13:00
Ampibabo Hub,5:00,12:00
Amuntai Tengah Hub,5:00,13:00
Amurang Barat Hub,5:00,12:00
Anak Tuha Hub,5:00,13:00
Andir Hub,5:00,14:00
Andong Hub,5:00,14:00
Andoolo Hub,5:00,12:00
Andowia Hub,5:00,12:00
Anggana Hub,5:00,13:00
Angkola Barat Hub,5:00,13:00
Angkola Selatan Hub,5:00,13:00
Angkola Timur Hub,5:00,13:00
Angkona Hub,5:00,12:00
Angsana Hub,5:00,13:00
Anjatan Hub,5:00,14:00
Anjir Muara Hub,5:00,13:00
Anjongan Hub,5:00,13:00
Antang Kalang Hub,5:00,13:00
Antapani Hub,5:00,14:00
Anyar Hub,5:00,14:30
Aralle Hub,5:00,13:00
Arcamanik Hub,5:00,14:00
Arjasa Hub,5:00,14:00
Arjasari Hub,5:00,14:00
Arjawinangun Hub,5:00,14:00
Arjosari Hub,5:00,14:00
Arosbaya Hub,5:00,14:00
Arso 2 Hub,5:00,12:00
Arso Hub,5:00,13:00
Arut Selatan 3 Hub,5:00,13:00
Arut Selatan Hub,5:00,13:00
Asakota Hub,5:00,13:00
Asembagus Hub,5:00,14:00
Asemrowo 3 Hub,5:00,14:00
Asemrowo Hub,5:00,14:00
Astambul Hub,5:00,13:00
Astana Anyar Hub,5:00,14:00
Astanajapura Hub,5:00,14:00
Atambua Kota Hub,5:00,13:00
Awangpone Hub,5:00,12:00
Awayan Hub,5:00,13:00
Ayah Hub,5:00,14:00
BATALAIWARU (BATALAIWORU) Hub,5:00,13:00
Baamang 2 Hub,5:00,13:00
Baamang 3 Hub,5:00,13:00
Baamang Hub,5:00,13:00
Babadan Hub,5:00,14:00
Babakan Ciparay 3 Hub,5:00,14:00
Babakan Madang Hub,5:00,14:00
Babalan Hub,5:00,13:00
Babat Hub,5:00,14:00
Babat Supat Hub,5:00,12:00
Babat Toman Hub,5:00,13:00
Babelan 2 Hub,5:00,14:00
Babelan 4 Hub,5:00,14:00
Babulu Hub,5:00,13:00
Babussalam Hub,5:00,13:00
Bacan Hub,5:00,13:00
Bacukiki Barat Hub,5:00,13:00
Badar Hub,5:00,13:00
Badau Hub,5:00,13:00
Baebunta 2 Hub,5:00,12:00
Baebunta Hub,5:00,13:00
Bagan Hulu Hub,5:00,13:00
Bagan Sinembah 2 Hub,5:00,12:00
Bagan Sinembah Hub,5:00,13:00
Bagelen 2 Hub,5:00,14:00
Bagelen Hub,5:00,14:00
Bagor Hub,5:00,14:00
Baguala 2 Hub,5:00,13:00
Baguala Hub,5:00,13:00
Bahar Selatan Hub,5:00,12:00
Bahodopi 2 Hub,5:00,13:00
Bahodopi 3 Hub,5:00,13:00
Bahodopi 4 Hub,5:00,13:00
Bahodopi 5 Hub,5:00,13:00
Bahodopi Hub,5:00,13:00
Bahorok Hub,5:00,13:00
Baitussalam Hub,5:00,13:00
Bajawa Hub,5:00,13:00
Bajeng Hub,5:00,13:00
Bajubang 2 Hub,5:00,13:00
Bajubang Hub,5:00,13:00
Bajuin Hub,5:00,13:00
Bakam 2 Hub,5:00,12:00
Bakam Hub,5:00,13:00
Baki Hub,5:00,14:00
Bakongan Hub,5:00,12:00
Balai Hub,5:00,13:00
Balai Riam 2 Hub,5:00,12:00
Balai Riam Hub,5:00,13:00
Balapulang Hub,5:00,14:00
Balaraja 6 Hub,5:00,14:30
Balaraja Hub,5:00,14:30
Baleendah Hub,5:00,14:00
Balige Hub,5:00,13:00
Balik Bukit Hub,5:00,13:00
Balikpapan Barat Hub,5:00,13:00
Balikpapan Hub,5:00,13:00
Balikpapan Kota Hub,5:00,13:00
Balikpapan Timur 2 Hub,5:00,13:00
Balikpapan Timur Hub,5:00,13:00
Balikpapan Utara 3 Hub,5:00,13:00
Balikpapan Utara Hub,5:00,13:00
Balong Hub,5:00,14:00
Balongbendo Hub,5:00,14:00
Balonggede Hub,5:00,14:00
Balusu Hub,5:00,13:00
Banawa Hub,5:00,13:00
Banda Aceh Hub,5:00,13:00
Banda Sakti Hub,5:00,13:00
Bandar 2 Hub,5:00,14:00
Bandar Baru Hub,5:00,13:00
Bandar Bener Meriah Hub,5:00,13:00
Bandar Hub,5:00,14:00
Bandar Huluan Hub,5:00,13:00
Bandar Masilam Hub,5:00,13:00
Bandar Mataram 3 Hub,5:00,13:00
Bandar Mataram Hub,5:00,13:00
Bandar Negeri Suoh 2 Hub,5:00,13:00
Bandar Negeri Suoh Hub,5:00,13:00
Bandar Pasir Mandoge Hub,5:00,13:00
Bandar Pulau Hub,5:00,12:00
Bandar Sei Kijang Hub,5:00,13:00
Bandar Simalungun Hub,5:00,13:00
Bandar Sribawono Hub,5:00,13:00
Banding Agung 2 Hub,5:00,12:00
Banding Agung Hub,5:00,13:00
Bandongan Hub,5:00,14:00
Bandung Barat Hub,5:00,14:00
Bandung Hub,5:00,14:00
Bandung Kulon Hub,5:00,14:00
Bandung Timur Hub,5:00,14:00
Bandung Utara Hub,5:00,14:00
Banggae Timur Hub,5:00,13:00
Banggai Hub,5:00,13:00
Bangkala Hub,5:00,13:00
Bangkalan Hub,5:00,14:00
Bangkalan Kota Hub,5:00,14:00
Bangkinang Hub,5:00,13:00
Bangkinang Seberang Hub,5:00,12:00
Bangko Barat Hub,5:00,13:00
Bangko Hub,5:00,13:00
Bangko Pusaka (Pusako) 2 Hub,5:00,13:00
Bangko Pusaka (Pusako) Hub,5:00,13:00
Bangko Rokan Hilir 2 Hub,5:00,13:00
Bangko Rokan Hilir Hub,5:00,13:00
Bangli Hub,5:00,13:00
Bangorejo Hub,5:00,14:00
Bangsri Hub,5:00,14:00
Bangun Purba Hub,5:00,13:00
Bangun Purba Kab. Deli Serdang Hub,5:00,13:00
Bangunrejo Hub,5:00,13:00
Banguntapan 2 Hub,5:00,14:00
Banguntapan Hub,5:00,14:00
Banjar Hub,5:00,13:00
Banjar Margo Hub,5:00,13:00
Banjaran Hub,5:00,14:00
Banjarangkan Hub,5:00,13:00
Banjarbaru 2 Hub,5:00,13:00
Banjarbaru Hub,5:00,13:00
Banjarbaru Utara 2 Hub,5:00,13:00
Banjarbaru Utara Hub,5:00,13:00
Banjarmasin Barat Hub,5:00,13:00
Banjarmasin Hub,5:00,13:00
Banjarmasin Selatan Hub,5:00,13:00
Banjarmasin Tengah Hub,5:00,13:00
Banjarmasin Timur Hub,5:00,13:00
Banjarmasin Utara Hub,5:00,13:00
Banjarnegara Hub,5:00,14:00
Banjarsari Hub,5:00,14:00
Banjarsari Solo Hub,5:00,14:00
Banjit Hub,5:00,13:00
Bantaeng Hub,5:00,13:00
Bantan Hub,5:00,13:00
Bantaran Hub,5:00,14:00
Bantarbolang Hub,5:00,14:00
Bantargebang Hub,5:00,14:00
Bantarkawung Hub,5:00,14:00
Bantarsari Hub,5:00,14:00
Bantarujeg Hub,5:00,14:00
Bantimurung Hub,5:00,13:00
Bantul Hub,5:00,14:00
Banuhampu 2 Hub,5:00,13:00
Banuhampu Hub,5:00,13:00
Banyu Anyar Hub,5:00,14:00
Banyuasin Hub,5:00,13:00
Banyuasin I Hub,5:00,13:00
Banyuasin II Hub,5:00,13:00
Banyuates Hub,5:00,14:00
Banyubiru Hub,5:00,14:00
Banyumanik Hub,5:00,14:00
Banyumas Hub,5:00,14:00
Banyuputih Hub,5:00,14:00
Banyuurip Hub,5:00,14:00
Banyuwangi Hub,5:00,14:00
Baolan Hub,5:00,13:00
Bara Hub,5:00,13:00
Barabai Hub,5:00,13:00
Baraka Hub,5:00,15:10
Barangka Hub,5:00,12:00
Baras 2 Hub,5:00,13:00
Baras Hub,5:00,12:00
Barat 2 Hub,5:00,14:00
Barat Hub,5:00,14:00
Barombong Hub,5:00,13:00
Barong Tongkok 2 Hub,5:00,13:00
Barong Tongkok Hub,5:00,13:00
Baros Serang Hub,5:00,14:30
Barru Hub,5:00,13:00
Barumun Hub,5:00,13:00
Barumun Tengah Hub,5:00,13:00
Barus Hub,5:00,13:00
Batahan Hub,5:00,13:00
Batam 2 Hub,5:00,13:00
Batam Hub,5:00,13:00
Batang Alai Utara Hub,5:00,13:00
Batang Asam Hub,5:00,12:00
Batang Batang Hub,5:00,14:00
Batang Cenaku 2 Hub,5:00,13:00
Batang Cenaku Hub,5:00,13:00
Batang Gansal Hub,5:00,13:00
Batang Hub,5:00,14:00
Batang Kapas Hub,5:00,13:00
Batang Merangin Hub,5:00,12:00
Batang Natal Hub,5:00,12:00
Batang Peranap Hub,5:00,12:00
Batang Serangan Hub,5:00,13:00
Batang Toru Hub,5:00,13:00
Batanghari Leko Hub,5:00,12:00
Batauga Hub,5:00,13:00
Bathin Viii (Batin Viii) Hub,5:00,13:00
Bati-bati Hub,5:00,13:00
Batik Nau Hub,5:00,13:00
Batin XXIV Hub,5:00,12:00
Batipuh Hub,5:00,13:00
Batu Aji Hub,5:00,13:00
Batu Ampar 2 Hub,5:00,13:00
Batu Ampar Hub,5:00,13:00
Batu Engau Hub,5:00,12:00
Batu Hampar Hub,5:00,13:00
Batu Hub,5:00,14:00
Batu Layar Hub,5:00,13:00
Batu Sopang Hub,5:00,13:00
Batubara Hub,5:00,13:00
Batuceper Hub,5:00,14:30
Batui Hub,5:00,13:00
Batujajar Hub,5:00,14:00
Batujaya Hub,5:00,14:00
Batukliang Hub,5:00,13:00
Batukuning Lakitan Ulu Hub,5:00,13:00
Batulicin 4 Hub,5:00,13:00
Batulicin Hub,5:00,13:00
Batur Hub,5:00,14:00
Baturaden Hub,5:00,14:00
Baturaja Timur 2 Hub,5:00,13:00
Baturaja Timur Hub,5:00,13:00
Baturetno Hub,5:00,14:00
Baturiti 5 Hub,5:00,13:00
Baturiti Hub,5:00,13:00
Baureno Hub,5:00,14:00
Bawang Batang Hub,5:00,14:00
Bawang Hub,5:00,14:00
Bawen Hub,5:00,14:00
Bayah Hub,5:00,14:30
Bayan Hub,5:00,13:00
Bayang Hub,5:00,13:00
Bayongbong Hub,5:00,14:00
Bayung Lencir 3 Hub,5:00,12:00
Bayung Lencir Hub,5:00,13:00
Bebesen Hub,5:00,13:00
Beduai (Beduwai) Hub,5:00,13:00
Beji Kota Depok Hub,5:00,14:00
Bekasi Barat Hub,5:00,14:00
Bekasi Selatan Hub,5:00,14:00
Bekasi Timur 2 Hub,5:00,14:00
Bekasi Timur 3 Hub,5:00,14:00
Bekasi Utara Hub,5:00,14:00
Belakang Padang Hub,5:00,12:00
Belawa Hub,5:00,13:00
Belik Hub,5:00,14:00
Belimbing Hub,5:00,13:00
Belinyu Hub,5:00,13:00
Belitang Hilir Hub,5:00,13:00
Belitang Hub,5:00,13:00
Belitang Hulu Hub,5:00,13:00
Belitang III Hub,5:00,13:00
Belitang Madang Raya Hub,5:00,12:00
Belopa Hub,5:00,13:00
Benai Hub,5:00,13:00
Benda 2 Hub,5:00,14:30
Benda 3 Hub,5:00,14:30
Bendosari Hub,5:00,14:00
Bendungan Hub,5:00,14:00
Bengalon 2 Hub,5:00,13:00
Bengalon Hub,5:00,13:00
Bengkalis 4 Hub,5:00,12:00
Bengkalis Hub,5:00,13:00
Bengkayang Hub,5:00,13:00
Bengkong 2 Hub,5:00,13:00
Bengkong Hub,5:00,13:00
Bengkulu Hub,5:00,13:00
Bengkunat Hub,5:00,12:00
Bengo 2 Hub,5:00,12:00
Bengo Hub,5:00,13:00
Benowo Hub,5:00,14:00
Benteng Hub,5:00,13:00
Benua Kayong Hub,5:00,13:00
Beo Hub,5:00,12:00
Berangin Hub,5:00,13:00
Berastagi Hub,5:00,13:00
Berbek Hub,5:00,14:00
Beruntung Baru Hub,5:00,12:00
Besitang Hub,5:00,12:00
Besuki Hub,5:00,14:00
Betara 2 Hub,5:00,13:00
Betara Hub,5:00,13:00
Betung Hub,5:00,13:00
Biau Hub,5:00,13:00
Biduk-Biduk Hub,5:00,13:00
Bilah Hilir Hub,5:00,13:00
Bilah Hulu Hub,5:00,13:00
Binamu Hub,5:00,13:00
Binangun Hub,5:00,14:00
Binangun Kab. Cilacap Hub,5:00,14:00
Binduriang Hub,5:00,13:00
Binjai 2 Hub,5:00,13:00
Binjai Barat 2 Hub,5:00,13:00
Binjai Barat Hub,5:00,13:00
Binjai Hub,5:00,13:00
Binjai Hulu 3 Hub,5:00,13:00
Binjai Hulu Hub,5:00,13:00
Binjai Selatan Hub,5:00,13:00
Binong Hub,5:00,14:00
Bintan Timur Hub,5:00,13:00
Bintan Utara Hub,5:00,13:00
Bintauna Hub,5:00,13:00
Bintuni Hub,5:00,13:00
Binuang Hub,5:00,13:00
Biringkanaya 2 Hub,5:00,13:00
Blambangan Umpu Hub,5:00,12:00
Blang Jerango Hub,5:00,12:00
Blang Kejeren Hub,5:00,13:00
Blega Hub,5:00,14:00
Blitar Hub,5:00,14:00
Blora Hub,5:00,14:00
Blubur Limbangan Hub,5:00,14:00
Bluto Hub,5:00,14:00
Bobotsari Hub,5:00,14:00
Bodeh Hub,5:00,14:00
Bogor Barat 2 Hub,5:00,14:00
Bogor Selatan 2 Hub,5:00,14:00
Bogor Selatan 4 Hub,5:00,14:00
Bogor Selatan Hub,5:00,14:00
Bogor Tengah Hub,5:00,14:00
Bogor Utara 2 Hub,5:00,14:00
Boja Hub,5:00,14:00
Bojonegoro Hub,5:00,14:00
Bojong Gede Hub,5:00,14:00
Bojong Hub,5:00,14:00
Bojongloa Kaler Hub,5:00,14:00
Bojongloa Kidul Hub,5:00,14:00
Bojongsari Depok Hub,5:00,14:00
Bojongsari Hub,5:00,14:00
Bojongsoang 2 Hub,5:00,14:00
Bojongsoang Hub,5:00,14:00
Bokat Hub,5:00,13:00
Bolaang Uki Hub,5:00,12:00
Bolano Lambunu Hub,5:00,13:00
Bolo Hub,5:00,13:00
Bonai Darussalam Hub,5:00,12:00
Bonang Hub,5:00,14:00
Bondowoso Hub,5:00,14:00
Bongas Hub,5:00,14:00
Bontang Hub,5:00,13:00
Bontang Selatan 2 Hub,5:00,13:00
Bontang Selatan Hub,5:00,13:00
Bontang Utara Hub,5:00,13:00
Bonti Hub,5:00,13:00
Bonto Bahari Hub,5:00,13:00
Bontoa Hub,5:00,13:00
Bontomarannu Hub,5:00,13:00
Bontonompo Selatan Hub,5:00,13:00
Borobudur Hub,5:00,14:00
Borong Hub,5:00,13:00
Bosar Maligas Hub,5:00,13:00
Boyolali Hub,5:00,14:00
Boyolangu Hub,5:00,14:00
Brebes Hub,5:00,14:00
Brondong Hub,5:00,14:00
Bruno Hub,5:00,14:00
Buaran 3 Hub,5:00,14:00
Buay Madang Hub,5:00,13:00
Buay Pemaca Hub,5:00,13:00
Buay Sandang Aji Hub,5:00,12:00
Bubutan Hub,5:00,14:00
Bukit Batu Hub,5:00,12:00
Bukit Batu Kota Palangka Raya Hub,5:00,13:00
Bukit Intan Hub,5:00,13:00
Bukit Kapur Hub,5:00,13:00
Bukit Kemuning Hub,5:00,13:00
Bukit Raya Hub,5:00,13:00
Bukit Tinggi Hub,5:00,13:00
Buko Selatan Hub,5:00,12:00
Bulakamba 2 Hub,5:00,14:00
Bulakamba Hub,5:00,14:00
Buleleng Hub,5:00,13:00
Bulik Hub,5:00,13:00
Bulukerto Hub,5:00,14:00
Bulukumba Hub,5:00,13:00
Bumi Agung Hub,5:00,13:00
Bumi Nabung Hub,5:00,13:00
Bumi Raya Hub,5:00,13:00
Bumi Waras Hub,5:00,13:00
Bumiayu Hub,5:00,14:00
Bumijawa Hub,5:00,14:00
Bunga Mayang Hub,5:00,13:00
Bungbulang Hub,5:00,14:00
Bungkal Hub,5:00,14:00
Bungku Barat Hub,5:00,13:00
Bungku Tengah Hub,5:00,13:00
Bungo Hub,5:00,12:00
Bunguran Tengah Hub,5:00,13:00
Bunguran Timur Hub,5:00,13:00
Bungursari Hub,5:00,14:00
Bungus Teluk Kabung Hub,5:00,13:00
Bunta Hub,5:00,13:00
Buntu Pane Hub,5:00,13:00
Bunut Hub,5:00,12:00
Bunut Hulu Hub,5:00,13:00
Buru Hub,5:00,13:00
Busungbiu Hub,5:00,13:00
Cabangbungin Hub,5:00,13:00
Cakung 12 Hub,5:00,14:30
Cakung 14 Hub,5:00,14:30
Cakung 2 Hub,5:00,14:30
Cakung 3 Hub,5:00,14:30
Cakung 4 Hub,5:00,14:30
Cakung 5 Hub,5:00,14:30
Camba Hub,5:00,12:00
Campaka Hub,5:00,14:00
Candipuro 2 Hub,5:00,14:00
Candipuro Hub,5:00,14:00
Candipuro Lampung Hub,5:00,13:00
Candiroto Hub,5:00,14:00
Candisari Hub,5:00,14:00
Carenang Hub,5:00,14:30
Caringin Garut Hub,5:00,14:00
Caringin Hub,5:00,14:00
Cariu Hub,5:00,14:00
Cempaga Hub,5:00,12:00
Cempaga Hulu Hub,5:00,13:00
Cempaka Hub,5:00,13:00
Cempaka Putih 2 Hub,5:00,14:30
Cempaka Putih Hub,5:00,14:30
Cengal Hub,5:00,13:00
Cengkareng 11 Hub,5:00,14:30
Cengkareng 13 Hub,5:00,14:30
Cengkareng 15 Hub,5:00,14:30
Cengkareng 3 Hub,5:00,14:30
Cengkareng 36 Hub,5:00,14:30
Cengkareng 4 Hub,5:00,14:30
Cengkareng 6 Hub,5:00,14:30
Cengkareng 8 Hub,5:00,14:30
Cepiring Hub,5:00,14:00
Cepogo Hub,5:00,13:00
Cepu Hub,5:00,14:00
Ciamis 2 Hub,5:00,14:00
Ciamis Hub,5:00,14:00
Ciampea 2 Hub,5:00,14:00
Cianjur Hub,5:00,14:00
Ciasem Hub,5:00,14:00
Ciawi Bogor 2 Hub,5:00,14:00
Ciawi Bogor Hub,5:00,14:00
Ciawi Tasik Hub,5:00,14:00
Cibabat Hub,5:00,14:00
Cibadak 2 Hub,5:00,14:30
Cibadak Hub,5:00,14:00
Cibaliung Hub,5:00,14:30
Cibalong Hub,5:00,14:00
Cibarusah Hub,5:00,14:00
Cibatu 2 Hub,5:00,14:00
Cibatu Hub,5:00,14:00
Cibeunying Kidul Hub,5:00,14:00
Cibinong Bogor 7 Hub,5:00,14:00
Cibinong Bogor Hub,5:00,14:00
Cibinong Cianjur 2 Hub,5:00,14:00
Cibinong Cianjur Hub,5:00,14:00
Cibitung 2 Hub,5:00,14:00
Cibitung 3 Hub,5:00,14:00
Cibitung 4 Hub,5:00,14:00
Cibitung Bekasi Hub,5:00,14:00
Cibitung Kab Pandeglang Hub,5:00,14:30
Cibogo Hub,5:00,14:00
Cibungbulang Hub,5:00,14:00
Cicalengka Hub,5:00,14:00
Cicantayan Hub,5:00,14:00
Cicurug 2 Hub,5:00,14:00
Cicurug Hub,5:00,14:00
Cidadap Hub,5:00,14:00
Cidadap Sukabumi Hub,5:00,14:00
Cidahu Hub,5:00,14:00
Cidahu Kab. Sukabumi Hub,5:00,14:00
Cidaun 2 Hub,5:00,13:00
Cidaun Hub,5:00,14:00
Ciemas 3 Hub,5:00,14:00
Ciemas Hub,5:00,14:00
Cihampelas Hub,5:00,14:00
Cihara Hub,5:00,14:30
Cihurip Hub,5:00,14:00
Cijaku Hub,5:00,14:30
Cijulang Hub,5:00,13:00
Cikadu Hub,5:00,14:00
Cikajang Hub,5:00,14:00
Cikakak Hub,5:00,13:00
Cikalong Hub,5:00,14:00
Cikalongkulon Hub,5:00,14:00
Cikampek 2 Hub,5:00,14:00
Cikancung Hub,5:00,14:00
Cikande Hub,5:00,14:30
Cikarang Barat Hub,5:00,14:00
Cikarang Pusat Hub,5:00,14:00
Cikarang Selatan 2 Hub,5:00,14:00
Cikarang Selatan 4 Hub,5:00,14:00
Cikarang Selatan Hub,5:00,14:00
Cikarang Utara 2 Hub,5:00,14:00
Cikarang Utara 3 Hub,5:00,14:00
Cikatomas Hub,5:00,14:00
Cikedung Hub,5:00,14:00
Cikelet Hub,5:00,14:00
Cikembar Hub,5:00,14:00
Cikeusal Hub,5:00,14:30
Cikeusal Lor Hub,5:00,14:00
Cikeusik Hub,5:00,14:30
Cikidang Hub,5:00,14:00
Cikijing Hub,5:00,14:00
Cikupa Hub,5:00,14:30
Cilacap Hub,5:00,14:00
Cilacap Utara 2 Hub,5:00,14:00
Cilacap Utara Hub,5:00,14:00
Cilaku Hub,5:00,14:00
Cilamaya Wetan Hub,5:00,14:00
Cilandak 2 Hub,5:00,14:30
Cilandak Hub,5:00,14:30
Ciledug Kota Tangerang 2 Hub,5:00,14:30
Ciledug Kulon Hub,5:00,14:00
Cilegon Hub,5:00,14:30
Cileungsi 3 Hub,5:00,14:00
Cileungsi Hub,5:00,14:00
Cileunyi Hub,5:00,14:00
Cilimus Hub,5:00,14:00
Cilincing 2 Hub,5:00,14:30
Cilincing 3 Hub,5:00,14:30
Cilincing Hub,5:00,14:30
Cilodong Hub,5:00,14:00
Cilograng Hub,5:00,14:30
Cilongok Hub,5:00,14:00
Cimahi Hub,5:00,14:00
Cimahi Selatan Hub,5:00,14:00
Cimahi Tengah 2 Hub,5:00,14:00
Cimahi Tengah Hub,5:00,14:00
Cimahi Utara 2 Hub,5:00,14:00
Cimahi Utara Hub,5:00,14:00
Cimanggis 2 Hub,5:00,14:00
Cimanggis 4 Hub,5:00,14:00
Cimanggis Hub,5:00,14:00
Cimanggu 2 Hub,5:00,14:00
Cimanggu 3 Hub,5:00,14:00
Cimanggu Hub,5:00,13:00
Cimaragas Hub,5:00,14:00
Cimarga Hub,5:00,14:30
Cina Hub,5:00,12:00
Cinangka Hub,5:00,14:30
Cineam Hub,5:00,14:00
Cinta Damai Hub,5:00,13:00
Ciomas 4 Hub,5:00,14:00
Ciomas Hub,5:00,14:00
Cipadung Kulon Hub,5:00,14:00
Cipanas Lebak Hub,5:00,12:00
Ciparay 2 Hub,5:00,13:00
Ciparay Hub,5:00,14:00
Cipatat Hub,5:00,14:00
Cipatujah Hub,5:00,13:00
Cipayung Jakarta Timur 2 Hub,5:00,14:30
Cipayung Jakarta Timur Hub,5:00,14:30
Cipayung Kota Depok Hub,5:00,14:00
Cipeucang Hub,5:00,13:00
Cipeundeuy Hub,5:00,13:00
Cipeundeuy Kab. Bandung Barat Hub,5:00,14:00
Cipocok Jaya Hub,5:00,14:30
Cipondoh 3 Hub,5:00,14:30
Cipondoh 4 Hub,5:00,14:30
Cipongkor Hub,5:00,14:00
Cipunagara Hub,5:00,13:00
Ciputat 2 Hub,5:00,14:30
Ciputat 4 Hub,5:00,14:30
Ciputat Hub,5:00,14:30
Ciputat Timur Hub,5:00,14:30
Ciracas 2 Hub,5:00,14:30
Ciracas Hub,5:00,14:30
Cirebon Hub,5:00,14:00
Cireunghas Hub,5:00,14:00
Ciruas Hub,5:00,14:30
Cisalak Hub,5:00,14:00
Cisarua Bogor Hub,5:00,13:00
Cisarua Kab. Bandung Barat Hub,5:00,14:00
Cisauk Hub,5:00,14:30
Ciseeng Hub,5:00,14:00
Cisewu Hub,5:00,14:00
Cisompet Hub,5:00,14:00
Cisurupan Hub,5:00,14:00
Citangkil Hub,5:00,14:30
Citeureup Hub,5:00,14:00
Ciwidey Hub,5:00,14:00
Coblong Hub,5:00,14:00
Colomadu 3 Hub,5:00,14:00
Comal Hub,5:00,14:00
Cugenang Hub,5:00,14:00
Curug Tangerang Hub,5:00,14:30
Dabuk Rejo Hub,5:00,12:00
Daha Selatan Hub,5:00,13:00
Damai Hub,5:00,13:00
Dampit Hub,5:00,13:00
Danau Kembar Hub,5:00,13:00
Danau Seluluk Hub,5:00,13:00
Danau Sipin Hub,5:00,13:00
Darmaraja Hub,5:00,14:00
Darul Imarah Hub,5:00,13:00
Darul Makmur Hub,5:00,13:00
Datuk Bandar Hub,5:00,13:00
Dawe Hub,5:00,14:00
Dayeuhkolot 2 Hub,5:00,14:00
Dayeuhkolot Hub,5:00,14:00
Dayeuhluhur Hub,5:00,14:00
Dayun Hub,5:00,13:00
Dedai Hub,5:00,12:00
Delanggu Hub,5:00,14:00
Deli Tua 2 Hub,5:00,13:00
Deli Tua Hub,5:00,13:00
Demak Hub,5:00,14:00
Dempet Hub,5:00,14:00
Dempo Tengah Hub,5:00,13:00
Dempo Utara Hub,5:00,13:00
Dendang Hub,5:00,12:00
Denpasar Hub,5:00,13:00
Denpasar Selatan 2 Hub,5:00,13:00
Denpasar Selatan Hub,5:00,13:00
Denpasar Timur Hub,5:00,13:00
Denpasar Utara Hub,5:00,13:00
Dente Teladas 2 Hub,5:00,13:00
Dente Teladas Hub,5:00,13:00
Depok 2 Hub,5:00,14:00
Depok 3 Hub,5:00,14:00
Depok Cirebon Hub,5:00,14:00
Depok Hub,5:00,14:00
Derawan Hub,5:00,12:00
Dewantara Hub,5:00,13:00
Diwek Hub,5:00,14:00
Dlanggu Hub,5:00,14:00
Dlingo Hub,5:00,14:00
Dolok Batu Nanggar Hub,5:00,13:00
Dolok Masihul Hub,5:00,13:00
Dolok Merawan Hub,5:00,13:00
Dolok Panribuan Hub,5:00,13:00
Dolok Sanggul Hub,5:00,13:00
Dompu Hub,5:00,13:00
Dondo Hub,5:00,13:00
Dongko Hub,5:00,13:00
Donomulyo Hub,5:00,14:00
Donorojo Hub,5:00,14:00
Doro Hub,5:00,14:00
Driyorejo 4 Hub,5:00,14:00
Driyorejo Hub,5:00,14:00
Dua Boccoe Hub,5:00,9:15
Dua Pitue Hub,5:00,15:10
Duampanua Hub,5:00,9:00
Dukuhturi 2 Hub,5:00,14:00
Dukuhturi Hub,5:00,14:00
Dumai Hub,5:00,13:00
Dumai Timur Hub,5:00,13:00
Dumoga Utara Hub,5:00,9:00
Dungingi Hub,5:00,13:00
Duo Koto (II Koto) Hub,5:00,13:00
Duren Sawit 2 Hub,5:00,14:30
Dusun Selatan Hub,5:00,13:00
Dusun Tengah Hub,5:00,13:00
Dusun Timur Hub,5:00,13:00
Ella Hilir Hub,5:00,13:00
Empanang Hub,5:00,13:00
Empang Hub,5:00,13:00
Ende Tengah Hub,5:00,13:00
Enggal Hub,5:00,13:00
Enok Hub,5:00,12:00
Enrekang Hub,5:00,13:00
Entikong Hub,5:00,13:00
Export WH 01,5:00,14:30
Fakfak Hub,5:00,13:00
Fatuleu Hub,5:00,12:00
Gabek Hub,5:00,13:00
Gabus Hub,5:00,14:00
Gabuswetan Hub,5:00,14:00
Gading Cempaka Hub,5:00,13:00
Gajah Mungkur Hub,5:00,14:00
Galang Hub,5:00,13:00
Galesong Hub,5:00,13:00
Galesong Utara Hub,5:00,13:00
Galing 2 Hub,5:00,13:00
Galing Hub,5:00,13:00
Galis Hub,5:00,14:00
Gambir 3 Hub,5:00,14:30
Gambir 6 Hub,5:00,14:30
Gambiran Hub,5:00,14:00
Gambut Hub,5:00,13:00
Gamping 3 Hub,5:00,14:00
Gamping Hub,5:00,14:00
Ganda Pura Hub,5:00,13:00
Ganding Hub,5:00,14:00
Gandus 2 Hub,5:00,13:00
Gandus 3 Hub,5:00,13:00
Gandus Hub,5:00,13:00
Gantar Hub,5:00,14:00
Gantung Hub,5:00,13:00
Gapura Hub,5:00,14:00
Garoga Hub,5:00,13:00
Garum Hub,5:00,14:00
Garut 2 Hub,5:00,14:00
Garut Hub,5:00,14:00
Gebang 2 Hub,5:00,13:00
Gebog Hub,5:00,14:00
Gedangan 2 Hub,5:00,14:00
Gedangan 6 Hub,5:00,14:00
Gedangan Hub,5:00,14:00
Gedangan Malang 2 Hub,5:00,13:00
Gedangan Malang Hub,5:00,13:00
Gedong Tataan 2 Hub,5:00,13:00
Gedong Tataan Hub,5:00,13:00
Gedung Aji Baru Hub,5:00,12:00
Gedung Meneng Hub,5:00,13:00
Geger Bangkalan Hub,5:00,14:00
Geger Hub,5:00,14:00
Gelumbang Hub,5:00,13:00
Gemarang Hub,5:00,14:00
Gemolong Hub,5:00,14:00
Gempol 2 Hub,5:00,14:00
Gempol Hub,5:00,14:00
Gemuh Hub,5:00,14:00
Geneng Hub,5:00,13:00
Genteng Hub,5:00,14:00
Genteng Surabaya Hub,5:00,14:00
Genuk Hub,5:00,14:00
Gerokgak Hub,5:00,12:00
Gerung Hub,5:00,13:00
Gerung Utara Hub,5:00,13:00
Gerunggang Hub,5:00,13:00
Gesi Hub,5:00,14:00
Geumpang Hub,5:00,13:00
Geyer Hub,5:00,14:00
Gianyar Hub,5:00,13:00
Gido Hub,5:00,12:00
Gili Air Hub,5:00,13:00
Gili Trawangan Hub,5:00,13:00
Giri Hub,5:00,14:00
Giriwoyo Hub,5:00,14:00
Girsang Sipangan Bolon Hub,5:00,13:00
Glagah Hub,5:00,14:00
Glenmore Hub,5:00,14:00
Godean Hub,5:00,14:00
Godong Hub,5:00,14:00
Gombong Hub,5:00,14:00
Gondang 2 Hub,5:00,14:00
Gondang Hub,5:00,14:00
Gondanglegi Hub,5:00,14:00
Gondokusuman Hub,5:00,14:00
Gorontalo Hub,5:00,13:00
Grabag Hub,5:00,14:00
Grabag Magelang Hub,5:00,14:00
Grati Hub,5:00,14:00
Gresik Hub,5:00,14:00
Gringsing Hub,5:00,14:00
Grobogan Hub,5:00,14:00
Grogol Hub,5:00,14:00
Grogol Petamburan 4 Hub,5:00,14:30
Grogol Sukoharjo Hub,5:00,14:00
Gubeng 3 Hub,5:00,14:00
Gubug Hub,5:00,14:00
Guguak Hub,5:00,12:00
Gumbasa Hub,5:00,13:00
Gumelar 2 Hub,5:00,14:00
Gumelar Hub,5:00,14:00
Guntur 3 Hub,5:00,14:00
Guntur Hub,5:00,14:00
Gunung Agung Hub,5:00,13:00
Gunung Anyar Hub,5:00,14:00
Gunung Bintang Awai Hub,5:00,12:00
Gunung Kaler Hub,5:00,14:30
Gunung Kencana 2 Hub,5:00,13:00
Gunung Kencana Hub,5:00,14:30
Gunung Maligas Hub,5:00,13:00
Gunung Megang 2 Hub,5:00,13:00
Gunung Meriah Hub,5:00,13:00
Gunung Putri 2 Hub,5:00,14:00
Gunung Putri Hub,5:00,14:00
Gunung Sahilan Hub,5:00,12:00
Gunung Sindur Hub,5:00,14:00
Gunung Sitoli Hub,5:00,13:00
Gunung Sitoli Utara Hub,5:00,13:00
Gunung Talang Hub,5:00,13:00
Gunung Terang 2 Hub,5:00,13:00
Gunung Terang Hub,5:00,13:00
Gunung Toar Hub,5:00,13:00
Gunung Tuleh Hub,5:00,13:00
Gununghalu Hub,5:00,14:00
Gunungpati Hub,5:00,14:00
Gunungpuyuh Hub,5:00,14:00
Gunungsari Serang Hub,5:00,14:30
Gunungsitoli Idanoi Hub,5:00,13:00
Habinsaran Hub,5:00,13:00
Halongonan Hub,5:00,12:00
Hamparan Perak 2 Hub,5:00,13:00
Hamparan Perak Hub,5:00,13:00
Hamparan Rawang Hub,5:00,13:00
Hanau Hub,5:00,13:00
Harau Hub,5:00,13:00
Harjamukti Hub,5:00,14:00
Haruai Hub,5:00,13:00
Hatonduhan Hub,5:00,13:00
Haurgeulis Hub,5:00,14:00
Hero Lange Lange Hub,5:00,13:00
Hinai Hub,5:00,13:00
Hulu Gurung Hub,5:00,13:00
Huristak Hub,5:00,13:00
Huta Bayu Raja Hub,5:00,13:00
Huta Raja Tinggi Hub,5:00,13:00
Ibun Hub,5:00,14:00
Idano Gawo Hub,5:00,13:00
Idi Rayeuk Hub,5:00,13:00
Idi Timur Hub,5:00,13:00
Ilir Barat I 2 Hub,5:00,13:00
Ilir Barat I Hub,5:00,13:00
Ilir Timur I Hub,5:00,13:00
Ilir Timur II Hub,5:00,13:00
Imogiri Hub,5:00,14:00
Indihiang Hub,5:00,14:00
Indra Makmur Hub,5:00,13:00
Indralaya Hub,5:00,13:00
Indramayu Hub,5:00,14:00
Inuman Hub,5:00,13:00
Ipuh Hub,5:00,12:00
Iv Koto Aur Malintang Hub,5:00,13:00
Jagakarsa 2 Hub,5:00,14:30
Jagakarsa 3 Hub,5:00,14:30
Jagakarsa 4 Hub,5:00,14:30
Jagakarsa Hub,5:00,14:30
Jagoi Babang Hub,5:00,13:00
Jagong Jeget Hub,5:00,12:00
Jailolo Hub,5:00,13:00
Jaken Hub,5:00,14:00
Jakenan Hub,5:00,14:00
Jalancagak Hub,5:00,14:00
Jambe Hub,5:00,14:30
Jambi 3 Hub,5:00,13:00
Jambi Hub,5:00,13:00
Jambi Luar Kota Hub,5:00,13:00
Jambi Timur Hub,5:00,13:00
Jampang Kulon Hub,5:00,14:00
Jampang Tengah Hub,5:00,14:00
Jangkat Hub,5:00,12:00
Jasinga Hub,5:00,14:00
Jaten Hub,5:00,14:00
Jati 3 Hub,5:00,14:00
Jati 4 Hub,5:00,14:00
Jati Agung Hub,5:00,13:00
Jatiasih 2 Hub,5:00,14:00
Jatiasih 3 Hub,5:00,14:00
Jatiasih 4 Hub,5:00,14:00
Jatiasih 9 Hub,5:00,14:00
Jatibarang Hub,5:00,14:00
Jatilawang Hub,5:00,14:00
Jatiluhur Hub,5:00,14:00
Jatinangor Hub,5:00,14:00
Jatinegara Jakarta Timur 2 Hub,5:00,14:30
Jatinegara Jakarta Timur 3 Hub,5:00,14:30
Jatinegara Kab. Tegal Hub,5:00,14:00
Jatipuro Hub,5:00,14:00
Jatirogo Hub,5:00,14:00
Jatiroto Hub,5:00,12:15
Jatisampurna Hub,5:00,14:00
Jatisari Hub,5:00,14:00
Jatisrono Hub,5:00,14:00
Jatitujuh Hub,5:00,14:00
Jatiuwung 2 Hub,5:00,14:30
Jatiwangi Hub,5:00,14:00
Jawai Hub,5:00,13:00
Jaya Baru Hub,5:00,13:00
Jaya Hub,5:00,12:00
Jayaloka Hub,5:00,12:00
Jebres 2 Hub,5:00,14:00
Jebres Hub,5:00,14:00
Jebus Hub,5:00,13:00
Jekan Raya Hub,5:00,13:00
Jekulo Hub,5:00,14:00
Jelai Hulu 2 Hub,5:00,13:00
Jelai Hulu Hub,5:00,12:00
Jember Hub,5:00,14:00
Jepara Hub,5:00,14:00
Jepara Kota Hub,5:00,14:00
Jepon Hub,5:00,14:00
Jereweh Hub,5:00,13:00
Jerowaru Hub,5:00,13:00
Jeruklegi Hub,5:00,14:00
Jetis 2 Hub,5:00,14:00
Jetis Hub,5:00,14:00
Jeunieb Hub,5:00,13:00
Jiken Hub,5:00,14:00
Jogonalan Hub,5:00,14:00
Jogorogo Hub,5:00,14:00
Johan Pahlawan Hub,5:00,13:00
Jombang Hub,5:00,14:00
Jonggat Hub,5:00,13:00
Jonggol Hub,5:00,14:00
Jongkat Hub,5:00,13:00
Jongkong (Jengkong) Hub,5:00,13:00
Jorong Hub,5:00,12:00
Jrengik Hub,5:00,14:00
Julok Hub,5:00,13:00
Jumo Hub,5:00,14:00
Junrejo Hub,5:00,14:00
Juwana Hub,5:00,14:00
Juwangi Hub,5:00,14:00
Kab. Garut Hub,5:00,14:00
Kab. Pekalongan Hub,5:00,14:00
Kab. Sukabumi Hub,5:00,14:00
Kabanjahe Hub,5:00,13:00
Kabila Hub,5:00,13:00
Kabuh Hub,5:00,14:00
Kabun Hub,5:00,13:00
Kademangan Hub,5:00,14:00
Kadia 2 Hub,5:00,13:00
Kadipaten Hub,5:00,14:00
Kaduhejo Hub,5:00,14:30
Kadupandak Hub,5:00,14:00
Kahu Hub,5:00,13:00
Kaidipang Hub,5:00,13:00
Kajen Hub,5:00,14:00
Kalapa Nunggal Hub,5:00,14:00
Kalawat Hub,5:00,13:00
Kalianda Hub,5:00,13:00
Kalianget Hub,5:00,14:00
Kaliangkrik Hub,5:00,14:00
Kalibagor Hub,5:00,14:00
Kalibening Hub,5:00,14:00
Kalibunder Hub,5:00,13:00
Kalideres 4 Hub,5:00,14:30
Kalideres 5 Hub,5:00,14:30
Kalideres 8 Hub,5:00,14:30
Kaligondang Hub,5:00,14:00
Kalijati Hub,5:00,14:00
Kalikajar Hub,5:00,14:00
Kalinyamatan Hub,5:00,14:00
Kaliorang Hub,5:00,13:00
Kaliori Hub,5:00,14:00
Kalipare Hub,5:00,14:00
Kalipucang Hub,5:00,13:00
Kalirejo Hub,5:00,13:00
Kalis Hub,5:00,13:00
Kalitidu Hub,5:00,14:00
Kaliwedi Hub,5:00,14:00
Kaliwiro Hub,5:00,14:00
Kaliwungu Hub,5:00,14:00
Kaliwungu Selatan Hub,5:00,14:00
Kalukku Hub,5:00,13:00
Kamal Hub,5:00,14:00
Kamang Baru 2 Hub,5:00,12:00
Kamang Baru Hub,5:00,13:00
Kambang Hub,5:00,12:00
Kambu Hub,5:00,13:00
Kampak Hub,5:00,14:00
Kampar Hub,5:00,13:00
Kampar Kiri Hilir Hub,5:00,13:00
Kampar Kiri Hub,5:00,12:00
Kampar Kiri Tengah 2 Hub,5:00,13:00
Kampar Kiri Tengah Hub,5:00,12:00
Kampung Rakyat Hub,5:00,12:00
Kandangan Hub,5:00,12:00
Kandangan Temanggung Hub,5:00,14:00
Kandanghaur Hub,5:00,14:00
Kandat Hub,5:00,14:00
Kandis 2 Hub,5:00,13:00
Kandis Hub,5:00,13:00
Kanigoro Hub,5:00,14:00
Kapuas Murung Hub,5:00,13:00
Kapur IX Hub,5:00,13:00
Karang Bahagia Hub,5:00,14:00
Karang Baru Hub,5:00,13:00
Karang Bintang Hub,5:00,13:00
Karang Jaya Hub,5:00,13:00
Karang Penang Hub,5:00,14:00
Karang Tengah Hub,5:00,14:30
Karang Tengah Kab. Demak Hub,5:00,14:00
Karang Tinggi Hub,5:00,12:00
Karangampel Hub,5:00,14:00
Karanganyar Hub,5:00,14:00
Karanganyar Pekalongan Hub,5:00,14:00
Karangasem Hub,5:00,13:00
Karangawen Hub,5:00,14:00
Karangdadap 2 Hub,5:00,14:00
Karanggede Hub,5:00,13:00
Karanggeneng Hub,5:00,14:00
Karangjati Hub,5:00,14:00
Karanglewas Hub,5:00,14:00
Karangmalang Hub,5:00,14:00
Karangmoncol Hub,5:00,14:00
Karangnunggal Hub,5:00,14:00
Karangpandan Hub,5:00,14:00
Karangpilang Hub,5:00,14:00
Karangploso Hub,5:00,14:00
Karangrayung Hub,5:00,14:00
Karangrejo Hub,5:00,14:00
Karangsambung Hub,5:00,14:00
Karawaci 2 Hub,5:00,14:30
Karawaci Hub,5:00,14:30
Karawang Barat Hub,5:00,14:00
Karawang Timur Hub,5:00,14:00
Karimun Hub,5:00,13:00
Karossa Hub,5:00,13:00
Kartasura 2 Hub,5:00,14:00
Kartosura Hub,5:00,14:00
Karusen Janang Hub,5:00,13:00
Kasemen Hub,5:00,14:30
Kasihan 2 Hub,5:00,14:00
Kasihan Hub,5:00,14:00
Kasimbar Hub,5:00,12:00
Kasongan Hub,5:00,13:00
Kasui Hub,5:00,13:00
Katapang Hub,5:00,14:00
Kateman Hub,5:00,13:00
Katibung 2 Hub,5:00,13:00
Katibung 4 Hub,5:00,13:00
Katibung Hub,5:00,13:00
Katikutana Hub,5:00,13:00
Katingan Hilir 2 Hub,5:00,13:00
Katingan Tengah Hub,5:00,13:00
Kaubun 2 Hub,5:00,13:00
Kaubun Hub,5:00,13:00
Kauman Hub,5:00,14:00
Kauman Ponorogo Hub,5:00,14:00
Kaur Selatan Hub,5:00,12:00
Kawali Hub,5:00,14:00
Kawalu Hub,5:00,14:00
Kaway XVI Hub,5:00,12:00
Kawedanan Hub,5:00,14:00
Kayangan Hub,5:00,12:00
Kayen 3 Hub,5:00,14:00
Kayen Hub,5:00,14:00
Kayu Agung Hub,5:00,13:00
Kayu Aro Barat Hub,5:00,13:00
Kayu Aro Hub,5:00,13:00
Kebakkramat Hub,5:00,14:00
Kebayoran Baru Hub,5:00,14:30
Kebayoran Lama Hub,5:00,14:30
Kebomas Hub,5:00,14:00
Kebon Jeruk 10 Hub,5:00,14:30
Kebon Jeruk 3 Hub,5:00,14:30
Kebon Jeruk 5 Hub,5:00,14:30
Kebon Jeruk 6 Hub,5:00,14:30
Kebonsari Hub,5:00,14:00
Keboromo Hub,5:00,14:00
Kebumen Hub,5:00,14:00
Kebun Tebu Hub,5:00,13:00
Kedamaian Hub,5:00,13:00
Kedawung Hub,5:00,14:00
Kediri Hub,5:00,14:00
Kediri Tabanan Hub,5:00,13:00
Kedung Banteng Hub,5:00,14:00
Kedung Hub,5:00,14:00
Kedung Waringin Hub,5:00,14:00
Kedunggalar Hub,5:00,14:00
Kedungjati 2 Hub,5:00,14:00
Kedungjati Hub,5:00,14:00
Kedungkandang Hub,5:00,14:00
Kedungmenjangan Hub,5:00,14:00
Kedungpring Hub,5:00,14:00
Kedungwuni 3 Hub,5:00,14:00
Kedungwuni 4 Hub,5:00,14:00
Kejajar Hub,5:00,14:00
Kejayan Hub,5:00,14:00
Kejobong Hub,5:00,14:00
Kelam Permai Hub,5:00,12:00
Kelapa Dua 2 Hub,5:00,14:30
Kelapa Dua 3 Hub,5:00,14:30
Kelapa Gading 3 Hub,5:00,14:30
Kelapa Gading Hub,5:00,14:30
Kelapa Hub,5:00,12:00
Kelapa Kampit Hub,5:00,13:00
Kelapa Lima Hub,5:00,13:00
Kelara Hub,5:00,13:00
Kelayang Hub,5:00,13:00
Keliling Danau Hub,5:00,13:00
Keling Hub,5:00,14:00
Kelua Hub,5:00,13:00
Keluang Hub,5:00,13:00
Kelumpang Barat Hub,5:00,13:00
Kelumpang Hilir 2 Hub,5:00,13:00
Kelumpang Hilir Hub,5:00,13:00
Kelumpang Hulu Hub,5:00,13:00
Kelumpang Selatan Hub,5:00,13:00
Kemang Hub,5:00,14:00
Kemayoran 3 Hub,5:00,14:30
Kembang Janggut Hub,5:00,12:00
Kembang Jepara Hub,5:00,14:00
Kembangan 2 Hub,5:00,14:30
Kembangan 4 Hub,5:00,14:30
Kembangan 5 Hub,5:00,14:30
Kembangan 7 Hub,5:00,14:30
Kembangbahu Hub,5:00,14:00
Kembaran Hub,5:00,14:00
Kembayan Hub,5:00,13:00
Kemiling Hub,5:00,13:00
Kemiri Hub,5:00,14:00
Kemlagi Hub,5:00,14:00
Kempas Hub,5:00,12:00
Kempo Hub,5:00,13:00
Kemuning Hub,5:00,13:00
Kemuning Riau Hub,5:00,12:00
Kencong Hub,5:00,14:00
Kendal Hub,5:00,14:00
Kendangsari Hub,5:00,14:00
Kendari Barat Hub,5:00,13:00
Kendari Hub,5:00,13:00
Kendawangan 2 Hub,5:00,12:00
Kendawangan 3 Hub,5:00,13:00
Kendawangan 4 Hub,5:00,12:00
Kendawangan Hub,5:00,13:00
Kenjeran 3 Hub,5:00,14:00
Kenjeran 5 Hub,5:00,14:00
Kenjeran Hub,5:00,14:00
Kepahiang Hub,5:00,12:00
Kepanjen Hub,5:00,14:00
Kepenuhan Hulu Hub,5:00,13:00
Kepil Hub,5:00,14:00
Kepung Hub,5:00,14:00
Kerek Hub,5:00,14:00
Kerinci Kanan Hub,5:00,13:00
Keritang 2 Hub,5:00,12:00
Keritang 4 Hub,5:00,13:00
Keritang Hub,5:00,13:00
Kerjo Hub,5:00,14:00
Kersamanah Hub,5:00,14:00
Kersana Hub,5:00,14:00
Kertapati Hub,5:00,13:00
Kertasemaya Hub,5:00,14:00
Kertosono Hub,5:00,14:00
Kerumutan Hub,5:00,13:00
Kesamben Hub,5:00,14:00
Kesesi Hub,5:00,14:00
Kesugihan Hub,5:00,14:00
Ketahun Hub,5:00,13:00
Ketapang Hub,5:00,13:00
Ketapang Kalbar Hub,5:00,15:00
Ketapang Sampang Hub,5:00,14:00
Ketol Hub,5:00,13:00
Khayan Hilir Hub,5:00,13:00
Kiaracondong Hub,5:00,14:00
Kibin Hub,5:00,14:30
Kikim Selatan Hub,5:00,12:00
Kikim Timur Hub,5:00,12:00
Kinali Hub,5:00,13:00
Kintamani Hub,5:00,13:00
Kintap 2 Hub,5:00,13:00
Kintap Hub,5:00,13:00
Kisaran Hub,5:00,13:00
Klambu Hub,5:00,14:00
Klapanunggal 2 Hub,5:00,14:00
Klapanunggal Hub,5:00,14:00
Klari Hub,5:00,14:00
Klaten Hub,5:00,14:00
Klaten Tengah Hub,5:00,14:00
Kluet Utara Hub,5:00,13:00
Klungkung Hub,5:00,13:00
Koba Hub,5:00,13:00
Koja 6 Hub,5:00,14:30
Koja Hub,5:00,14:30
Kokap Hub,5:00,14:00
Kokop Hub,5:00,13:00
Kolaka Hub,5:00,13:00
Kolono Hub,5:00,12:00
Konang Hub,5:00,14:00
Kongbeng 2 Hub,5:00,13:00
Kongbeng Hub,5:00,13:00
Kopang Hub,5:00,13:00
Kopo Hub,5:00,13:00
Kosambi 7 Hub,5:00,14:30
Kota Agung Hub,5:00,13:00
Kota Agung Lahat Hub,5:00,12:00
Kota Argamakmur Hub,5:00,13:00
Kota Bangun 2 Hub,5:00,12:00
Kota Bangun Hub,5:00,13:00
Kota Banjar Hub,5:00,14:00
Kota Baru 2 Hub,5:00,13:00
Kota Baru 3 Hub,5:00,13:00
Kota Baru Hub,5:00,13:00
Kota Baru Kalsel Hub,5:00,13:00
Kota Besi Hub,5:00,13:00
Kota Curup Hub,5:00,13:00
Kota Juang Hub,5:00,13:00
Kota Kefamenanu Hub,5:00,13:00
Kota Lama Hub,5:00,13:00
Kota Maba Hub,5:00,13:00
Kota Manna Hub,5:00,13:00
Kota Masohi Hub,5:00,13:00
Kota Pekalongan Hub,5:00,14:00
Kota Pekalongan Timur Hub,5:00,14:00
Kota Pinang Hub,5:00,13:00
Kota Selatan Hub,5:00,13:00
Kota Sigli Hub,5:00,13:00
Kota Solok Hub,5:00,13:00
Kota Waingapu 2 Hub,5:00,13:00
Kota Waingapu 4 Hub,5:00,13:00
Kota Waingapu Hub,5:00,13:00
Kota Waisai Hub,5:00,12:00
Kotabaru 2 Hub,5:00,14:00
Kotabumi Hub,5:00,13:00
Kotamobagu Timur Hub,5:00,13:00
Kotawaringin Lama 2 Hub,5:00,13:00
Kotawaringin Lama Hub,5:00,13:00
Koto Baru Hub,5:00,13:00
Koto Besar Hub,5:00,13:00
Koto Gasib 2 Hub,5:00,13:00
Koto Gasib Hub,5:00,13:00
Koto Kampar Hulu Hub,5:00,12:00
Koto Parik Gadang Diateh 2 Hub,5:00,13:00
Koto Parik Gadang Diateh Hub,5:00,13:00
Koto Salak Hub,5:00,13:00
Koto Tangah 2 Hub,5:00,13:00
Koto Tangah Hub,5:00,13:00
Koto XI Tarusan Hub,5:00,13:00
Kradenan Hub,5:00,14:00
Kragan Hub,5:00,14:00
Kraksaan Hub,5:00,13:00
Kramat Hub,5:00,14:00
Kramatjati 2 Hub,5:00,14:30
Kramatjati Hub,5:00,14:30
Kramatwatu Hub,5:00,14:30
Kranggan Hub,5:00,14:00
Krembangan 2 Hub,5:00,14:00
Krembangan Hub,5:00,14:00
Krembung Hub,5:00,14:00
Kretek Hub,5:00,14:00
Kronjo Hub,5:00,14:30
Kroya Hub,5:00,14:00
Kroya Indramayu Hub,5:00,13:00
Krueng Sabee Hub,5:00,12:00
Kuala Batee Hub,5:00,13:00
Kuala Behe Hub,5:00,13:00
Kuala Binjai Barat Hub,5:00,13:00
Kuala Hub,5:00,13:00
Kuala Ledong (Kualuh Leidong) Hub,5:00,13:00
Kualuh Hilir Hub,5:00,13:00
Kualuh Selatan 2 Hub,5:00,13:00
Kualuh Selatan Hub,5:00,13:00
Kuantan Mudik Hub,5:00,12:00
Kuantan Tengah Hub,5:00,13:00
Kuaro Hub,5:00,13:00
Kubu 2 Hub,5:00,12:00
Kubu Babussalam Hub,5:00,13:00
Kubu Hub,5:00,13:00
Kubu Raya 2 Hub,5:00,13:00
Kubu Raya Hub,5:00,13:00
Kubung Hub,5:00,13:00
Kubutambahan Hub,5:00,13:00
Kudus Hub,5:00,14:00
Kulisusu Hub,5:00,13:00
Kulon Progo Hub,5:00,14:00
Kumai Hub,5:00,13:00
Kumpeh Hub,5:00,12:00
Kumpeh Ulu Hub,5:00,13:00
Kundur Hub,5:00,12:00
Kunduran Hub,5:00,13:00
Kuningan Hub,5:00,14:00
Kunir Hub,5:00,14:00
Kunto Darussalam Hub,5:00,12:00
Kupang Timur Hub,5:00,12:00
Kuranji 2 Hub,5:00,13:00
Kuranji Hub,5:00,13:00
Kurau Hub,5:00,13:00
Kurun 3 Hub,5:00,12:00
Kurun Hub,5:00,13:00
Kusan Hilir Hub,5:00,13:00
Kusan Hulu Hub,5:00,12:00
Kuta Alam Hub,5:00,13:00
Kuta Hub,5:00,13:00
Kuta Makmur Hub,5:00,13:00
Kuta Selatan 5 Hub,5:00,13:00
Kuta Utara Hub,5:00,13:00
Kutalimbaru Hub,5:00,13:00
Kutoarjo Hub,5:00,14:00
Kutorejo Hub,5:00,14:00
Kutuh Hub,5:00,13:00
Kwandang Hub,5:00,13:00
Kwanyar Hub,5:00,14:00
Labang Hub,5:00,14:00
Labuan Amas Selatan Hub,5:00,12:00
Labuan Hub,5:00,13:00
Labuapi Hub,5:00,13:00
Labuhan Badas Hub,5:00,13:00
Labuhan Bajo Hub,5:00,13:00
Labuhan Haji Hub,5:00,13:00
Labuhan Maringgai Hub,5:00,12:00
Labuhan Ratu Hub,5:00,13:00
Laguboti Hub,5:00,13:00
Lahat 2 Hub,5:00,13:00
Lahat Hub,5:00,13:00
Lahewa Hub,5:00,12:00
Lahusa Hub,5:00,13:00
Lais Hub,5:00,13:00
Lais Kab. Musi Banyuasin Hub,5:00,13:00
Lakarsantri 2 Hub,5:00,14:00
Lakarsantri Hub,5:00,14:00
Lalabata Hub,5:00,13:00
Lalan 2 Hub,5:00,13:00
Lalan Hub,5:00,12:00
Lambu Hub,5:00,13:00
Lamongan Hub,5:00,14:00
Landak Hub,5:00,13:00
Landasan Ulin Hub,5:00,13:00
Langgam Hub,5:00,12:00
Langgudu Utara Selatan Hub,5:00,13:00
Langke Rembong 4 Hub,5:00,13:00
Langke Rembong Hub,5:00,13:00
Langowan Utara Hub,5:00,13:00
Langsa Kota Hub,5:00,13:00
Lape Hub,5:00,13:00
Larangan 4 Hub,5:00,14:00
Larangan Hub,5:00,14:00
Larangan Kota Tangerang 2 Hub,5:00,14:30
Larantuka Hub,5:00,13:00
Larompong Hub,5:00,13:00
Lasalimu Selatan Hub,5:00,13:00
Lasem Hub,5:00,14:00
Lasusua Hub,5:00,13:00
Lau Hub,5:00,13:00
Laubaleng Hub,5:00,13:00
Laung Tuhup Hub,5:00,13:00
Lawang Hub,5:00,14:00
Lawang Kidul Hub,5:00,13:00
Lawang Wetan Hub,5:00,13:00
Lawe Sigala-Gala Hub,5:00,13:00
Laweyan Kota Surakarta Hub,5:00,14:00
Lebaksiu Hub,5:00,14:00
Lebong Atas Hub,5:00,13:00
Lebong Selatan Hub,5:00,13:00
Legok 2 Hub,5:00,14:30
Leles Hub,5:00,14:00
Lemahabang Cirebon Hub,5:00,14:00
Lemahabang Karawang Hub,5:00,14:00
Lembah Gumanti Hub,5:00,13:00
Lembah Masurai Hub,5:00,12:00
Lembah Melintang Hub,5:00,13:00
Lembak Hub,5:00,13:00
Lembang Hub,5:00,14:00
Lembang Jaya Hub,5:00,13:00
Lembar Hub,5:00,13:00
Lembo Hub,5:00,13:00
Lembor Hub,5:00,13:00
Lemong Hub,5:00,13:00
Lempuing Hub,5:00,12:00
Lempuing Jaya Hub,5:00,12:00
Lengkiti Hub,5:00,13:00
Lengkong Hub,5:00,14:00
Lengkong Kota Bandung Hub,5:00,14:00
Lenteng Hub,5:00,14:00
Lesanpuro Hub,5:00,14:00
Leuwidamar Hub,5:00,14:30
Leuwimunding Hub,5:00,14:00
Leuwisadeng 2 Hub,5:00,14:00
Leuwisari Hub,5:00,14:00
Lhoksukon Hub,5:00,13:00
Liang Anggang Hub,5:00,13:00
Libureng Hub,5:00,12:00
Likupang Timur Hub,5:00,12:00
Lilir Rilau Hub,5:00,13:00
Lima Kaum Hub,5:00,13:00
Lima Puluh Hub,5:00,13:00
Limau 2 Hub,5:00,12:00
Limau Hub,5:00,13:00
Limboto Hub,5:00,13:00
Limo Hub,5:00,14:00
Limun Hub,5:00,13:00
Lingga Hub,5:00,13:00
Lingga Utara Hub,5:00,13:00
Linggang Bigung Hub,5:00,13:00
Linggau Timur Satu Hub,5:00,13:00
Linggo Sari Baganti 2 Hub,5:00,13:00
Linggo Sari Baganti Hub,5:00,13:00
Lintau Buo Hub,5:00,13:00
Lintau Buo Utara Hub,5:00,13:00
Lintong Nihuta Hub,5:00,13:00
Lirik Hub,5:00,12:00
Loa Janan Hub,5:00,13:00
Loa Kulu Hub,5:00,12:00
Loano Hub,5:00,14:00
Lobalain 4 Hub,5:00,12:00
Lobalain Hub,5:00,13:00
Loceret Hub,5:00,14:00
Logas Tanah Darat Hub,5:00,12:00
Lolak Hub,5:00,13:00
Loli Hub,5:00,13:00
Lombok Timur Hub,5:00,13:00
Long Ikis Hub,5:00,13:00
Losari 2 Hub,5:00,14:00
Losari Hub,5:00,13:00
Lotu Hub,5:00,13:00
Loura (Laura) Hub,5:00,13:00
Lowokwaru 2 Hub,5:00,14:00
Lowokwaru Hub,5:00,14:00
Luas Hub,5:00,12:00
Lubai Ulu 2 Hub,5:00,13:00
Lubai Ulu 3 Hub,5:00,12:00
Lubai Ulu Hub,5:00,13:00
Lubuk Alung Hub,5:00,13:00
Lubuk Baja Hub,5:00,13:00
Lubuk Barumun Hub,5:00,13:00
Lubuk Basung Hub,5:00,13:00
Lubuk Batang Hub,5:00,13:00
Lubuk Batu Jaya Hub,5:00,13:00
Lubuk Begalung 3 Hub,5:00,13:00
Lubuk Begalung Hub,5:00,13:00
Lubuk Besar 2 Hub,5:00,12:00
Lubuk Besar Hub,5:00,13:00
Lubuk Kilangan Hub,5:00,13:00
Lubuk Linggau Barat Hub,5:00,13:00
Lubuk Linggau Hub,5:00,13:00
Lubuk Linggau Selatan Hub,5:00,13:00
Lubuk Pakam Hub,5:00,13:00
Lubuk Pinang Hub,5:00,13:00
Lubuk Raja Hub,5:00,13:00
Lubuk Sandi Hub,5:00,13:00
Lubuk Sikaping Hub,5:00,12:00
Lubuk Tarok Hub,5:00,12:00
Lumajang Hub,5:00,14:00
Lumban Julu Hub,5:00,12:00
Lumbir Hub,5:00,14:00
Lumbok Seminung Hub,5:00,13:00
Lunang Hub,5:00,13:00
Lunyuk Hub,5:00,13:00
Luragung Hub,5:00,13:00
Luwuk Hub,5:00,13:00
MH 1 Aesesa Hub,5:00,13:00
MH 1 Airmadidi Hub,5:00,12:00
MH 1 Alla Hub,5:00,13:00
MH 1 Aralle Hub,5:00,13:00
MH 1 Asakota Hub,5:00,13:00
MH 1 Baamang 2 Hub,5:00,12:00
MH 1 Bacan Hub,5:00,13:00
MH 1 Baebunta Hub,5:00,12:00
MH 1 Balai Hub,5:00,12:00
MH 1 Banjar Margo Hub,5:00,12:00
MH 1 Bathin Viii (Batin Viii) Hub,5:00,12:00
MH 1 Batu Ampar 2 Hub,5:00,12:00
MH 1 Batukuning Lakitan Ulu Hub,5:00,12:00
MH 1 Belimbing Hub,5:00,13:00
MH 1 Benteng Hub,5:00,12:00
MH 1 Blang Kejeren Hub,5:00,12:00
MH 1 Bokat Hub,5:00,12:00
MH 1 Bolano Lambunu Hub,5:00,12:00
MH 1 Bontomarannu Hub,5:00,12:00
MH 1 Bukit Batu Kota Palangka Raya Hub,5:00,12:00
MH 1 Bunguran Tengah Hub,5:00,12:00
MH 1 Bunta Hub,5:00,13:00
MH 1 Cempaga Hulu Hub,5:00,12:00
MH 1 Cipanas Lebak Hub,5:00,13:00
MH 1 Dedai Hub,5:00,12:00
MH 1 Dondo Hub,5:00,12:00
MH 1 Duampanua Hub,5:00,12:00
MH 1 Enrekang Hub,5:00,12:00
MH 1 Gumbasa Hub,5:00,12:00
MH 1 Habinsaran Hub,5:00,12:00
MH 1 Jaya Baru Hub,5:00,13:00
MH 1 Kabila Hub,5:00,13:00
MH 1 Kahu Hub,5:00,12:00
MH 1 Kampung Rakyat Hub,5:00,12:00
MH 1 Karusen Janang Hub,5:00,12:00
MH 1 Kateman Hub,5:00,12:00
MH 1 Katingan Hilir 2 Hub,5:00,12:00
MH 1 Kembayan Hub,5:00,13:00
MH 1 Kerumutan Hub,5:00,12:00
MH 1 Kesesi Hub,5:00,14:00
MH 1 Kongbeng 2 Hub,5:00,12:00
MH 1 Kongbeng Hub,5:00,13:00
MH 1 Kota Manna Hub,5:00,12:00
MH 1 Kuala Behe Hub,5:00,12:00
MH 1 Kubung Hub,5:00,12:00
MH 1 Kumpeh Hub,5:00,12:00
MH 1 Langowan Utara Hub,5:00,13:00
MH 1 Lasalimu Selatan Hub,5:00,12:00
MH 1 Lembor Hub,5:00,12:00
MH 1 Limun Hub,5:00,12:00
MH 1 Linggang Bigung Hub,5:00,13:00
MH 1 Lintong Nihuta Hub,5:00,12:00
MH 1 Lolak Hub,5:00,13:00
MH 1 Loli Hub,5:00,12:00
MH 1 Mandau 3 Hub,5:00,12:00
MH 1 Manis Mata Hub,5:00,12:00
MH 1 Mantikulore Hub,5:00,12:00
MH 1 Marau Hub,5:00,12:00
MH 1 Martapura Kalimantan Hub,5:00,12:00
MH 1 Meliau 2 Hub,5:00,12:00
MH 1 Mentawa Baru Hub,5:00,13:00
MH 1 Mentaya Hulu Hub,5:00,13:00
MH 1 Mepanga Hub,5:00,13:00
MH 1 Merapi Barat Hub,5:00,13:00
MH 1 Merbau Hub,5:00,12:00
MH 1 Merek Hub,5:00,12:00
MH 1 Mpunda Hub,5:00,13:00
MH 1 Muko Muko Bathin Hub,5:00,12:00
MH 1 Mukok Hub,5:00,12:00
MH 1 Musi Rawas Utara Hub,5:00,13:00
MH 1 Ngapa Hub,5:00,12:00
MH 1 Padang Bolak Hub,5:00,13:00
MH 1 Palangka Raya Hub,5:00,12:00
MH 1 Palmatak Hub,5:00,12:00
MH 1 Paloh Hub,5:00,12:00
MH 1 Pamona Puselemba Hub,5:00,12:00
MH 1 Pangkalan Lada Hub,5:00,12:00
MH 1 Papalang Hub,5:00,12:00
MH 1 Pasar Muara Bungo Hub,5:00,13:00
MH 1 Pekat Hub,5:00,13:00
MH 1 Pelangiran Hub,5:00,13:00
MH 1 Pemahan Hub,5:00,13:00
MH 1 Penjaringan 4 Hub,5:00,13:00
MH 1 Peunaron Hub,5:00,12:00
MH 1 Poleang Hub,5:00,12:00
MH 1 Pollung Hub,5:00,12:00
MH 1 Pulau Beringin Hub,5:00,13:00
MH 1 Pulau Laut Timur Hub,5:00,12:00
MH 1 Ratahan Hub,5:00,12:00
MH 1 Runjung Agung Hub,5:00,13:00
MH 1 Sajingan Besar Hub,5:00,12:00
MH 1 Salak Hub,5:00,12:00
MH 1 Samarinda Utara Hub,5:00,13:00
MH 1 Sangatta Utara 2 Hub,5:00,13:00
MH 1 Sebuku Hub,5:00,12:00
MH 1 Sei Ambawang Hub,5:00,12:00
MH 1 Sekadau Hilir 3 Hub,5:00,12:00
MH 1 Sekolaq Darat Hub,5:00,12:00
MH 1 Selakau Hub,5:00,13:00
MH 1 Semidang Alas Maras Hub,5:00,13:00
MH 1 Sepaku 2 Hub,5:00,12:00
MH 1 Sepauk Hub,5:00,12:00
MH 1 Siak Hub,5:00,12:00
MH 1 Simeulue Tengah Hub,5:00,12:00
MH 1 Simpang Hilir Hub,5:00,12:00
MH 1 Singkup Hub,5:00,13:00
MH 1 Sipoholon Hub,5:00,12:00
MH 1 Sungai Gelam 5 Hub,5:00,12:00
MH 1 Sungai Laur Hub,5:00,12:00
MH 1 Sungai Mandau Hub,5:00,12:00
MH 1 Sungai Melayu Rayak Hub,5:00,12:00
MH 1 Sungai Pagu Hub,5:00,12:00
MH 1 Sungai Pinyuh Hub,5:00,12:00
MH 1 Sungai Raya Hub,5:00,12:00
MH 1 Sungai Sembilan Hub,5:00,12:00
MH 1 Tabongo Hub,5:00,12:00
MH 1 Tanah Pinoh Hub,5:00,12:00
MH 1 Tanete Riattang Hub,5:00,12:00
MH 1 Tanjung Jabung Barat Hub,5:00,12:00
MH 1 Tanjung Kemuning Hub,5:00,12:00
MH 1 Tanjung Pandan 2 Hub,5:00,13:00
MH 1 Tanjung Redeb Hub,5:00,12:00
MH 1 Tanjung Selor Hub,5:00,12:00
MH 1 Tapen Hub,5:00,12:00
MH 1 Tebo Tengah Hub,5:00,12:00
MH 1 Tebo Ulu Hub,5:00,12:00
MH 1 Telaga Antang Hub,5:00,12:00
MH 1 Teluk Bayur Hub,5:00,12:00
MH 1 Tembilahan 2 Hub,5:00,12:00
MH 1 Teupah Barat Hub,5:00,12:00
MH 1 Tewah Hub,5:00,12:00
MH 1 Teweh Selatan Hub,5:00,12:00
MH 1 Tinambung Hub,5:00,13:00
MH 1 Toapaya Hub,5:00,12:00
MH 1 Toho Hub,5:00,12:00
MH 1 Toili Hub,5:00,12:00
MH 1 Topoyo Hub,5:00,12:00
MH 1 Towuti Hub,5:00,12:00
MH 1 Tukak Sadai Hub,5:00,12:00
MH 1 Tumbang Titi Hub,5:00,12:00
MH 1 Ulok Kupai Hub,5:00,12:00
MH 1 Ulu Barumun Hub,5:00,12:00
MH 1 Wara Hub,5:00,13:00
MH 2 Aesesa Hub,5:00,12:00
MH 2 Aralle Hub,5:00,13:00
MH 2 Barabai Hub,5:00,12:00
MH 2 Bengkayang Hub,5:00,12:00
MH 2 Blang Kejeren Hub,5:00,12:00
MH 2 Bokat Hub,5:00,12:00
MH 2 Bontang Hub,5:00,13:00
MH 2 Bungku Tengah Hub,5:00,12:00
MH 2 Bunguran Tengah Hub,5:00,12:00
MH 2 Dondo Hub,5:00,12:00
MH 2 Habinsaran Hub,5:00,12:00
MH 2 Hulu Gurung Hub,5:00,12:00
MH 2 Kabila Hub,5:00,12:00
MH 2 Katingan Hilir 2 Hub,5:00,12:00
MH 2 Katingan Tengah Hub,5:00,12:00
MH 2 Kendawangan Hub,5:00,12:00
MH 2 Kluet Utara Hub,5:00,12:00
MH 2 Kongbeng Hub,5:00,13:00
MH 2 Kota Curup Hub,5:00,12:00
MH 2 Kotawaringin Lama Hub,5:00,12:00
MH 2 Kuala Behe Hub,5:00,12:00
MH 2 Landak Hub,5:00,12:00
MH 2 Lembor Hub,5:00,13:00
MH 2 Libureng Hub,5:00,13:00
MH 2 Lintong Nihuta Hub,5:00,13:00
MH 2 Lolak Hub,5:00,12:00
MH 2 Loli Hub,5:00,12:00
MH 2 Madidir Hub,5:00,13:00
MH 2 Maliku Hub,5:00,12:00
MH 2 Mandiangin Hub,5:00,12:00
MH 2 Manis Mata Hub,5:00,12:00
MH 2 Marisa Hub,5:00,12:00
MH 2 Matuari Hub,5:00,13:00
MH 2 Mawasangka Tengah Hub,5:00,12:00
MH 2 Mempawah Hulu Hub,5:00,12:00
MH 2 Mepanga Hub,5:00,12:00
MH 2 Merek Hub,5:00,12:00
MH 2 Muko Muko Bathin Hub,5:00,12:00
MH 2 Pasar Muara Bungo Hub,5:00,12:00
MH 2 Pollung Hub,5:00,13:00
MH 2 Pulau Beringin Hub,5:00,13:00
MH 2 Ratahan Hub,5:00,12:00
MH 2 Rupat Hub,5:00,12:00
MH 2 Semitau Hub,5:00,12:00
MH 2 Simeulue Tengah Hub,5:00,12:00
MH 2 Sipoholon Hub,5:00,12:00
MH 2 Sungai Melayu Rayak Hub,5:00,12:00
MH 2 Sungguminasa Hub,5:00,12:00
MH 2 Talisayan Hub,5:00,12:00
MH 2 Tayan Hilir Hub,5:00,13:00
MH 2 Teluk Batang Hub,5:00,12:00
MH 2 Towuti Hub,5:00,12:00
MH 3 Aesesa Hub,5:00,12:00
MH 3 Jelai Hulu Hub,5:00,12:00
MH 3 Marisa Hub,5:00,12:00
MH 3 Mepanga Hub,5:00,12:00
MH 3 Putussibau Hub,5:00,12:00
MH 3 Rantepao Hub,5:00,13:00
MH 3 Sako Hub,5:00,12:00
MH 3 Sanggau Ledo Hub,5:00,12:00
MH 3 Sigi Biromaru Hub,5:00,12:00
MH 3 Talisayan Hub,5:00,12:00
MH 3 Tilamuta Hub,5:00,12:00
MH 3 Topoyo Hub,5:00,12:00
MH 3 Towuti Hub,5:00,13:00
MH 4 Aesesa Hub,5:00,12:00
MH 4 Amurang Barat Hub,5:00,12:00
MH 4 Gunung Sitoli Hub,5:00,12:00
MH 4 Nanga Tayap Hub,5:00,13:00
MH 4 Pasar Muara Bungo Hub,5:00,12:00
MH 4 Rantepao Hub,5:00,12:00
MH 4 Tanjung Redeb Hub,5:00,12:00
MH 4 Tenggarong Hub,5:00,12:00
MH 5 Aesesa Hub,5:00,13:00
MH 6 Aesesa Hub,5:00,12:00
MH 6 Sandai Hub,5:00,12:00
MH 7 Sandai Hub,5:00,12:00
MH Air Kumbang 2 Hub,5:00,12:00
MH Air Kumbang 3 Hub,5:00,12:00
MH Air Kumbang Hub,5:00,12:00
MH Air Upas Hub,5:00,12:00
MH Alok 2 Hub,5:00,13:00
MH Alok 3 Hub,5:00,12:00
MH Alok Hub,5:00,12:00
MH Amurang Barat 3 Hub,5:00,12:00
MH Amurang Barat Hub,5:00,12:00
MH Andoolo 2 Hub,5:00,12:00
MH Andoolo 4 Hub,5:00,12:00
MH Andoolo Hub,5:00,12:00
MH Andowia Hub,5:00,12:00
MH Atambua Kota 2 Hub,5:00,12:00
MH Atambua Kota 3 Hub,5:00,12:00
MH Atambua Kota 4 Hub,5:00,12:00
MH Atambua Kota 5 Hub,5:00,12:00
MH Atambua Kota Hub,5:00,12:00
MH BATALAIWARU (BATALAIWORU) 2 Hub,5:00,12:00
MH Badau Hub,5:00,12:00
MH Bajawa 2 Hub,5:00,12:00
MH Bajawa 3 Hub,5:00,12:00
MH Bajawa 4 Hub,5:00,13:00
MH Bajawa 5 Hub,5:00,12:00
MH Bajawa 6 Hub,5:00,12:00
MH Bajawa 7 Hub,5:00,12:00
MH Balige 5 Hub,5:00,12:00
MH Banawa 2 Hub,5:00,12:00
MH Banawa Hub,5:00,12:00
MH Banda Aceh 4 Hub,5:00,13:00
MH Banding Agung Hub,5:00,12:00
MH Bantarsari Hub,5:00,13:00
MH Banuhampu Hub,5:00,13:00
MH Baolan 5 Hub,5:00,12:00
MH Baolan 6 Hub,5:00,12:00
MH Baolan Hub,5:00,12:00
MH Batauga 2 Hub,5:00,12:00
MH Batauga Hub,5:00,12:00
MH Batu Aji Hub,5:00,12:00
MH Batu Sopang 2 Hub,5:00,12:00
MH Batu Sopang Hub,5:00,12:00
MH Bayah 2 Hub,5:00,14:30
MH Bayah 3 Hub,5:00,14:30
MH Bengkayang Hub,5:00,12:00
MH Berastagi 3 Hub,5:00,12:00
MH Biau 2 Hub,5:00,12:00
MH Biau 4 Hub,5:00,12:00
MH Binangun Hub,5:00,13:00
MH Bintan Timur Hub,5:00,12:00
MH Bintan Utara Hub,5:00,12:00
MH Bolaang Uki 2 Hub,5:00,12:00
MH Bolaang Uki 3 Hub,5:00,12:00
MH Bolaang Uki Hub,5:00,12:00
MH Bontang Hub,5:00,12:00
MH Borong 2 Hub,5:00,12:00
MH Borong 3 Hub,5:00,12:00
MH Borong Hub,5:00,12:00
MH Bukit Tinggi Hub,5:00,12:00
MH Bulik 2 Hub,5:00,13:00
MH Bulik 4 Hub,5:00,12:00
MH Bunguran Timur Hub,5:00,12:00
MH Bunut Hulu 2 Hub,5:00,12:00
MH Cibinong Cianjur Hub,5:00,13:00
MH Dewantara Hub,5:00,12:00
MH Dolok Masihul Hub,5:00,13:00
MH Dolok Sanggul 7 Hub,5:00,12:00
MH Dompu Hub,5:00,13:00
MH Dumoga Utara Hub,5:00,12:00
MH Dusun Selatan 3 Hub,5:00,12:00
MH Dusun Selatan Hub,5:00,12:00
MH Dusun Timur 3 Hub,5:00,12:00
MH Dusun Timur Hub,5:00,12:00
MH Ende Tengah 2 Hub,5:00,12:00
MH Ende Tengah 3 Hub,5:00,13:00
MH Ende Tengah Hub,5:00,12:00
MH Hanau Hub,5:00,12:00
MH Hulu Gurung Hub,5:00,13:00
MH Jekan Raya Hub,5:00,12:00
MH Kalawat Hub,5:00,12:00
MH Kalukku 3 Hub,5:00,12:00
MH Kandangan Hub,5:00,12:00
MH Kapuas Murung Hub,5:00,12:00
MH Karang Baru Hub,5:00,13:00
MH Karanganyar Pekalongan Hub,5:00,13:00
MH Katikutana Hub,5:00,12:00
MH Katingan Tengah Hub,5:00,12:00
MH Kayu Agung Hub,5:00,12:00
MH Kelumpang Hulu 2 Hub,5:00,12:00
MH Kelumpang Hulu 3 Hub,5:00,12:00
MH Kelumpang Hulu 5 Hub,5:00,12:00
MH Kelumpang Hulu 6 Hub,5:00,12:00
MH Kelumpang Hulu 7 Hub,5:00,12:00
MH Kelumpang Hulu 8 Hub,5:00,12:00
MH Kelumpang Hulu Hub,5:00,12:00
MH Ketapang Kalbar Hub,5:00,12:00
MH Khayan Hilir Hub,5:00,12:00
MH Kota Bangun Hub,5:00,12:00
MH Kota Kefamenanu 2 Hub,5:00,12:00
MH Kota Kefamenanu 3 Hub,5:00,12:00
MH Kota Kefamenanu 4 Hub,5:00,12:00
MH Kota Kefamenanu 5 Hub,5:00,12:00
MH Kota Kefamenanu Hub,5:00,13:00
MH Kota Manna 2 Hub,5:00,12:00
MH Kota Masohi 2 Hub,5:00,13:00
MH Kota Masohi 3 Hub,5:00,13:00
MH Kota Masohi Hub,5:00,12:00
MH Kota Pinang 2 Hub,5:00,12:00
MH Kota Solok Hub,5:00,13:00
MH Kulisusu 2 Hub,5:00,12:00
MH Kulisusu 3 Hub,5:00,12:00
MH Kulisusu Hub,5:00,12:00
MH Kumpeh Ulu Hub,5:00,12:00
MH Kundur Hub,5:00,12:00
MH Kupang Timur 3 Hub,5:00,12:00
MH Kupang Timur Hub,5:00,12:00
MH Kwandang Hub,5:00,12:00
MH Landak Hub,5:00,12:00
MH Langke Rembong Hub,5:00,13:00
MH Larantuka Hub,5:00,12:00
MH Lasusua 3 Hub,5:00,12:00
MH Lembah Gumanti 2 Hub,5:00,12:00
MH Libureng Hub,5:00,13:00
MH Lingga 2 Hub,5:00,12:00
MH Lingga Hub,5:00,12:00
MH Lobalain 2 Hub,5:00,12:00
MH Long Ikis Hub,5:00,12:00
MH Loura (Laura) 2 Hub,5:00,13:00
MH Loura (Laura) 3 Hub,5:00,12:00
MH Loura (Laura) 4 Hub,5:00,12:00
MH Loura (Laura) 5 Hub,5:00,12:00
MH Loura (Laura) 6 Hub,5:00,13:00
MH Loura (Laura) 7 Hub,5:00,12:00
MH Loura (Laura) 8 Hub,5:00,12:00
MH Loura (Laura) Hub,5:00,12:00
MH Luwuk 2 Hub,5:00,12:00
MH Luwuk Hub,5:00,12:00
MH Makale 3 Hub,5:00,12:00
MH Makale 4 Hub,5:00,12:00
MH Makale Utara 2 Hub,5:00,13:00
MH Makale Utara 3 Hub,5:00,13:00
MH Makale Utara Hub,5:00,13:00
MH Malaka Tengah 2 Hub,5:00,12:00
MH Malaka Tengah 3 Hub,5:00,12:00
MH Malaka Tengah 4 Hub,5:00,12:00
MH Malaka Tengah 5 Hub,5:00,12:00
MH Malaka Tengah Hub,5:00,12:00
MH Maliku Hub,5:00,12:00
MH Malinau Kota 2 Hub,5:00,12:00
MH Malinau Kota 5 Hub,5:00,12:00
MH Malinau Kota Hub,5:00,13:00
MH Mamasa 2 Hub,5:00,12:00
MH Mamasa 3 Hub,5:00,12:00
MH Mandau 2 Hub,5:00,12:00
MH Mandiangin Hub,5:00,12:00
MH Mandrehe Hub,5:00,13:00
MH Manokwari Barat Hub,5:00,12:00
MH Marang 2 Hub,5:00,12:00
MH Marang Hub,5:00,12:00
MH Matan Hilir Selatan Hub,5:00,12:00
MH Maulafa 3 Hub,5:00,13:00
MH Mawasangka Tengah Hub,5:00,12:00
MH Melawi 2 Hub,5:00,12:00
MH Melawi 3 Hub,5:00,12:00
MH Melawi Hub,5:00,12:00
MH Mempawah Hub,5:00,13:00
MH Merauke Hub,5:00,12:00
MH Mimika Baru 2 Hub,5:00,12:00
MH Mimika Baru 3 Hub,5:00,13:00
MH Mimika Baru 4 Hub,5:00,12:00
MH Mimika Baru Hub,5:00,13:00
MH Monterado Hub,5:00,12:00
MH Muara Bangkahulu Hub,5:00,13:00
MH Muara Dua 3 Hub,5:00,12:00
MH Muara Teweh 2 Hub,5:00,12:00
MH Muara Teweh 3 Hub,5:00,12:00
MH Muara Teweh 4 Hub,5:00,12:00
MH Muara Teweh 5 Hub,5:00,12:00
MH Muara Teweh Hub,5:00,12:00
MH Namlea Hub,5:00,12:00
MH Natal Hub,5:00,12:00
MH Nubatukan Hub,5:00,12:00
MH Nunukan 2 Hub,5:00,13:00
MH Pagimana Hub,5:00,12:00
MH Pahae Jae Hub,5:00,12:00
MH Pajo Hub,5:00,12:00
MH Pakuan Ratu Hub,5:00,12:00
MH Palaran Hub,5:00,13:00
MH Panai Hulu Hub,5:00,12:00
MH Pangkalan Kuras 3 Hub,5:00,12:00
MH Pangkalan Kuras Hub,5:00,12:00
MH Parenggean 4 Hub,5:00,12:00
MH Parigi 3 Hub,5:00,12:00
MH Parigi 4 Hub,5:00,12:00
MH Parigi 5 Hub,5:00,12:00
MH Parigi 6 Hub,5:00,12:00
MH Parindu Hub,5:00,12:00
MH Pasaman Hub,5:00,12:00
MH Pasangkayu Hub,5:00,12:00
MH Pasar Wajo 2 Hub,5:00,12:00
MH Pasar Wajo Hub,5:00,12:00
MH Pemangkat Hub,5:00,12:00
MH Petasia 3 Hub,5:00,12:00
MH Poso Kota Hub,5:00,12:00
MH Punjung Hub,5:00,12:00
MH Rantepao 2 Hub,5:00,13:00
MH Rantepao Hub,5:00,12:00
MH Rao 2 Hub,5:00,12:00
MH Salapian 2 Hub,5:00,12:00
MH Sambas Hub,5:00,13:00
MH Samofa Hub,5:00,12:00
MH Sandai 5 Hub,5:00,13:00
MH Sanggau 3 Hub,5:00,12:00
MH Sanggau Ledo 2 Hub,5:00,12:00
MH Sanggau Ledo Hub,5:00,13:00
MH Sangkulirang Hub,5:00,12:00
MH Sekadau Hilir 3 Hub,5:00,12:00
MH Sekadau Hilir 4 Hub,5:00,12:00
MH Sekadau Hilir Hub,5:00,12:00
MH Sekayam 2 Hub,5:00,13:00
MH Sekayam 3 Hub,5:00,12:00
MH Sekayam Hub,5:00,12:00
MH Sekincau 2 Hub,5:00,12:00
MH Selat 2 Hub,5:00,12:00
MH Selat 3 Hub,5:00,13:00
MH Selat Hub,5:00,12:00
MH Semitau Hub,5:00,12:00
MH Sengah Temila Hub,5:00,12:00
MH Siantan Hub,5:00,12:00
MH Sijunjung Hub,5:00,12:00
MH Silat Hilir 2 Hub,5:00,12:00
MH Silat Hilir Hub,5:00,13:00
MH Simboro Dan Kepulauan 4 Hub,5:00,12:00
MH Sinembah Tanjung Muda Hilir Hub,5:00,12:00
MH Singkawang Hub,5:00,12:00
MH Singkep Hub,5:00,12:00
MH Sipirok Hub,5:00,12:00
MH Sipora Utara Hub,5:00,12:00
MH Soe 10 Hub,5:00,12:00
MH Soe 2 Hub,5:00,12:00
MH Soe 3 Hub,5:00,12:00
MH Soe 4 Hub,5:00,12:00
MH Soe 5 Hub,5:00,12:00
MH Soe 6 Hub,5:00,12:00
MH Soe 7 Hub,5:00,12:00
MH Soe 8 Hub,5:00,12:00
MH Soe 9 Hub,5:00,12:00
MH Soe Hub,5:00,12:00
MH Sukadana Kalbar Hub,5:00,12:00
MH Sukamara 3 Hub,5:00,12:00
MH Sukamara 4 Hub,5:00,12:00
MH Sumbawa 2 Hub,5:00,12:00
MH Sumbawa Hub,5:00,12:00
MH Sumenep 1 Hub,5:00,12:00
MH Sumenep 2 Hub,5:00,12:00
MH Tabir 2 Hub,5:00,12:00
MH Tahuna Hub,5:00,12:00
MH Tahunan Hub,5:00,12:00
MH Taliwang 2 Hub,5:00,12:00
MH Tanah Sepenggal Lintas 2 Hub,5:00,12:00
MH Tanah Sepenggal Lintas 3 Hub,5:00,12:00
MH Tanah Sepenggal Lintas Hub,5:00,12:00
MH Tanjung Jabung Timur 2 Hub,5:00,12:00
MH Tanjung Jabung Timur 4 Hub,5:00,12:00
MH Tanjung Jabung Timur Hub,5:00,12:00
MH Tanjung Pandan 2 Hub,5:00,12:00
MH Tanjung Pinang Barat Hub,5:00,13:00
MH Tayan Hilir Hub,5:00,12:00
MH Tayan Hulu Hub,5:00,13:00
MH Tebing Tinggi Jambi 2 Hub,5:00,12:00
MH Tebing Tinggi Jambi 3 Hub,5:00,12:00
MH Tebing Tinggi Riau 2 Hub,5:00,12:00
MH Tebing Tinggi Riau 3 Hub,5:00,12:00
MH Tebing Tinggi Riau Hub,5:00,12:00
MH Teluk Dalam Hub,5:00,12:00
MH Teluk Mutiara 2 Hub,5:00,13:00
MH Teluk Mutiara 5 Hub,5:00,12:00
MH Teluk Mutiara Hub,5:00,13:00
MH Tilamuta 2 Hub,5:00,12:00
MH Tilamuta Hub,5:00,12:00
MH Tinakung 2 Hub,5:00,12:00
MH Tinakung 3 Hub,5:00,12:00
MH Tinakung 4 Hub,5:00,12:00
MH Tirawuta 2 Hub,5:00,12:00
MH Tirawuta Hub,5:00,12:00
MH Tobelo 2 Hub,5:00,12:00
MH Tobelo Hub,5:00,12:00
MH Tompobulu 2 Hub,5:00,12:00
MH Tompobulu Hub,5:00,13:00
MH Tondano Selatan 2 Hub,5:00,12:00
MH Tuminting Hub,5:00,12:00
MH Tutuyan 2 Hub,5:00,12:00
MH Walenrang 2 Hub,5:00,13:00
MH Wangi-Wangi Selatan 1 Hub,5:00,13:00
MH Wangi-Wangi Selatan 2 Hub,5:00,13:00
MH Wangi-Wangi Selatan 3 Hub,5:00,13:00
MH Woha Hub,5:00,12:00
MH Wolowaru 2 Hub,5:00,12:00
MH Wolowaru 3 Hub,5:00,12:00
MH Wolowaru 4 Hub,5:00,13:00
MH Wolowaru 5 Hub,5:00,12:00
MH Wolowaru Hub,5:00,12:00
MH Wonomulyo 4 Hub,5:00,12:00
MH Wonomulyo Hub,5:00,12:00
Maba Hub,5:00,13:00
Madang Suku 2 Hub,5:00,13:00
Madang Suku III Hub,5:00,13:00
Madidir Hub,5:00,13:00
Madiun Hub,5:00,14:00
Madukara Hub,5:00,14:00
Maduran Hub,5:00,14:00
Magelang Hub,5:00,14:00
Magelang Tengah Hub,5:00,14:00
Magetan Hub,5:00,14:00
Maiwa Hub,5:00,12:00
Maja Hub,5:00,14:00
Majalaya Hub,5:00,14:00
Majalaya Kab. Karawang Hub,5:00,14:00
Majalengka 2 Hub,5:00,14:00
Majalengka 3 Hub,5:00,14:00
Majalengka Hub,5:00,14:00
Majauleng Hub,5:00,13:00
Majenang Hub,5:00,14:00
Makale Hub,5:00,13:00
Makale Utara Hub,5:00,13:00
Makarti Jaya Hub,5:00,13:00
Makasar Hub,5:00,14:30
Makassar 2 Hub,5:00,13:00
Makassar Hub,5:00,13:00
Malaka Tengah Hub,5:00,13:00
Malalayang Hub,5:00,13:00
Malang Hub,5:00,14:00
Malangbong 2 Hub,5:00,14:00
Malangbong Hub,5:00,14:00
Malangke Hub,5:00,10:30
Maliku Hub,5:00,13:00
Malili Hub,5:00,13:00
Malinau Kota 2 Hub,5:00,13:00
Malinau Kota Hub,5:00,13:00
Malingping Hub,5:00,14:30
Mallusetasi Hub,5:00,13:00
Maluk Hub,5:00,13:00
Malunda Hub,5:00,12:00
Mamajang Hub,5:00,13:00
Mamasa Hub,5:00,18:00
Mampang Prapatan Hub,5:00,14:30
Manado Hub,5:00,13:00
Mandalawangi Hub,5:00,14:30
Mandastana 2 Hub,5:00,13:00
Mandastana Hub,5:00,13:00
Mandau 2 Hub,5:00,13:00
Mandau 3 Hub,5:00,12:00
Mandau Hub,5:00,13:00
Mande Hub,5:00,14:00
Mandiangin Hub,5:00,12:00
Manding Hub,5:00,14:00
Mandiraja Hub,5:00,14:00
Mandobo Hub,5:00,13:00
Mandolang Hub,5:00,13:00
Mandonga Hub,5:00,13:00
Mandor Hub,5:00,13:00
Mandrehe Hub,5:00,13:00
Mangara Bombang Hub,5:00,13:00
Manggala Hub,5:00,13:00
Manggar Hub,5:00,13:00
Manggis Hub,5:00,13:00
Mangunreja Hub,5:00,14:00
Maniang Pajo Hub,5:00,13:00
Maniis Hub,5:00,14:00
Manis Mata 2 Hub,5:00,13:00
Manis Mata Hub,5:00,13:00
Manisrenggo Hub,5:00,14:00
Manokwari Barat Hub,5:00,13:00
Manonjaya Hub,5:00,14:00
Mantewe 2 Hub,5:00,13:00
Mantewe Hub,5:00,13:00
Mantikulore Hub,5:00,13:00
Mantingan Hub,5:00,14:00
Mantrijeron Hub,5:00,14:00
Manulai II Hub,5:00,13:00
Manyak Payed Hub,5:00,12:00
Manyar Hub,5:00,14:00
Mapanget Hub,5:00,13:00
Marabahan Hub,5:00,12:00
Marang Hub,5:00,13:00
Marang Kayu Hub,5:00,12:00
Marau Hub,5:00,13:00
Mare Hub,5:00,12:00
Marga Tiga Hub,5:00,13:00
Margaasih Hub,5:00,14:00
Margasari Hub,5:00,14:00
Margo Tabir Hub,5:00,13:00
Margorejo Hub,5:00,14:00
Margoyoso Hub,5:00,14:00
Mario Riawa Hub,5:00,13:00
Mario Riwawo Hub,5:00,13:00
Marisa Hub,5:00,13:00
Maritengngae Hub,5:00,15:10
Maro Sebo Hub,5:00,13:00
Maro Sebo Ilir Hub,5:00,12:00
Maro Sebo Ulu Hub,5:00,13:00
Maron Hub,5:00,13:00
Maronge Hub,5:00,13:00
Marpoyan Damai Hub,5:00,13:00
Martapura 2 Hub,5:00,13:00
Martapura 4 Hub,5:00,13:00
Martapura Hub,5:00,13:00
Martapura Kalimantan Hub,5:00,13:00
Masamba Hub,5:00,13:00
Masaran Hub,5:00,14:00
Matan Hilir Selatan 3 Hub,5:00,13:00
Matan Hilir Selatan Hub,5:00,13:00
Matan Hilir Utara Hub,5:00,12:00
Mataram Hub,5:00,13:00
Matesih Hub,5:00,14:00
Matraman 2 Hub,5:00,14:30
Matraman 3 Hub,5:00,14:30
Matraman 4 Hub,5:00,14:30
Mattiro Bulu Hub,5:00,12:00
Matuari Hub,5:00,13:00
Mauk Hub,5:00,14:30
Maulafa Hub,5:00,13:00
Mawasangka Tengah Hub,5:00,12:00
Mayong Hub,5:00,14:00
Medan Amplas 3 Hub,5:00,13:00
Medan Amplas Hub,5:00,13:00
Medan Area Hub,5:00,13:00
Medan Barat Hub,5:00,13:00
Medan Deli Hub,5:00,13:00
Medan Denai Hub,5:00,13:00
Medan Helvetia Hub,5:00,13:00
Medan Hub,5:00,13:00
Medan Johor Hub,5:00,13:00
Medan Labuhan Hub,5:00,13:00
Medan Maimun Hub,5:00,13:00
Medan Marelan Hub,5:00,13:00
Medan Petisah Hub,5:00,13:00
Medan Satria 2 Hub,5:00,14:00
Medan Satria Hub,5:00,14:00
Medan Selayang Hub,5:00,13:00
Medan Timur Hub,5:00,13:00
Medan Tuntungan Hub,5:00,13:00
Medang Deras Hub,5:00,13:00
Megang Sakti Hub,5:00,13:00
Megawon Hub,5:00,14:00
Mejayan 2 Hub,5:00,14:00
Mejayan Hub,5:00,14:00
Melawi Hub,5:00,13:00
Melaya Hub,5:00,13:00
Meliau 2 Hub,5:00,13:00
Meliau 3 Hub,5:00,13:00
Meliau Hub,5:00,13:00
Melinting 3 Hub,5:00,13:00
Melinting Hub,5:00,12:00
Melonguane Hub,5:00,13:00
Membalong Hub,5:00,12:00
Mempawah Hub,5:00,13:00
Mempawah Hulu Hub,5:00,12:00
Mendahara Hub,5:00,13:00
Mendahara Ulu Hub,5:00,12:00
Mendo Barat 2 Hub,5:00,13:00
Mendo Barat Hub,5:00,12:00
Mendoyo Hub,5:00,12:00
Menes Hub,5:00,13:30
Menganti Hub,5:00,14:00
Menggala Hub,5:00,13:00
Menggelewa Hub,5:00,13:00
Mengkendek Hub,5:00,13:00
Mengwi Badung Hub,5:00,13:00
Mentawa Baru Hub,5:00,13:00
Mentaya Hilir Selatan Hub,5:00,13:00
Mentaya Hilir Utara Hub,5:00,13:00
Mentaya Hulu Hub,5:00,13:00
Mentebah Hub,5:00,13:00
Mentok 2 Hub,5:00,13:00
Mentok Hub,5:00,13:00
Menukung Hub,5:00,13:00
Mepanga Hub,5:00,13:00
Meraksa Aji Hub,5:00,12:00
Merakurak Hub,5:00,14:00
Meral Barat Hub,5:00,13:00
Meral Hub,5:00,13:00
Merapi Barat Hub,5:00,13:00
Merauke Hub,5:00,13:00
Merawang Hub,5:00,13:00
Merbau Hub,5:00,13:00
Merek Hub,5:00,13:00
Mergangsan Hub,5:00,14:00
Merlung Hub,5:00,12:00
Mersam 2 Hub,5:00,13:00
Mersam Hub,5:00,13:00
Mertoyudan Hub,5:00,14:00
Mestong Hub,5:00,13:00
Mesuji Makmur Hub,5:00,12:00
Mesuji Timur Hub,5:00,13:00
Metro Hub,5:00,13:00
Metro Selatan Hub,5:00,13:00
Metro Utara Hub,5:00,13:00
Meurah Mulia Hub,5:00,13:00
Meureudu Hub,5:00,13:00
Mijen Demak Hub,5:00,14:00
Mijen Hub,5:00,14:00
Mimika Baru Hub,5:00,13:00
Minas Hub,5:00,13:00
Mlonggo Hub,5:00,14:00
Modayag Barat Hub,5:00,13:00
Moga Hub,5:00,14:00
Mojo Hub,5:00,14:00
Mojoanyar Hub,5:00,14:00
Mojokerto Hub,5:00,14:00
Mojolaban Hub,5:00,14:00
Mojoroto Hub,5:00,14:00
Mojotengah Hub,5:00,14:00
Mojowarno Hub,5:00,14:00
Mojowarno Jombang Hub,5:00,14:00
Monta Hub,5:00,13:00
Monterado Hub,5:00,12:00
Moramo Hub,5:00,13:00
Mori Atas Hub,5:00,13:00
Moro Hub,5:00,13:00
Morotai Selatan 2 Hub,5:00,13:00
Morotai Selatan Hub,5:00,13:00
Moyo Hilir Hub,5:00,13:00
Moyudan Hub,5:00,14:00
Mpunda Hub,5:00,13:00
Mranggen Hub,5:00,14:00
Mrebet Hub,5:00,14:00
Muara Badak Hub,5:00,13:00
Muara Bangkahulu Hub,5:00,13:00
Muara Batang Gadis Hub,5:00,12:00
Muara Batang Toru Hub,5:00,13:00
Muara Batu Hub,5:00,13:00
Muara Beliti Hub,5:00,12:00
Muara Bulian Hub,5:00,13:00
Muara Dua Hub,5:00,13:00
Muara Dua Kota Lhokseumawe Hub,5:00,13:00
Muara Enim Hub,5:00,13:00
Muara Jawa Hub,5:00,13:00
Muara Kaman Hub,5:00,12:00
Muara Kelingi Hub,5:00,12:00
Muara Lakitan 3 Hub,5:00,13:00
Muara Lakitan Hub,5:00,13:00
Muara Lawa Hub,5:00,13:00
Muara Muntai Hub,5:00,13:00
Muara Papalik Hub,5:00,13:00
Muara Pinang Hub,5:00,13:00
Muara Sabak Timur 2 Hub,5:00,13:00
Muara Sabak Timur Hub,5:00,12:00
Muara Sipongi Hub,5:00,12:00
Muara Tabir 2 Hub,5:00,13:00
Muara Tabir Hub,5:00,13:00
Muara Tami Hub,5:00,13:00
Muara Tembesi Hub,5:00,13:00
Muara Teweh Hub,5:00,13:00
Muara Uya Hub,5:00,12:00
Muko Muko Bathin Hub,5:00,13:00
Mukok 2 Hub,5:00,13:00
Mukok Hub,5:00,13:00
Mukomuko Hub,5:00,12:00
Mulyorejo 2 Hub,5:00,14:00
Mulyorejo 3 Hub,5:00,14:00
Mulyorejo Hub,5:00,14:00
Muncar Hub,5:00,14:00
Munjungan Hub,5:00,14:00
Munte Hub,5:00,13:00
Muntilan Hub,5:00,14:00
Murung Hub,5:00,13:00
Murung Pudak Hub,5:00,13:00
Musi Rawas Hub,5:00,13:00
Musi Rawas Utara Hub,5:00,13:00
Mustika Jaya 2 Hub,5:00,14:00
Mustika Jaya Hub,5:00,14:00
Mutiara Timur Hub,5:00,13:00
Na IX-X Hub,5:00,13:00
Nabire Hub,5:00,13:00
Nagrak Sukabumi Hub,5:00,14:00
Namang Hub,5:00,13:00
Nambo Hub,5:00,13:00
Namlea Hub,5:00,13:00
Namorambe Hub,5:00,13:00
Nanga Taman Hub,5:00,12:00
Nanga Tayap 2 Hub,5:00,13:00
Nanga Tayap Hub,5:00,13:00
Nanggalo Hub,5:00,13:00
Nanggulan 2 Hub,5:00,14:00
Nanggulan Hub,5:00,14:00
Narmada Hub,5:00,13:00
Natal Hub,5:00,12:00
Natar 3 Hub,5:00,13:00
Natar Hub,5:00,13:00
Nawangan Hub,5:00,14:00
Negara Batin Hub,5:00,13:00
Negara Hub,5:00,13:00
Negeri Katon Hub,5:00,13:00
Neglasari Hub,5:00,14:30
Nengah Bulik Hub,5:00,12:00
Ngadirejo Hub,5:00,14:00
Ngadirojo Hub,5:00,14:00
Ngadirojo Kidul Hub,5:00,14:00
Ngaglik 3 Hub,5:00,14:00
Ngaglik Hub,5:00,14:00
Ngaliyan 2 Hub,5:00,14:00
Ngaliyan 3 Hub,5:00,14:00
Ngaliyan Hub,5:00,14:00
Ngambur Hub,5:00,13:00
Ngampel Hub,5:00,14:00
Ngamprah Hub,5:00,14:00
Ngancar Hub,5:00,14:00
Nganjuk Hub,5:00,14:00
Ngantang Hub,5:00,14:00
Ngapa Hub,5:00,13:00
Ngasem 3 Hub,5:00,14:00
Ngasem Hub,5:00,13:00
Ngawen Hub,5:00,14:00
Ngawi Hub,5:00,14:00
Ngemplak Hub,5:00,14:00
Ngemplak Kab. Boyolali Hub,5:00,14:00
Ngimbang Hub,5:00,13:00
Nglipar Hub,5:00,14:00
Ngoro Hub,5:00,14:00
Ngraho Hub,5:00,14:00
Ngrambe Hub,5:00,14:00
Nguntoronadi Kab. Wonogiri Hub,5:00,13:00
Ngunut Hub,5:00,14:00
Nguter Hub,5:00,14:00
Nibung Hub,5:00,13:00
Nimbokrang Hub,5:00,13:00
Nipah Panjang Hub,5:00,13:00
Nisam Antara Hub,5:00,12:00
Nogosari Hub,5:00,14:00
Nongsa Hub,5:00,13:00
Nubatukan Hub,5:00,12:00
Nuha Hub,5:00,13:00
Nunukan Hub,5:00,13:00
Nusaherang Hub,5:00,14:00
Nusapenida Hub,5:00,13:00
Nusawungu Hub,5:00,14:00
Nyalindung Hub,5:00,14:00
Oba Utara Hub,5:00,13:00
Oebobo Hub,5:00,13:00
Omben Hub,5:00,14:00
Paal Merah Hub,5:00,13:00
Pabean Cantikan Hub,5:00,14:00
Pabelan Hub,5:00,14:00
Pabuaran Kab. Sukabumi Hub,5:00,14:00
Pabuaran Serang Hub,5:00,14:30
Pacet Bandung Hub,5:00,14:00
Pacet Hub,5:00,14:00
Pacet Kab. Cianjur 2 Hub,5:00,14:00
Paciran Hub,5:00,14:00
Pacitan Hub,5:00,14:00
Padamara Hub,5:00,14:00
Padang Bolak Hub,5:00,13:00
Padang Cermin 2 Hub,5:00,13:00
Padang Cermin Hub,5:00,13:00
Padang Hub,5:00,13:00
Padang Jaya Hub,5:00,13:00
Padang Panjang Hub,5:00,13:00
Padang Selatan Hub,5:00,13:00
Padang Sidempuan Batunadua Hub,5:00,13:00
Padang Sidempuan Hub,5:00,13:00
Padang Sidempuan Selatan Hub,5:00,13:00
Padang Sidempuan Tenggara Hub,5:00,13:00
Padang Tiji Hub,5:00,12:00
Padang Ulak Tanding Hub,5:00,12:00
Padang Utara Hub,5:00,13:00
Padangan Hub,5:00,14:00
Pademangan 6 Hub,5:00,14:30
Pademangan Hub,5:00,14:30
Pademawu Hub,5:00,14:00
Pagaden Hub,5:00,14:00
Pagak Hub,5:00,14:00
Pagar Alam Hub,5:00,11:00
Pagar Alam Utara Hub,5:00,13:00
Pagar Dewa Hub,5:00,13:00
Pagedangan 2 Hub,5:00,14:30
Pagedangan Hub,5:00,14:30
Pagelaran Hub,5:00,14:30
Pagelaran Kab. Cianjur Hub,5:00,14:00
Pagelaran Lampung Hub,5:00,13:00
Pagerbarang Hub,5:00,14:00
Pagimana Hub,5:00,13:00
Paguyangan Hub,5:00,14:00
Pahae Jae Hub,5:00,13:00
Pahae Julu Hub,5:00,13:00
Pahandut 3 Hub,5:00,13:00
Pahandut Hub,5:00,13:00
Painan Hub,5:00,13:00
Paiton Hub,5:00,13:30
Pajo Hub,5:00,13:00
Pajukukang Hub,5:00,13:00
Pakel Hub,5:00,14:00
Pakem Hub,5:00,14:00
Pakenjeng Hub,5:00,14:00
Pakis Hub,5:00,14:00
Pakis Malang Hub,5:00,14:00
Pakisaji Hub,5:00,14:00
Pakkat Hub,5:00,13:00
Pakong Hub,5:00,14:00
Pakuan Ratu Hub,5:00,12:00
Pakuhaji 5 Hub,5:00,14:30
Pakuhaji Hub,5:00,14:30
Pakusari Hub,5:00,13:00
Palakka Hub,5:00,13:00
Palang Hub,5:00,14:00
Palangka Raya Hub,5:00,13:00
Palaran Hub,5:00,13:00
Palas Hub,5:00,13:00
Palembang Hub,5:00,13:00
Palenga'an Hub,5:00,14:00
Palibelo Hub,5:00,13:00
Palimanan Hub,5:00,14:00
Palipi Hub,5:00,12:00
Paliyan Hub,5:00,14:00
Pallangga Hub,5:00,13:00
Palmatak Hub,5:00,13:00
Paloh Hub,5:00,12:00
Palu Hub,5:00,13:00
Palu Selatan Hub,5:00,13:00
Palu Timur Hub,5:00,13:00
Pamanukan Hub,5:00,13:00
Pamekasan Hub,5:00,14:00
Pamenang Barat 2 Hub,5:00,13:00
Pamenang Barat 4 Hub,5:00,13:00
Pamenang Barat Hub,5:00,13:00
Pameungpeuk 2 Hub,5:00,14:00
Pameungpeuk Hub,5:00,13:00
Pammana Hub,5:00,13:00
Pamona Puselemba Hub,5:00,12:00
Pamona Selatan Hub,5:00,13:00
Pamukan Barat Hub,5:00,13:00
Pamulang 2 Hub,5:00,14:30
Pamulang 3 Hub,5:00,14:30
Pamulihan Hub,5:00,14:00
Panai Hilir Hub,5:00,13:00
Panai Hulu Hub,5:00,13:00
Panai Tengah Hub,5:00,13:00
Panakkukang Hub,5:00,13:00
Panarukan Hub,5:00,14:00
Panca Rijang Hub,5:00,13:00
Panceng Hub,5:00,14:00
Pancoran 2 Hub,5:00,14:30
Pancoran 3 Hub,5:00,14:30
Pancoran Mas Hub,5:00,14:00
Pancung Soal Hub,5:00,13:00
Pancur Batu Hub,5:00,13:00
Pandaan Hub,5:00,14:00
Pandan Hub,5:00,13:00
Pandeglang Hub,5:00,13:00
Pandeyan Hub,5:00,14:00
Panekan Hub,5:00,14:00
Pangalengan Hub,5:00,14:00
Pangandaran Hub,5:00,13:00
Pangaribuan Hub,5:00,13:00
Pangatikan Hub,5:00,14:00
Pangkah Hub,5:00,14:00
Pangkajene Hub,5:00,13:00
Pangkal Pinang Hub,5:00,13:00
Pangkalan Banteng 2 Hub,5:00,13:00
Pangkalan Banteng Hub,5:00,13:00
Pangkalan Hub,5:00,14:00
Pangkalan Kerinci Hub,5:00,13:00
Pangkalan Koto Hub,5:00,13:00
Pangkalan Kuras Hub,5:00,12:00
Pangkalan Lada Hub,5:00,13:00
Pangkalan Lampam Hub,5:00,12:00
Pangkatan Hub,5:00,13:00
Pangkur Hub,5:00,14:00
Panguragan Hub,5:00,14:00
Pangururan Hub,5:00,12:00
Panimbang Hub,5:00,14:30
Paninggaran Hub,5:00,14:00
Panjalu Hub,5:00,14:00
Panji Hub,5:00,14:00
Panongan 3 Hub,5:00,14:30
Pantai Baru Hub,5:00,12:00
Pantai Cermin Hub,5:00,13:00
Pante Bidari (Beudari) Hub,5:00,13:00
Panumbangan Hub,5:00,14:00
Panyabungan Hub,5:00,13:00
Panyileukan Hub,5:00,14:00
Panyipatan Hub,5:00,12:00
Papalang Hub,5:00,13:00
Papar Hub,5:00,14:00
Parado Hub,5:00,13:00
Parakan Hub,5:00,14:00
Parakan Salak Hub,5:00,14:00
Parang Hub,5:00,14:00
Pare Hub,5:00,14:00
Parengan Hub,5:00,13:00
Parenggean Hub,5:00,13:00
Pariaman Hub,5:00,13:00
Parigi Hub,5:00,13:00
Parindu Hub,5:00,13:00
Paringin Hub,5:00,13:00
Paringin Timur Hub,5:00,12:00
Parlilitan Hub,5:00,13:00
Paron Hub,5:00,14:00
Parung Hub,5:00,14:00
Parung Kuda Hub,5:00,14:00
Parung Panjang Hub,5:00,14:00
Pasaman Hub,5:00,13:00
Pasangkayu Hub,5:00,10:30
Pasar Kemis Hub,5:00,14:30
Pasar Kliwon Hub,5:00,14:00
Pasar Minggu Hub,5:00,14:30
Pasar Muara Bungo Hub,5:00,13:00
Pasar Rebo 2 Hub,5:00,14:30
Pasar Rebo Hub,5:00,14:30
Pasar Wajo Hub,5:00,13:00
Pasean Hub,5:00,14:00
Paseh Hub,5:00,14:00
Pasir Belengkong Hub,5:00,12:00
Pasir Limau Kapas Hub,5:00,13:00
Pasirjambu 2 Hub,5:00,14:00
Pasongsongan Hub,5:00,14:00
Pasuruan Hub,5:00,14:00
Patallassang Hub,5:00,13:00
Pati 2 Hub,5:00,14:00
Pati Hub,5:00,14:00
Patikraja Hub,5:00,14:00
Patimuan Hub,5:00,14:00
Patokbeusi Hub,5:00,14:00
Patrang 2 Hub,5:00,14:00
Patrang Hub,5:00,14:00
Patrol Hub,5:00,14:00
Pattallassang Kab. Gowa Hub,5:00,13:00
Patumbak Hub,5:00,13:00
Pauh 2 Hub,5:00,13:00
Pauh Hub,5:00,13:00
Payakumbuh Hub,5:00,13:00
Payakumbuh Timur Hub,5:00,13:00
Payangan Hub,5:00,13:00
Payaraman Hub,5:00,12:00
Payung Hub,5:00,13:00
Payung Sekaki Hub,5:00,13:00
Pecangaan 5 Hub,5:00,14:00
Pecangaan Hub,5:00,14:00
Pecatu Hub,5:00,13:00
Pedan Hub,5:00,14:00
Pedurungan 4 Hub,5:00,14:00
Pedurungan 5 Hub,5:00,14:00
Pedurungan 8 Hub,5:00,14:00
Pedurungan 9 Hub,5:00,14:00
Pedurungan Hub,5:00,14:00
Pegajahan Hub,5:00,13:00
Pegantenan Hub,5:00,14:00
Pejagoan Hub,5:00,14:00
Pejawaran Hub,5:00,14:00
Pekaitan Hub,5:00,13:00
Pekalongan Barat 2 Hub,5:00,14:00
Pekalongan Selatan Hub,5:00,14:00
Pekalongan Utara Hub,5:00,14:00
Pekanbaru Hub,5:00,13:00
Pekat Hub,5:00,12:00
Pelabuhan Ratu Hub,5:00,14:00
Pelaihari Hub,5:00,13:00
Pelangiran Hub,5:00,12:00
Pelepat Ilir Hub,5:00,13:00
Pemahan Hub,5:00,13:00
Pemalang Hub,5:00,14:00
Pemangkat Hub,5:00,13:00
Pematang Bandar Hub,5:00,12:00
Pematang Karau Hub,5:00,13:00
Pemayung 2 Hub,5:00,13:00
Pemayung Hub,5:00,13:00
Pemulutan Hub,5:00,13:00
Penajam Hub,5:00,12:00
Penarik Hub,5:00,13:00
Pende Hub,5:00,14:00
Pendopo Hub,5:00,13:00
Penebel Hub,5:00,13:00
Penengahan Hub,5:00,13:00
Pengabuan Hub,5:00,13:00
Pengandonan Hub,5:00,13:00
Peninjauan Hub,5:00,12:00
Penjaringan 11 Hub,5:00,14:30
Penjaringan 12 Hub,5:00,14:30
Penjaringan 14 Hub,5:00,14:30
Penjaringan 2 Hub,5:00,14:30
Penjaringan 27 Hub,5:00,14:30
Penjaringan 3 Hub,5:00,14:30
Penjaringan 4 Hub,5:00,14:30
Penjaringan 6 Hub,5:00,14:30
Penukal Hub,5:00,12:00
Penyengat Rendah Hub,5:00,13:00
Peranap 2 Hub,5:00,12:00
Peranap Hub,5:00,13:00
Perbaungan Hub,5:00,13:00
Percut Sei Tuan 2 Hub,5:00,13:00
Percut Sei Tuan 3 Hub,5:00,13:00
Percut Sei Tuan Hub,5:00,13:00
Periuk Hub,5:00,14:30
Permata Hub,5:00,13:00
Pesanggaran Hub,5:00,14:00
Pesanggrahan 2 Hub,5:00,14:30
Pesanggrahan 3 Hub,5:00,14:30
Pesanggrahan Hub,5:00,14:30
Pesantren Hub,5:00,14:00
Pesisir Selatan Hub,5:00,13:00
Pesisir Tengah Hub,5:00,13:00
Petanahan Hub,5:00,14:00
Petang Hub,5:00,13:00
Petarukan Hub,5:00,14:00
Petasia Hub,5:00,13:00
Petasia Timur Hub,5:00,13:00
Peunaron Hub,5:00,13:00
Peureulak Hub,5:00,13:00
Peusangan Hub,5:00,13:00
Pinang 3 Hub,5:00,14:30
Pinang 4 Hub,5:00,14:30
Pinang Hub,5:00,14:30
Pinang Sori Hub,5:00,13:00
Pinggir Hub,5:00,12:00
Pintu Rime Gayo Hub,5:00,13:00
Pitu Riase Hub,5:00,13:00
Pitu Riawa Hub,5:00,13:00
Pitumpanua Hub,5:00,12:00
Piyungan Hub,5:00,14:00
Plaju Hub,5:00,13:00
Plakat Tinggi (Pelakat Tinggi) 2 Hub,5:00,13:00
Plakat Tinggi (Pelakat Tinggi) Hub,5:00,13:00
Plampang Hub,5:00,13:00
Plaosan Hub,5:00,14:00
Playen Hub,5:00,14:00
Plemahan Hub,5:00,14:00
Plered Hub,5:00,14:00
Pleret Hub,5:00,14:00
Plumbon Hub,5:00,14:00
Plumpang Hub,5:00,14:00
Plupuh Hub,5:00,14:00
Poasia Hub,5:00,13:00
Pogalan Hub,5:00,14:00
Poleang Hub,5:00,13:00
Polewali Hub,5:00,13:00
Pollung Hub,5:00,13:00
Polombangkeng Selatan Hub,5:00,13:00
Polombangkeng Utara (Polobangkeng) Hub,5:00,13:00
Pomalaa Hub,5:00,13:00
Pondok Aren 3 Hub,5:00,14:30
Pondok Aren 4 Hub,5:00,14:30
Pondok Aren 5 Hub,5:00,14:30
Pondok Aren Hub,5:00,14:30
Pondok Kelapa Bengkulu Hub,5:00,13:00
Pondok Kelapa Hub,5:00,14:30
Pondok Ranggon Hub,5:00,14:30
Pondok Salam Hub,5:00,14:00
Pondok Suguh Hub,5:00,13:00
Pondokgede 3 Hub,5:00,14:00
Pondokgede Hub,5:00,14:00
Ponggok Hub,5:00,14:00
Ponorogo Hub,5:00,14:00
Ponrang Hub,5:00,13:00
Pontianak Barat Hub,5:00,13:00
Pontianak Hub,5:00,13:00
Pontianak Timur Hub,5:00,13:00
Pontianak Utara Hub,5:00,13:00
Popayato Hub,5:00,12:00
Porsea Hub,5:00,13:00
Poso Kota Hub,5:00,13:00
Prabumulih Barat Hub,5:00,13:00
Prabumulih Hub,5:00,13:00
Prabumulih Selatan Hub,5:00,13:00
Pracimantoro Hub,5:00,14:00
Pragaan Hub,5:00,14:00
Prajekan Hub,5:00,14:00
Praya Barat Daya Hub,5:00,13:00
Praya Barat Hub,5:00,13:00
Praya Hub,5:00,13:00
Praya Tengah Hub,5:00,13:00
Prembun Hub,5:00,14:00
Pringapus Hub,5:00,14:00
Pringgabaya Hub,5:00,13:00
Pringgarata Hub,5:00,13:00
Pringsewu Hub,5:00,13:00
Probolinggo Hub,5:00,13:00
Pronojiwo Hub,5:00,14:00
Proppo Hub,5:00,14:00
Pubian 3 Hub,5:00,13:00
Pubian Hub,5:00,13:00
Pucuk Rantau Hub,5:00,13:00
Puger Hub,5:00,14:00
Pugung Hub,5:00,13:00
Pujer Hub,5:00,14:00
Pujon Hub,5:00,14:00
Pujud 2 Hub,5:00,12:00
Pujud Hub,5:00,13:00
Pujut Hub,5:00,13:00
Pulau Beringin Hub,5:00,13:00
Pulau Besar Hub,5:00,13:00
Pulau Burung Hub,5:00,13:00
Pulau Laut Barat Hub,5:00,13:00
Pulau Laut Tengah Hub,5:00,12:00
Pulau Laut Timur Hub,5:00,13:00
Pulau Laut Utara Hub,5:00,13:00
Pulau Maya 2 Hub,5:00,13:00
Pulau Maya Hub,5:00,13:00
Pulau Panggung Hub,5:00,13:00
Pulau Rakyat Hub,5:00,13:00
Pulo Gadung 3 Hub,5:00,14:30
Puloampel Hub,5:00,14:30
Pulogadung Hub,5:00,14:30
Pulomerak Hub,5:00,14:30
Pulosari Hub,5:00,14:00
Pulung Hub,5:00,14:00
Punduh Pidada (Pedada) Hub,5:00,13:00
Punggelan Hub,5:00,14:00
Pungging Hub,5:00,14:00
Punggur Hub,5:00,13:00
Punjung Hub,5:00,13:00
Punung Hub,5:00,14:00
Pupuan Hub,5:00,13:00
Purabaya Hub,5:00,12:00
Purba Hub,5:00,13:00
Purbalingga Hub,5:00,14:00
Purbolinggo Hub,5:00,12:00
Puri 3 Hub,5:00,14:00
Puri Hub,5:00,14:00
Purwadadi Hub,5:00,14:00
Purwakarta 2 Hub,5:00,14:00
Purwakarta Hub,5:00,14:00
Purwakarta Kota Cilegon Hub,5:00,14:30
Purwantoro Hub,5:00,14:00
Purwasari Hub,5:00,14:00
Purwodadi Hub,5:00,14:00
Purwoharjo Hub,5:00,13:00
Purwojati Hub,5:00,14:00
Purwokerto Barat Hub,5:00,14:00
Purwokerto Hub,5:00,14:00
Purwokerto Timur Hub,5:00,14:00
Purwokerto Utara Hub,5:00,14:00
Purwonegoro Hub,5:00,14:00
Purworejo Hub,5:00,14:00
Pusakanagara Hub,5:00,14:00
Puspo Hub,5:00,14:00
Putri Hijau 2 Hub,5:00,13:00
Putri Hijau Hub,5:00,13:00
Putussibau Hub,5:00,13:00
Putussibau Selatan Hub,5:00,13:00
Putussibau Utara Hub,5:00,13:00
Raba Hub,5:00,13:00
Rajabasa Hub,5:00,13:00
Rajagaluh Hub,5:00,14:00
Rajapolah Hub,5:00,14:00
Rajeg Hub,5:00,14:30
Rakumpit Hub,5:00,13:00
Rambah Hilir Hub,5:00,13:00
Rambah Hub,5:00,13:00
Rambah Samo Hub,5:00,12:00
Rambang Niru Hub,5:00,12:00
Rambatan Hub,5:00,13:00
Rambipuji Hub,5:00,14:00
Rambutan Hub,5:00,13:00
Ranah Pesisir Hub,5:00,13:00
Rancabali Hub,5:00,14:00
Rancaekek Hub,5:00,14:00
Rancah Hub,5:00,14:00
Rancasari Hub,5:00,14:00
Randublatung Hub,5:00,14:00
Randudongkal Hub,5:00,14:00
Rangkah Kidul Hub,5:00,14:00
Rangkasbitung Hub,5:00,14:30
Ranomeeto Hub,5:00,13:00
Ransiki Hub,5:00,13:00
Rantau Kopar Hub,5:00,13:00
Rantau Rasau Hub,5:00,13:00
Rantau Selamat Hub,5:00,13:00
Rantau Selatan Hub,5:00,13:00
Rantau Utara Hub,5:00,13:00
Rantepao Hub,5:00,13:00
Ranto Baek Baik Hub,5:00,13:00
Ranuyoso Hub,5:00,12:30
Rao Hub,5:00,13:00
Rao Selatan Hub,5:00,12:00
Rappocini Hub,5:00,13:00
Rasau Jaya Hub,5:00,13:00
Ratahan Hub,5:00,13:00
Rawa Jitu Selatan Hub,5:00,13:00
Rawa Pitu Hub,5:00,13:00
Rawas Ulu Hub,5:00,13:00
Raya Hub,5:00,13:00
Raya Kahean Hub,5:00,13:00
Regol 2 Hub,5:00,14:00
Rembang Hub,5:00,14:00
Rembang Pasuruan Hub,5:00,14:00
Renah Pamenang Hub,5:00,13:00
Rengasdengklok Hub,5:00,14:00
Rengat Barat Hub,5:00,13:00
Rengat Hub,5:00,13:00
Reok Hub,5:00,13:00
Reteh Hub,5:00,13:00
Riau Silip Hub,5:00,12:00
Rimba Melintang Hub,5:00,13:00
Rimbo Bujang Hub,5:00,12:00
Rokan IV Koto Hub,5:00,12:00
Rote Barat Hub,5:00,13:00
Rowokele Hub,5:00,14:00
Rubaru Hub,5:00,14:00
Rumbai 2 Hub,5:00,13:00
Rumbai Hub,5:00,13:00
Rumbia 2 Hub,5:00,13:00
Rumbia Hub,5:00,12:00
Rundeng Hub,5:00,13:00
Runjung Agung Hub,5:00,12:00
Rupat Hub,5:00,12:00
Rupat Utara Hub,5:00,12:00
Sabak Auh Hub,5:00,12:00
Sabu Barat Hub,5:00,12:00
Sagaranten Hub,5:00,13:00
Sagulung Hub,5:00,13:00
Saipar Dolok Hub,5:00,13:00
Sajingan Besar Hub,5:00,13:00
Sajira Hub,5:00,14:30
Sajoanging Hub,5:00,12:00
Sako Hub,5:00,13:00
Sakra Barat Hub,5:00,13:00
Salak Hub,5:00,13:00
Salam Hub,5:00,14:00
Salaman Hub,5:00,14:00
Salapian Hub,5:00,13:00
Salatiga Hub,5:00,14:00
Salawu Hub,5:00,14:00
Salem Hub,5:00,14:00
Salomekko Hub,5:00,13:00
Salopa Hub,5:00,14:00
Samalanga Hub,5:00,13:00
Samarang 2 Hub,5:00,14:00
Samarang Hub,5:00,14:00
Samarinda Hub,5:00,13:00
Samarinda Ilir Hub,5:00,13:00
Samarinda Kota Hub,5:00,13:00
Samarinda Seberang Hub,5:00,13:00
Samarinda Utara 2 Hub,5:00,13:00
Samarinda Utara Hub,5:00,13:00
Samatiga Hub,5:00,12:00
Sambalia Hub,5:00,12:00
Sambaliung Hub,5:00,13:00
Sambas Hub,5:00,13:00
Sambikerep Hub,5:00,14:00
Samboja (Semboja) Hub,5:00,12:00
Sambung Macan Hub,5:00,14:00
Sambutan Hub,5:00,13:00
Samofa Hub,5:00,13:00
Sampaga Hub,5:00,13:00
Sampanahan Hub,5:00,13:00
Sampang 2 Hub,5:00,13:00
Sampang Hub,5:00,14:00
Sanan Kulon Hub,5:00,14:00
Sanana Hub,5:00,13:00
Sandai 3 Hub,5:00,13:00
Sandai Hub,5:00,13:00
Sanga Desa Hub,5:00,13:00
Sangatta 3 Hub,5:00,13:00
Sangatta Hub,5:00,13:00
Sangatta Utara 2 Hub,5:00,13:00
Sanggar Hub,5:00,13:00
Sanggau Hub,5:00,13:00
Sanggau Ledo Hub,5:00,13:00
Sangir Hub,5:00,13:00
Sangir Jujuan Hub,5:00,12:00
Sangkapura Hub,5:00,14:00
Sangkulirang Hub,5:00,13:00
Sape Hub,5:00,13:00
Sapuran Hub,5:00,14:00
Sarang Halang Hub,5:00,12:00
Sarmi Hub,5:00,13:00
Sarolangun Hub,5:00,13:00
Sarudu Hub,5:00,13:00
Satui 2 Hub,5:00,13:00
Satui Hub,5:00,13:00
Sawah Gede Hub,5:00,14:00
Sawahan Hub,5:00,14:00
Sawan Hub,5:00,13:00
Sawangan Kota Depok Hub,5:00,14:00
Sawit Hub,5:00,14:00
Sawoo Hub,5:00,14:00
Sayung Hub,5:00,14:00
Sayur Matinggi Hub,5:00,12:00
Sebangau Hub,5:00,13:00
Sebatik Hub,5:00,13:00
Seberang Ulu I Hub,5:00,13:00
Seberang Ulu II Hub,5:00,13:00
Seberida Hub,5:00,13:00
Sebuku Hub,5:00,12:00
Sebulu Hub,5:00,12:00
Secanggang Hub,5:00,13:00
Sedan Hub,5:00,14:00
Sedati Hub,5:00,14:00
Sei Ambawang Hub,5:00,13:00
Sei Balai Hub,5:00,13:00
Sei Bamban Hub,5:00,13:00
Sei Beduk Hub,5:00,13:00
Sei Beremas Hub,5:00,12:00
Sei Binge (Bingai) Hub,5:00,13:00
Sei Kepayang Barat Hub,5:00,13:00
Sei Rampah Hub,5:00,13:00
Sei Sungai Kakap Hub,5:00,13:00
Sei Sungai Kanan 2 Hub,5:00,13:00
Sei Sungai Kanan Hub,5:00,12:00
Sei Sungai Kunyit 2 Hub,5:00,13:00
Sei Sungai Kunyit Hub,5:00,13:00
Sekadau Hilir 3 Hub,5:00,13:00
Sekadau Hilir Hub,5:00,13:00
Sekadau Hulu Hub,5:00,13:00
Sekampung Udik Hub,5:00,13:00
Sekarbela Hub,5:00,13:00
Sekayam Hub,5:00,13:00
Sekayu 2 Hub,5:00,13:00
Sekayu Hub,5:00,13:00
Sekernan Hub,5:00,12:00
Sekincau Hub,5:00,13:00
Sekolaq Darat Hub,5:00,13:00
Sekotong Hub,5:00,12:00
Sekupang Hub,5:00,13:00
Selaawi Hub,5:00,14:00
Selabintana Sukabumi Hub,5:00,14:00
Selagai Lingga Hub,5:00,13:00
Selakau Hub,5:00,13:00
Selakau Timur Hub,5:00,13:00
Selat Bali Hub,5:00,13:00
Selat Hub,5:00,13:00
Selemadeg Hub,5:00,13:00
Selimbau Hub,5:00,13:00
Selo Hub,5:00,14:00
Selomerto Hub,5:00,14:00
Seluma Hub,5:00,13:00
Seluma Selatan Hub,5:00,13:00
Seluma Timur Hub,5:00,13:00
Selupu Rejang Hub,5:00,13:00
Semaka Hub,5:00,13:00
Semanding Hub,5:00,14:00
Semanu Hub,5:00,14:00
Semarang Hub,5:00,14:00
Semarang Tengah Hub,5:00,14:00
Semarang Timur Hub,5:00,14:00
Semarang Utara Hub,5:00,14:00
Sematang Borang Hub,5:00,13:00
Semau Hub,5:00,12:00
Sembalun Hub,5:00,13:00
Sembawa Hub,5:00,13:00
Semen Hub,5:00,14:00
Semendawai Barat Hub,5:00,13:00
Semendawai Timur Hub,5:00,13:00
Semende Darat Laut Hub,5:00,13:00
Semende Darat Ulu Hub,5:00,13:00
Semidang Alas Hub,5:00,13:00
Semidang Alas Maras Hub,5:00,13:00
Semin Hub,5:00,13:00
Semitau Hub,5:00,13:00
Sendana Hub,5:00,12:00
Sendang Agung Hub,5:00,13:00
Senen Hub,5:00,14:30
Sengah Temila 2 Hub,5:00,13:00
Sengah Temila 3 Hub,5:00,13:00
Sengah Temila Hub,5:00,13:00
Sentajo Raya Hub,5:00,12:00
Sentani Hub,5:00,13:00
Sentolo 2 Hub,5:00,14:00
Sentolo Hub,5:00,14:00
Sepaku 2 Hub,5:00,13:00
Sepaku Hub,5:00,13:00
Sepauk 3 Hub,5:00,12:00
Sepauk Hub,5:00,13:00
Seponti Hub,5:00,13:00
Sepulu Hub,5:00,14:00
Seputih Raman Hub,5:00,13:00
Seputih Surabaya Hub,5:00,13:00
Seram Utara Timur Seti Hub,5:00,12:00
Serang Baru 2 Hub,5:00,14:00
Serang Baru Hub,5:00,14:00
Serang Hub,5:00,14:30
Serengan 2 Hub,5:00,14:00
Serengan Hub,5:00,14:00
Seririt Hub,5:00,13:00
Serpong Utara 2 Hub,5:00,14:30
Serpong Utara Hub,5:00,14:30
Seruyan Hilir Hub,5:00,13:00
Seruyan Hilir Timur Hub,5:00,13:00
Sesayap Hub,5:00,13:00
Setia Hub,5:00,13:00
Setiabudi 2 Hub,5:00,14:30
Setiabudi Hub,5:00,14:30
Setu Bekasi Hub,5:00,14:00
Setu Kota Tangerang Selatan 2 Hub,5:00,14:30
Setu Kota Tangerang Selatan 3 Hub,5:00,14:30
Setu Kota Tangerang Selatan 5 Hub,5:00,14:30
Setu Kota Tangerang Selatan Hub,5:00,14:30
Seulimeum 2 Hub,5:00,13:00
Seulimeum Hub,5:00,12:00
Seunagan Timur Hub,5:00,13:00
Sewon Hub,5:00,14:00
Seyegan Hub,5:00,14:00
Siabu Hub,5:00,13:00
Siak Hub,5:00,12:00
Siak Hulu Hub,5:00,13:00
Siak Kecil Hub,5:00,12:00
Siantan Hub,5:00,13:00
Siantan Hulu Hub,5:00,13:00
Siantan Pontianak Hub,5:00,13:00
Siantar Hub,5:00,13:00
Siantar Narumonda Hub,5:00,13:00
Siantar Selatan Hub,5:00,13:00
Siantar Sitalasari Hub,5:00,13:00
Siau Timur Hub,5:00,13:00
Sibabangun Hub,5:00,13:00
Sibolangit Hub,5:00,13:00
Siborong - Borong Hub,5:00,13:00
Sidamanik Hub,5:00,12:00
Sidareja Hub,5:00,14:00
Sidayu Hub,5:00,14:00
Sidikalang Hub,5:00,13:00
Sidoarjo 2 Hub,5:00,14:00
Sidoarjo Hub,5:00,14:00
Sidomukti Hub,5:00,14:00
Sidomulyo Hub,5:00,13:00
Sidotopo Wetan Hub,5:00,14:00
Siempat Nempu Hub,5:00,13:00
Sigi Biromaru Hub,5:00,13:00
Sijuk Hub,5:00,12:00
Sijunjung Hub,5:00,12:00
Sikur Hub,5:00,13:00
Silahi Sabungan Hub,5:00,13:00
Silangkitang Hub,5:00,13:00
Silat Hilir Hub,5:00,13:00
Silaut Hub,5:00,13:00
Silih Nara 2 Hub,5:00,12:00
Silih Nara Hub,5:00,13:00
Silimakuta Hub,5:00,13:00
Silungkang Hub,5:00,13:00
Simangambat Hub,5:00,13:00
Simanindo Hub,5:00,13:00
Simboro Dan Kepulauan Hub,5:00,13:00
Simeulue Tengah Hub,5:00,12:00
Simeulue Timur Hub,5:00,13:00
Simo Hub,5:00,14:00
Simpang Blimbing Hub,5:00,13:00
Simpang Dua Hub,5:00,13:00
Simpang Empat Banjar 2 Hub,5:00,13:00
Simpang Empat Banjar Hub,5:00,12:00
Simpang Empat Hub,5:00,13:00
Simpang Empat Kab. Karo Hub,5:00,13:00
Simpang Empat Tanah Bumbu Hub,5:00,13:00
Simpang Hilir Hub,5:00,13:00
Simpang Hub,5:00,13:00
Simpang Hulu 2 Hub,5:00,13:00
Simpang Hulu Hub,5:00,13:00
Simpang Kanan Hub,5:00,12:00
Simpang Kanan Rokan Hilir Hub,5:00,13:00
Simpang Katis Hub,5:00,12:00
Simpang Pematang Hub,5:00,13:00
Simpang Pesak Hub,5:00,12:00
Simpang Rimba Hub,5:00,12:00
Simpang Teritip Hub,5:00,12:00
Simpangkiri Hub,5:00,13:00
Simpenan Hub,5:00,14:00
Sinaboi (Senaboi) 2 Hub,5:00,13:00
Sinaboi (Senaboi) Hub,5:00,13:00
Sindang Hub,5:00,14:00
Sindangbarang Hub,5:00,13:00
Sindangkasih Hub,5:00,14:00
Sindangkerta Hub,5:00,14:00
Sindangresmi Hub,5:00,13:00
Sinduharjo Hub,5:00,14:00
Sinembah Tanjung Muda Hilir Hub,5:00,12:00
Singajaya Hub,5:00,14:00
Singaparna 2 Hub,5:00,14:00
Singaparna Hub,5:00,14:00
Singaran Pati Hub,5:00,13:00
Singingi Hilir Hub,5:00,12:00
Singingi Hub,5:00,12:00
Singkawang Hub,5:00,13:00
Singkawang Tengah Hub,5:00,13:00
Singkawang Utara Hub,5:00,13:00
Singkep 2 Hub,5:00,13:00
Singkep Hub,5:00,13:00
Singkil Kab. Aceh Singkil Hub,5:00,13:00
Singkohor Hub,5:00,13:00
Singkup Hub,5:00,13:00
Singkut Hub,5:00,13:00
Singorojo Hub,5:00,13:00
Singosari Hub,5:00,14:00
Sinjai Barat Hub,5:00,12:00
Sinjai Selatan Hub,5:00,13:00
Sinjai Timur Hub,5:00,9:00
Sinjai Utara Hub,5:00,13:00
Sinoa Hub,5:00,13:00
Sintang Hub,5:00,13:00
Sinunukan Hub,5:00,13:00
Sipahutar Hub,5:00,13:00
Sipatana 2 Hub,5:00,13:00
Sipatana Hub,5:00,13:00
Sipirok Hub,5:00,13:00
Sipispis Hub,5:00,13:00
Sipoholon Hub,5:00,13:00
Sipora Utara Hub,5:00,13:00
Sirah Pulau Padang Hub,5:00,12:00
Sirampog Hub,5:00,14:00
Sirandorung Hub,5:00,13:00
Sirapit Hub,5:00,13:00
Sirimau 2 Hub,5:00,13:00
Sirimau Hub,5:00,13:00
Sitinjau Laut Hub,5:00,13:00
Sitiung Hub,5:00,13:00
Siulak Hub,5:00,13:00
Slawi Hub,5:00,14:00
Sleman Hub,5:00,14:00
Sliyeg Hub,5:00,14:00
Slogohimo Hub,5:00,14:00
Sobo Hub,5:00,14:00
Soe Hub,5:00,13:00
Soko Hub,5:00,14:00
Sokobanah 3 Hub,5:00,14:00
Sokobanah Hub,5:00,14:00
Solear Hub,5:00,14:30
Solo 2 Hub,5:00,14:00
Solo Hub,5:00,14:00
Solokan Jeruk Hub,5:00,14:00
Solor Timur Hub,5:00,13:00
Somagede Hub,5:00,14:00
Somba Opu 2 Hub,5:00,13:00
Somba Opu 3 Hub,5:00,13:00
Somba Opu Hub,5:00,13:00
Songgom Hub,5:00,14:00
Soreang Hub,5:00,14:00
Soreang Parepare Hub,5:00,13:00
Sorkam Hub,5:00,13:00
Sorong Utara Hub,5:00,13:00
Sosa 2 Hub,5:00,12:00
Sosa Hub,5:00,13:00
Sragen Hub,5:00,14:00
Sragi Hub,5:00,14:00
Srono Hub,5:00,14:00
Stabat Hub,5:00,13:00
Suak Tapeh Hub,5:00,12:00
Subah Hub,5:00,14:00
Subang Hub,5:00,14:00
Subang Kab. Kuningan Hub,5:00,14:00
Suboh Hub,5:00,14:00
Suela Hub,5:00,13:00
Sugihwaras Hub,5:00,14:00
Sukabumi Hub,5:00,14:00
Sukadana Hub,5:00,12:00
Sukadana Kalbar Hub,5:00,13:00
Sukadiri Hub,5:00,14:30
Sukajadi Baturaja Timur Hub,5:00,12:00
Sukajadi Hub,5:00,14:00
Sukajaya Hub,5:00,13:00
Sukakarya Hub,5:00,14:00
Sukakarya Kota Sabang Hub,5:00,13:00
Sukaluyu Hub,5:00,14:00
Sukamaju Hub,5:00,9:30
Sukamakmur Hub,5:00,14:00
Sukamara Hub,5:00,13:00
Sukamulya 2 Hub,5:00,14:30
Sukamulya Hub,5:00,14:30
Sukanagara Hub,5:00,14:00
Sukapura Hub,5:00,13:00
Sukaraja 3 Hub,5:00,14:00
Sukaraja Hub,5:00,14:00
Sukaraja Sukabumi Hub,5:00,14:00
Sukaraja Tasikmalaya Hub,5:00,14:00
Sukarame Hub,5:00,13:00
Sukarami Hub,5:00,13:00
Sukaresmi Hub,5:00,14:30
Sukaresmi Kab. Cianjur Hub,5:00,14:00
Sukasada Hub,5:00,13:00
Sukatani 2 Hub,5:00,14:00
Sukatani Hub,5:00,14:00
Sukau Hub,5:00,13:00
Sukawati Hub,5:00,13:00
Sukmajaya 4 Hub,5:00,14:00
Sukodadi Hub,5:00,14:00
Sukoharjo Hub,5:00,14:00
Sukoharjo Kab. Pringsewu Hub,5:00,13:00
Sukoharjo Wonosobo Hub,5:00,14:00
Sukolilo 2 Hub,5:00,14:00
Sukolilo Hub,5:00,14:00
Sukomanunggal Hub,5:00,14:00
Sukorejo Hub,5:00,14:00
Sukorejo Kab. Ponorogo Hub,5:00,14:00
Sukorejo Kendal Hub,5:00,14:00
Sukosari Hub,5:00,13:00
Sukowono Hub,5:00,14:00
Suku Tengah Hub,5:00,12:00
Sukun Hub,5:00,14:00
Sulang Hub,5:00,14:00
Sultan Daulat 2 Hub,5:00,13:00
Sultan Daulat Hub,5:00,13:00
Sumalata Hub,5:00,12:00
Sumay Hub,5:00,13:00
Sumbawa Hub,5:00,13:00
Sumber Baru Hub,5:00,14:00
Sumber Hub,5:00,14:00
Sumber Jaya Hub,5:00,13:00
Sumberasih Hub,5:00,14:00
Sumbergempol Hub,5:00,14:00
Sumberpucung Hub,5:00,14:00
Sumberrejo Hub,5:00,14:00
Sumbersari Hub,5:00,14:00
Sumbersuko Hub,5:00,13:00
Sumbul Hub,5:00,13:00
Sumedang Hub,5:00,14:00
Sumedang Selatan Hub,5:00,14:00
Sumenep Hub,5:00,14:00
Sumobito Hub,5:00,14:00
Sumowono 2 Hub,5:00,14:00
Sumowono Hub,5:00,14:00
Sumpiuh Hub,5:00,13:00
Sungai Apit Hub,5:00,10:00
Sungai Aur Hub,5:00,13:00
Sungai Bahar Hub,5:00,10:00
Sungai Gelam 2 Hub,5:00,13:00
Sungai Gelam 5 Hub,5:00,13:00
Sungai Gelam Hub,5:00,12:00
Sungai Kakap Hub,5:00,13:00
Sungai Kerawang Hub,5:00,13:00
Sungai Keruh 2 Hub,5:00,13:00
Sungai Keruh Hub,5:00,13:00
Sungai Kunjang 2 Hub,5:00,13:00
Sungai Kunjang Hub,5:00,13:00
Sungai Laur Hub,5:00,13:00
Sungai Liat Hub,5:00,13:00
Sungai Lilin 3 Hub,5:00,13:00
Sungai Lilin Hub,5:00,13:00
Sungai Limau Hub,5:00,12:00
Sungai Loban Hub,5:00,12:00
Sungai Manau Hub,5:00,13:00
Sungai Mandau Hub,5:00,13:00
Sungai Melayu Rayak Hub,5:00,13:00
Sungai Menang Hub,5:00,12:00
Sungai Pagu Hub,5:00,13:00
Sungai Pandan 2 Hub,5:00,13:00
Sungai Pandan Hub,5:00,13:00
Sungai Penuh Hub,5:00,13:00
Sungai Pinang Hub,5:00,13:00
Sungai Pinang Kab. Banjar Hub,5:00,13:00
Sungai Pinyuh Hub,5:00,13:00
Sungai Raya Bengkayang Hub,5:00,13:00
Sungai Raya Hub,5:00,13:00
Sungai Raya Hulu Sungai Selatan Hub,5:00,13:00
Sungai Raya Kepulauan Hub,5:00,13:00
Sungai Rengas Hub,5:00,13:00
Sungai Rotan Hub,5:00,12:00
Sungai Sembilan Hub,5:00,13:00
Sungai Tabuk Hub,5:00,13:00
Sungai Tebelian Hub,5:00,12:00
Sungguminasa Hub,5:00,13:00
Sungkai Utara 2 Hub,5:00,13:00
Sungkai Utara Hub,5:00,12:00
Surabaya Hub,5:00,14:00
Surabaya Utara Hub,5:00,14:00
Suradadi Hub,5:00,14:00
Surade Hub,5:00,13:00
Suruh Hub,5:00,14:00
Susukan Kab. Banjarnegara Hub,5:00,14:00
Tabanan Hub,5:00,13:00
Tabir Hub,5:00,13:00
Tabir Selatan Hub,5:00,13:00
Tabongo Hub,5:00,13:00
Tahuna Hub,5:00,13:00
Tahunan Hub,5:00,14:00
Tajurhalang Hub,5:00,14:00
Takisung Hub,5:00,13:00
Takkalalla Hub,5:00,13:00
Takokak Hub,5:00,14:00
Taktakan Hub,5:00,14:30
Talamau Hub,5:00,13:00
Talang 2 Hub,5:00,14:00
Talang Empat Hub,5:00,12:00
Talang Hub,5:00,14:00
Talang Kelapa Hub,5:00,13:00
Talang Padang Hub,5:00,13:00
Talang Ubi Hub,5:00,13:00
Talawi Hub,5:00,13:00
Talawi Kota Sawah Lunto Hub,5:00,13:00
Taliabu Barat Hub,5:00,13:00
Talisayan Hub,5:00,13:00
Taliwang Hub,5:00,13:00
Tallo Hub,5:00,13:00
Talo Hub,5:00,13:00
Talun 2 Hub,5:00,14:00
Talun Hub,5:00,14:00
Tamalanrea Hub,5:00,13:00
Tamalate 2 Hub,5:00,13:00
Tamalate Hub,5:00,13:00
Tamalatea Hub,5:00,13:00
Taman 2 Hub,5:00,14:00
Taman Hub,5:00,14:00
Taman Madiun 2 Hub,5:00,14:00
Taman Madiun Hub,5:00,14:00
Taman Pemalang 2 Hub,5:00,14:00
Taman Pemalang Hub,5:00,14:00
Taman Sari 4 Hub,5:00,14:30
Taman Sari 6 Hub,5:00,14:30
Taman Sari Jakarta Barat 3 Hub,5:00,14:30
Tambak Adi Hub,5:00,14:00
Tambakboyo Hub,5:00,13:00
Tambaksari 2 Hub,5:00,14:00
Tambaksari Hub,5:00,14:00
Tamban Hub,5:00,13:00
Tambang Hub,5:00,13:00
Tambang Ulang Hub,5:00,13:00
Tambelang Hub,5:00,14:00
Tambora 4 Hub,5:00,14:30
Tambun Selatan 2 Hub,5:00,14:00
Tambun Selatan 3 Hub,5:00,14:00
Tambun Utara Hub,5:00,14:00
Tambusai 2 Hub,5:00,13:00
Tambusai Hub,5:00,13:00
Tambusai Utara 2 Hub,5:00,13:00
Tambusai Utara Hub,5:00,12:00
Tampahan Hub,5:00,13:00
Tampak Siring Hub,5:00,13:00
Tampan Hub,5:00,13:00
Tampan Pekanbaru Hub,5:00,13:00
Tanah Abang 3 Hub,5:00,14:30
Tanah Abang 7 Hub,5:00,14:30
Tanah Abang Hub,5:00,14:30
Tanah Abang Penukal Hub,5:00,13:00
Tanah Grogot Hub,5:00,13:00
Tanah Jambo Aye Hub,5:00,13:00
Tanah Jawa Hub,5:00,13:00
Tanah Merah Bangkalan Hub,5:00,14:00
Tanah Merah Hub,5:00,13:00
Tanah Merah Kab. Indragiri Hilir Hub,5:00,13:00
Tanah Pinem Hub,5:00,12:00
Tanah Pinoh Hub,5:00,13:00
Tanah Putih Tanjung Melawan Hub,5:00,13:00
Tanah Sareal 2 Hub,5:00,14:00
Tanah Sareal Hub,5:00,14:00
Tanah Sepenggal Lintas Hub,5:00,12:00
Tanah Siang Selatan Hub,5:00,13:00
Tandun Hub,5:00,13:00
Tanete Riattang Hub,5:00,15:10
Tanete Riattang Timur Hub,5:00,13:00
Tanete Rilau Hub,5:00,13:00
Tangaran Hub,5:00,13:00
Tanggul Hub,5:00,14:00
Tangse Hub,5:00,12:00
Tanjung Agung Hub,5:00,12:00
Tanjung Balai Hub,5:00,13:00
Tanjung Bintang Hub,5:00,13:00
Tanjung Brebes Hub,5:00,14:00
Tanjung Enim Hub,5:00,13:00
Tanjung Hub,5:00,13:00
Tanjung Jabung Barat Hub,5:00,13:00
Tanjung Jabung Timur Hub,5:00,12:00
Tanjung Karang Barat 2 Hub,5:00,13:00
Tanjung Karang Barat Hub,5:00,13:00
Tanjung Kemuning Hub,5:00,12:00
Tanjung Lago Hub,5:00,13:00
Tanjung Lombok Utara Hub,5:00,13:00
Tanjung Morawa Hub,5:00,13:00
Tanjung Mutiara Hub,5:00,13:00
Tanjung Palas Utara Hub,5:00,13:00
Tanjung Pandan 2 Hub,5:00,12:00
Tanjung Pandan Hub,5:00,13:00
Tanjung Pinang Barat Hub,5:00,13:00
Tanjung Pinang Hub,5:00,13:00
Tanjung Pinang Timur Hub,5:00,13:00
Tanjung Priok 2 Hub,5:00,14:30
Tanjung Priok 4 Hub,5:00,14:30
Tanjung Priok 5 Hub,5:00,14:30
Tanjung Priok Hub,5:00,14:30
Tanjung Raja Hub,5:00,13:00
Tanjung Raya Hub,5:00,13:00
Tanjung Raya Kab. Mesuji Hub,5:00,12:00
Tanjung Redeb Hub,5:00,13:00
Tanjung Sakti Pumi Hub,5:00,13:00
Tanjung Selor Hub,5:00,13:00
Tanjung Senang Hub,5:00,13:00
Tanjunganom Hub,5:00,14:00
Tanjungkerta Hub,5:00,14:00
Tanjungpura Hub,5:00,12:00
Tanjungsari Hub,5:00,14:00
Tanon Hub,5:00,14:00
Tanralili Hub,5:00,13:00
Tapak Tuan Hub,5:00,12:00
Tapan Hub,5:00,12:00
Tapen Hub,5:00,13:00
Tapian Dolok Hub,5:00,13:00
Tapian Nauli Hub,5:00,13:00
Tapin Selatan Hub,5:00,13:00
Tapin Tengah Hub,5:00,12:00
Tapin Utara Hub,5:00,13:00
Tapos 2 Hub,5:00,14:00
Tapung 3 Hub,5:00,12:00
Tapung Hilir Hub,5:00,12:00
Tapung Hub,5:00,13:00
Tapung Hulu Hub,5:00,12:00
Taraju Hub,5:00,14:00
Tarakan Barat 4 Hub,5:00,13:00
Tarakan Barat Hub,5:00,13:00
Tarakan Timur Hub,5:00,13:00
Tarakan Utara Hub,5:00,13:00
Tarogong Hub,5:00,14:00
Tarub Hub,5:00,14:00
Tarumajaya 2 Hub,5:00,14:00
Tarumajaya Hub,5:00,14:00
Tarutung Hub,5:00,13:00
Tasikmalaya Hub,5:00,14:00
Tawang Hub,5:00,14:00
Tawangharjo Hub,5:00,14:00
Tayan Hilir Hub,5:00,13:00
Tayan Hulu Hub,5:00,13:00
Tayu Hub,5:00,14:00
Tebas Hub,5:00,13:00
Tebet 2 Hub,5:00,14:30
Tebing Syahbandar Hub,5:00,13:00
Tebing Tinggi Hub,5:00,13:00
Tebing Tinggi Jambi Hub,5:00,13:00
Tebing Tinggi Riau Hub,5:00,13:00
Tebing Tinggi Sumut Hub,5:00,13:00
Tebo Ilir Hub,5:00,13:00
Tebo Tengah Hub,5:00,13:00
Tebo Ulu Hub,5:00,13:00
Tegal Barat Hub,5:00,14:00
Tegal Buleud Hub,5:00,14:00
Tegal Hub,5:00,14:00
Tegallalang 2 Hub,5:00,13:00
Tegallalang Hub,5:00,13:00
Tegalombo Hub,5:00,14:00
Tegalrejo Hub,5:00,14:00
Tegalsari Hub,5:00,14:00
Tegineneng Hub,5:00,13:00
Tegowanu Hub,5:00,14:00
Tejakula Hub,5:00,13:00
Tekad Hub,5:00,13:00
Telaga Antang Hub,5:00,13:00
Telagasari Hub,5:00,14:00
Telanaipura Hub,5:00,13:00
Telawang Hub,5:00,12:00
Tellu Limpoe Hub,5:00,13:00
Teluk Batang Hub,5:00,13:00
Teluk Bayur 2 Hub,5:00,13:00
Teluk Bayur Hub,5:00,13:00
Teluk Dalam Asahan Hub,5:00,13:00
Teluk Dalam Hub,5:00,13:00
Teluk Gelam 2 Hub,5:00,13:00
Teluk Gelam Hub,5:00,13:00
Teluk Keramat 2 Hub,5:00,13:00
Teluk Keramat Hub,5:00,13:00
Teluk Mengkudu Hub,5:00,13:00
Teluk Mutiara Hub,5:00,13:00
Teluk Pakedai Hub,5:00,13:00
Teluk Sampit Hub,5:00,12:00
Teluk Sebong Hub,5:00,13:00
Telukbetung Barat Hub,5:00,13:00
Telukbetung Selatan Hub,5:00,13:00
Telukbetung Utara Hub,5:00,13:00
Telukjambe Barat Hub,5:00,14:00
Telukjambe Timur Hub,5:00,14:00
Teluknaga 3 Hub,5:00,14:30
Teluknaga Hub,5:00,14:30
Temanggung Hub,5:00,14:00
Temayang 2 Hub,5:00,14:00
Temayang Hub,5:00,14:00
Tembalang 2 Hub,5:00,14:00
Tembalang Hub,5:00,14:00
Tembilahan 2 Hub,5:00,12:00
Tembilahan Hub,5:00,13:00
Teminabuan Hub,5:00,13:00
Tempe Hub,5:00,13:00
Tempel Hub,5:00,14:00
Tempilang Hub,5:00,13:00
Tempunak Hub,5:00,12:00
Tempurejo Hub,5:00,14:00
Tenayan Raya Hub,5:00,13:00
Tengah Ilir Hub,5:00,13:00
Tengaran Hub,5:00,14:00
Tenggarang Hub,5:00,14:00
Tenggarong Hub,5:00,13:00
Tenggarong Seberang 2 Hub,5:00,13:00
Tenggarong Seberang Hub,5:00,13:00
Tenggulun Hub,5:00,12:00
Tepus Hub,5:00,13:00
Teramang Jaya Hub,5:00,13:00
Terbanggi Besar 2 Hub,5:00,13:00
Terbanggi Besar 3 Hub,5:00,13:00
Terbanggi Besar Hub,5:00,12:00
Ternate Hub,5:00,13:00
Ternate Selatan 2 Hub,5:00,13:00
Ternate Selatan Hub,5:00,13:00
Ternate Utara Hub,5:00,13:00
Tersono Hub,5:00,14:00
Teunom Hub,5:00,12:00
Teupah Barat Hub,5:00,13:00
Tewah Hub,5:00,13:00
Tewang Sanggalang Garing (Sangalang) Hub,5:00,13:00
Teweh Selatan Hub,5:00,13:00
Tibawa 2 Hub,5:00,13:00
Tibawa Hub,5:00,12:00
Tiga Binanga Hub,5:00,13:00
Tiga Lingga Hub,5:00,13:00
Tiga Panah Hub,5:00,13:00
Tiganderket Hub,5:00,13:00
Tigaraksa 2 Hub,5:00,14:30
Tigaraksa 4 Hub,5:00,14:30
Tigo Nagari Hub,5:00,13:00
Tikke Raya Hub,5:00,12:00
Tilamuta Hub,5:00,13:00
Tilango Hub,5:00,13:00
Timpah Hub,5:00,13:00
Timpeh Hub,5:00,12:00
Tinakung Hub,5:00,13:00
Tinambung Hub,5:00,12:00
Tinanggea Hub,5:00,13:00
Tinggi Raja Hub,5:00,13:00
Tinggimoncong Hub,5:00,9:00
Tirawuta Hub,5:00,13:00
Tirtajaya Hub,5:00,14:00
Tirto Hub,5:00,14:00
Tirtomartani Hub,5:00,14:00
Titeue Hub,5:00,13:00
Tlogowungu Hub,5:00,14:00
Toapaya Hub,5:00,13:00
Tobadak Hub,5:00,12:00
Tobelo Hub,5:00,13:00
Tobelo Selatan Hub,5:00,13:00
Toboali Hub,5:00,13:00
Todanan Hub,5:00,14:00
Toho Hub,5:00,13:00
Toili 2 Hub,5:00,13:00
Toili Hub,5:00,13:00
Tojo Hub,5:00,12:00
Tolangohula Hub,5:00,12:00
Tombatu Timur Hub,5:00,13:00
Tomo Hub,5:00,14:00
Tomohon Hub,5:00,13:00
Tomoni Hub,5:00,12:00
Tompaso Baru Hub,5:00,13:00
Tompobulu Hub,5:00,13:00
Tompobulu Kab. Bantaeng Hub,5:00,13:00
Tondano Selatan Hub,5:00,13:00
Tongkuno Hub,5:00,12:00
Topoyo Hub,5:00,13:00
Toroh Hub,5:00,14:00
Tosari Hub,5:00,14:00
Towuti Hub,5:00,13:00
Trangkil Hub,5:00,14:00
Trenggalek Hub,5:00,14:00
Triharjo Hub,5:00,14:00
Trisi Terisi Hub,5:00,14:00
Trucuk Hub,5:00,14:00
Tualang Hub,5:00,13:00
Tuban Hub,5:00,14:00
Tuhemberua Hub,5:00,13:00
Tukak Sadai Hub,5:00,13:00
Tulakan Hub,5:00,14:00
Tulang Bawang Tengah Hub,5:00,13:00
Tulang Bawang Udik Hub,5:00,13:00
Tulis Hub,5:00,14:00
Tulungagung Hub,5:00,14:00
Tulus Ayu Hub,5:00,13:00
Tumbang Titi Hub,5:00,13:00
Tuminting 2 Hub,5:00,13:00
Tuminting Hub,5:00,13:00
Tumpang Hub,5:00,14:00
Tungkal Ilir Kab. Banyuasin Hub,5:00,13:00
Tungkal Jaya 3 Hub,5:00,12:00
Tungkal Jaya Hub,5:00,12:00
Tunjungan Hub,5:00,14:00
Tuntang Hub,5:00,14:00
Turikale Hub,5:00,13:00
Tutur Hub,5:00,14:00
Tutuyan Hub,5:00,13:00
Ubud Hub,5:00,13:00
Ujan Mas Hub,5:00,13:00
Ujung Batu Hub,5:00,13:00
Ujung Bulu Hub,5:00,6:30
Ujung Padang Hub,5:00,13:00
Ujung Tanjung Hub,5:00,12:00
Ulakan Tapakih Tapakis Hub,5:00,13:00
Ulee Kareng 3 Hub,5:00,13:00
Ulok Kupai Hub,5:00,13:00
Ulu Barumun Hub,5:00,13:00
Ulu Musi Hub,5:00,12:00
Ulu Rawas Hub,5:00,13:00
Ulubelu Hub,5:00,12:00
Ulujadi Hub,5:00,13:00
Ulujami Hub,5:00,14:00
Uluwatu Hub,5:00,13:00
Umbulharjo Hub,5:00,14:00
Unaaha Hub,5:00,12:00
Ungaran Hub,5:00,14:00
Ungaran Timur Hub,5:00,14:00
Unter Iwes (Unterwiris) Hub,5:00,13:00
Ureifasei Hub,5:00,13:00
Utan Hub,5:00,13:00
V Koto Kampung Dalam Hub,5:00,13:00
VII Koto Hub,5:00,12:00
VII Koto Sungai Sarik Hub,5:00,13:00
Virtual LM Alun Hub,5:00,13:00
